alert_id,entity_id,asset_id,severity,category,detection_source,status,created_at,acknowledged_at,closed_at,recurrence_key,is_true_positive
ALR-000001,ENT-01,AST-00007,MEDIUM,POLICY_VIOLATION,EMAIL_GATEWAY,CLOSED,2024-01-02 15:15:22.302754+00:00,2024-01-02 15:37:34.299889+00:00,2024-01-02 17:06:06.548965+00:00,,False
ALR-000002,ENT-01,AST-00056,LOW,POLICY_VIOLATION,CLOUD_MONITOR,ACKNOWLEDGED,2024-01-26 06:55:10.672659+00:00,2024-01-26 09:20:47.887822+00:00,,,
ALR-000003,ENT-01,AST-00025,CRITICAL,MALWARE,CLOUD_MONITOR,CLOSED,2024-01-25 09:37:25.780701+00:00,2024-01-25 09:40:19.680195+00:00,2024-01-25 15:04:39.461259+00:00,,True
ALR-000004,ENT-01,AST-00008,LOW,MALWARE,NETWORK_IDS,SUPPRESSED,2024-01-24 04:04:31.545373+00:00,,,,
ALR-000005,ENT-01,AST-00013,MEDIUM,UNAUTHORIZED_ACCESS,CLOUD_MONITOR,CLOSED,2024-01-18 05:51:25.445031+00:00,2024-01-18 06:11:51.088675+00:00,2024-01-18 06:53:47.772667+00:00,RK-AST-00013-UNAUTHORIZED_ACCESS,True
ALR-000006,ENT-01,AST-00015,HIGH,PHISHING,EMAIL_GATEWAY,ACKNOWLEDGED,2024-01-01 01:33:24.343040+00:00,2024-01-01 01:55:34.715175+00:00,,RK-AST-00015-PHISHING,
ALR-000007,ENT-01,AST-00018,CRITICAL,RECONNAISSANCE,CLOUD_MONITOR,CLOSED,2024-01-20 22:39:11.248708+00:00,2024-01-20 22:47:17.241868+00:00,2024-01-21 03:03:18.509286+00:00,,False
ALR-000008,ENT-01,AST-00048,LOW,PHISHING,EMAIL_GATEWAY,ACKNOWLEDGED,2024-01-16 14:48:23.721672+00:00,2024-01-16 16:59:28.254231+00:00,,,
ALR-000009,ENT-01,AST-00018,LOW,DATA_EXFILTRATION,ENDPOINT,NEW,2024-01-12 02:59:47.427810+00:00,,,,
ALR-000010,ENT-01,AST-00054,CRITICAL,ANOMALOUS_BEHAVIOR,CLOUD_MONITOR,CLOSED,2024-01-09 09:13:58.195112+00:00,2024-01-09 09:41:23.255663+00:00,2024-01-09 14:23:57.793536+00:00,,False
ALR-000011,ENT-01,AST-00044,MEDIUM,DATA_EXFILTRATION,ENDPOINT,CLOSED,2024-01-18 01:33:57.888579+00:00,2024-01-18 02:39:47.188203+00:00,2024-01-18 03:40:05.311771+00:00,,False
ALR-000012,ENT-01,AST-00047,LOW,POLICY_VIOLATION,THREAT_INTEL,CLOSED,2024-01-15 10:28:32.506355+00:00,2024-01-15 12:28:29.360132+00:00,2024-01-15 12:55:19.785104+00:00,RK-AST-00047-POLICY_VIOLATION,False
ALR-000013,ENT-01,AST-00055,MEDIUM,LATERAL_MOVEMENT,NETWORK_IDS,CLOSED,2024-01-14 12:08:25.358953+00:00,2024-01-14 12:42:04.782562+00:00,2024-01-14 13:17:53.085805+00:00,RK-AST-00055-LATERAL_MOVEMENT,False
ALR-000014,ENT-01,AST-00001,HIGH,LATERAL_MOVEMENT,CLOUD_MONITOR,CLOSED,2024-01-26 06:06:10.947475+00:00,2024-01-26 06:33:56.111391+00:00,2024-01-26 10:51:18.958173+00:00,RK-AST-00001-LATERAL_MOVEMENT,True
ALR-000015,ENT-01,AST-00012,HIGH,UNAUTHORIZED_ACCESS,ENDPOINT,CLOSED,2024-01-09 03:47:31.423028+00:00,2024-01-09 04:15:01.192632+00:00,2024-01-09 05:27:34.437964+00:00,,True
ALR-000016,ENT-01,AST-00001,LOW,ANOMALOUS_BEHAVIOR,CLOUD_MONITOR,ACKNOWLEDGED,2024-01-12 06:20:46.264711+00:00,2024-01-12 07:07:57.505123+00:00,,,
ALR-000017,ENT-01,AST-00039,LOW,UNAUTHORIZED_ACCESS,FIREWALL,ACKNOWLEDGED,2024-01-30 04:29:20.479594+00:00,2024-01-30 05:07:42.671592+00:00,,,
ALR-000018,ENT-01,AST-00005,MEDIUM,UNAUTHORIZED_ACCESS,ENDPOINT,ACKNOWLEDGED,2024-01-31 13:59:37.998010+00:00,2024-01-31 15:26:54.212269+00:00,,,
ALR-000019,ENT-01,AST-00054,CRITICAL,DATA_EXFILTRATION,CLOUD_MONITOR,CLOSED,2024-01-20 01:46:56.491464+00:00,2024-01-20 01:55:11.253410+00:00,2024-01-20 04:28:23.992262+00:00,RK-AST-00054-DATA_EXFILTRATION,True
ALR-000020,ENT-01,AST-00013,CRITICAL,PHISHING,FIREWALL,CLOSED,2024-01-19 05:30:53.819395+00:00,2024-01-19 05:32:31.977584+00:00,2024-01-19 12:22:40.580215+00:00,RK-AST-00013-PHISHING,True
ALR-000021,ENT-01,AST-00001,HIGH,LATERAL_MOVEMENT,CORRELATION,CLOSED,2024-01-16 07:18:42.862691+00:00,2024-01-16 07:36:09.301692+00:00,2024-01-16 09:06:55.584504+00:00,,False
ALR-000022,ENT-01,AST-00016,MEDIUM,ANOMALOUS_BEHAVIOR,THREAT_INTEL,CLOSED,2024-01-12 08:15:57.665301+00:00,2024-01-12 08:51:21.913101+00:00,2024-01-12 09:19:14.516394+00:00,,True
ALR-000023,ENT-01,AST-00049,MEDIUM,POLICY_VIOLATION,EMAIL_GATEWAY,CLOSED,2024-01-02 06:51:31.887521+00:00,2024-01-02 08:17:29.448010+00:00,2024-01-02 10:15:03.139836+00:00,,False
ALR-000024,ENT-01,AST-00015,CRITICAL,RECONNAISSANCE,NETWORK_IDS,CLOSED,2024-01-24 10:13:02.020395+00:00,2024-01-24 10:19:50.925298+00:00,2024-01-24 12:44:28.856323+00:00,,False
ALR-000025,ENT-01,AST-00054,HIGH,PHISHING,THREAT_INTEL,CLOSED,2024-01-10 08:36:31.616953+00:00,2024-01-10 08:53:25.844823+00:00,2024-01-10 12:55:56.713910+00:00,,False
ALR-000026,ENT-01,AST-00006,HIGH,MALWARE,CORRELATION,CLOSED,2024-01-25 04:16:18.178460+00:00,2024-01-25 04:32:48.477580+00:00,2024-01-25 06:57:19.204511+00:00,,False
ALR-000027,ENT-01,AST-00004,MEDIUM,POLICY_VIOLATION,CLOUD_MONITOR,ACKNOWLEDGED,2024-01-17 07:57:21.110360+00:00,2024-01-17 09:46:40.680754+00:00,,,
ALR-000028,ENT-01,AST-00038,LOW,MALWARE,CORRELATION,ACKNOWLEDGED,2024-01-07 08:20:30.629191+00:00,2024-01-07 09:05:21.508084+00:00,,,
ALR-000029,ENT-01,AST-00003,LOW,UNAUTHORIZED_ACCESS,BEHAVIOR_ANALYTICS,ACKNOWLEDGED,2024-01-27 02:18:54.485193+00:00,2024-01-27 04:15:41.083770+00:00,,,
ALR-000030,ENT-01,AST-00004,MEDIUM,MISCONFIGURATION,FIREWALL,ACKNOWLEDGED,2024-01-10 22:22:36.162650+00:00,2024-01-10 22:57:03.084901+00:00,,RK-AST-00004-MISCONFIGURATION,
ALR-000031,ENT-01,AST-00018,CRITICAL,DATA_EXFILTRATION,CORRELATION,CLOSED,2024-01-30 15:47:20.683794+00:00,2024-01-30 15:53:59.238049+00:00,2024-01-30 17:01:25.026660+00:00,,True
ALR-000032,ENT-01,AST-00023,LOW,PHISHING,CORRELATION,NEW,2024-01-20 20:47:59.646338+00:00,,,,
ALR-000033,ENT-01,AST-00002,MEDIUM,MISCONFIGURATION,NETWORK_IDS,ACKNOWLEDGED,2024-02-01 10:14:57.105154+00:00,2024-02-01 13:14:35.885360+00:00,,,
ALR-000034,ENT-01,AST-00032,MEDIUM,ANOMALOUS_BEHAVIOR,FIREWALL,CLOSED,2024-02-10 20:12:41.408026+00:00,2024-02-10 21:17:19.089288+00:00,2024-02-10 22:35:14.929800+00:00,,False
ALR-000035,ENT-01,AST-00027,LOW,MALWARE,FIREWALL,ACKNOWLEDGED,2024-02-14 19:26:18.318381+00:00,2024-02-14 20:43:06.718821+00:00,,,
ALR-000036,ENT-01,AST-00001,HIGH,LATERAL_MOVEMENT,ENDPOINT,CLOSED,2024-02-10 18:32:46.266976+00:00,2024-02-10 18:49:30.456245+00:00,2024-02-10 20:56:38.713606+00:00,RK-AST-00001-LATERAL_MOVEMENT,False
ALR-000037,ENT-01,AST-00046,CRITICAL,UNAUTHORIZED_ACCESS,ENDPOINT,CLOSED,2024-02-26 14:05:23.419373+00:00,2024-02-26 14:07:02.606393+00:00,2024-02-26 17:41:34.704631+00:00,,True
ALR-000038,ENT-01,AST-00010,MEDIUM,RECONNAISSANCE,THREAT_INTEL,CLOSED,2024-02-25 21:32:25.938143+00:00,2024-02-25 22:16:46.997095+00:00,2024-02-25 23:01:03.370740+00:00,,False
ALR-000039,ENT-01,AST-00018,LOW,PHISHING,ENDPOINT,ACKNOWLEDGED,2024-02-27 20:48:20.877198+00:00,2024-02-27 22:09:43.786816+00:00,,,
ALR-000040,ENT-01,AST-00042,HIGH,ANOMALOUS_BEHAVIOR,CLOUD_MONITOR,CLOSED,2024-02-27 21:01:49.416022+00:00,2024-02-27 21:27:13.607200+00:00,2024-02-27 22:37:06.607632+00:00,RK-AST-00042-ANOMALOUS_BEHAVIOR,False
ALR-000041,ENT-01,AST-00052,MEDIUM,POLICY_VIOLATION,NETWORK_IDS,CLOSED,2024-02-20 18:03:18.610906+00:00,2024-02-20 18:56:55.622987+00:00,2024-02-20 20:10:20.351500+00:00,,True
ALR-000042,ENT-01,AST-00031,CRITICAL,POLICY_VIOLATION,CORRELATION,CLOSED,2024-02-05 08:10:14.279075+00:00,2024-02-05 08:14:51.019939+00:00,2024-02-05 14:22:50.591308+00:00,,True
ALR-000043,ENT-01,AST-00031,HIGH,POLICY_VIOLATION,ENDPOINT,NEW,2024-02-03 05:56:09.354394+00:00,,,RK-AST-00031-POLICY_VIOLATION,
ALR-000044,ENT-01,AST-00032,MEDIUM,PHISHING,ENDPOINT,CLOSED,2024-02-07 17:05:35.925687+00:00,2024-02-07 17:39:07.202822+00:00,2024-02-07 19:10:02.167360+00:00,,False
ALR-000045,ENT-01,AST-00019,HIGH,DATA_EXFILTRATION,NETWORK_IDS,CLOSED,2024-02-21 18:26:24.006263+00:00,2024-02-21 18:48:31.208395+00:00,2024-02-21 19:41:18.428412+00:00,RK-AST-00019-DATA_EXFILTRATION,True
ALR-000046,ENT-01,AST-00005,HIGH,MALWARE,CORRELATION,CLOSED,2024-02-27 08:57:32.340864+00:00,2024-02-27 09:10:37.852143+00:00,2024-02-27 14:56:53.514932+00:00,,False
ALR-000047,ENT-01,AST-00014,HIGH,UNAUTHORIZED_ACCESS,CORRELATION,IN_INVESTIGATION,2024-02-05 15:45:54.856178+00:00,2024-02-05 16:04:22.950134+00:00,,,
ALR-000048,ENT-01,AST-00013,CRITICAL,POLICY_VIOLATION,NETWORK_IDS,CLOSED,2024-02-15 12:34:37.649357+00:00,2024-02-15 12:45:15.611267+00:00,2024-02-15 15:34:16.681750+00:00,,True
ALR-000049,ENT-01,AST-00054,HIGH,MISCONFIGURATION,NETWORK_IDS,CLOSED,2024-02-18 22:42:56.085513+00:00,2024-02-18 23:01:54.598210+00:00,2024-02-19 00:05:20.804510+00:00,,False
ALR-000050,ENT-01,AST-00017,MEDIUM,POLICY_VIOLATION,ENDPOINT,CLOSED,2024-02-26 17:21:52.909827+00:00,2024-02-26 18:47:51.843798+00:00,2024-02-26 19:15:36.127757+00:00,,True
ALR-000051,ENT-01,AST-00006,LOW,MALWARE,CORRELATION,CLOSED,2024-02-27 06:52:18.072852+00:00,2024-02-27 08:51:28.524663+00:00,2024-02-27 09:06:07.503206+00:00,RK-AST-00006-MALWARE,False
ALR-000052,ENT-01,AST-00014,LOW,MALWARE,FIREWALL,CLOSED,2024-02-25 11:42:07.145264+00:00,2024-02-25 13:58:12.880905+00:00,2024-02-25 14:14:14.219161+00:00,,False
ALR-000053,ENT-01,AST-00029,MEDIUM,PHISHING,ENDPOINT,CLOSED,2024-02-05 04:07:23.837963+00:00,2024-02-05 05:00:33.333986+00:00,2024-02-05 06:09:53.828924+00:00,,False
ALR-000054,ENT-01,AST-00018,LOW,UNAUTHORIZED_ACCESS,CORRELATION,ACKNOWLEDGED,2024-02-02 07:20:02.591948+00:00,2024-02-02 08:47:26.524074+00:00,,,
ALR-000055,ENT-01,AST-00024,MEDIUM,DATA_EXFILTRATION,ENDPOINT,ACKNOWLEDGED,2024-02-28 01:00:01.844754+00:00,2024-02-28 01:26:15.087176+00:00,,,
ALR-000056,ENT-01,AST-00028,HIGH,ANOMALOUS_BEHAVIOR,CLOUD_MONITOR,IN_INVESTIGATION,2024-02-16 10:46:37.042792+00:00,2024-02-16 11:17:08.171271+00:00,,,
ALR-000057,ENT-01,AST-00004,LOW,MALWARE,CLOUD_MONITOR,SUPPRESSED,2024-02-16 07:00:09.704617+00:00,,,,
ALR-000058,ENT-01,AST-00054,HIGH,PHISHING,CLOUD_MONITOR,CLOSED,2024-02-14 17:16:13.413202+00:00,2024-02-14 17:36:19.254812+00:00,2024-02-14 20:05:12.522510+00:00,,False
ALR-000059,ENT-01,AST-00023,MEDIUM,UNAUTHORIZED_ACCESS,EMAIL_GATEWAY,ACKNOWLEDGED,2024-02-23 02:13:44.424428+00:00,2024-02-23 02:40:57.674396+00:00,,,
ALR-000060,ENT-01,AST-00049,HIGH,MISCONFIGURATION,FIREWALL,CLOSED,2024-02-18 03:48:45.477445+00:00,2024-02-18 04:08:04.483119+00:00,2024-02-18 05:18:34.875568+00:00,,False
ALR-000061,ENT-01,AST-00032,MEDIUM,MISCONFIGURATION,ENDPOINT,ACKNOWLEDGED,2024-02-12 17:12:20.801169+00:00,2024-02-12 18:30:25.358968+00:00,,,
ALR-000062,ENT-01,AST-00006,LOW,ANOMALOUS_BEHAVIOR,EMAIL_GATEWAY,ACKNOWLEDGED,2024-03-06 18:52:29.512252+00:00,2024-03-06 20:46:38.896703+00:00,,,
ALR-000063,ENT-01,AST-00004,MEDIUM,MALWARE,NETWORK_IDS,CLOSED,2024-03-13 17:06:12.616520+00:00,2024-03-13 19:56:45.169585+00:00,2024-03-13 20:25:10.764875+00:00,,False
ALR-000064,ENT-01,AST-00049,HIGH,ANOMALOUS_BEHAVIOR,CLOUD_MONITOR,CLOSED,2024-03-14 01:36:26.814952+00:00,2024-03-14 01:47:27.159999+00:00,2024-03-14 04:13:37.457007+00:00,,False
ALR-000065,ENT-01,AST-00022,HIGH,RECONNAISSANCE,ENDPOINT,ACKNOWLEDGED,2024-03-16 00:03:42.854450+00:00,2024-03-16 00:19:18.876134+00:00,,,
ALR-000066,ENT-01,AST-00012,MEDIUM,ANOMALOUS_BEHAVIOR,NETWORK_IDS,CLOSED,2024-03-22 22:56:40.309705+00:00,2024-03-22 23:38:41.148808+00:00,2024-03-23 00:20:07.795282+00:00,,False
ALR-000067,ENT-01,AST-00039,CRITICAL,MISCONFIGURATION,ENDPOINT,CLOSED,2024-03-06 12:28:25.511661+00:00,2024-03-06 12:46:48.997257+00:00,2024-03-06 15:28:51.099744+00:00,,False
ALR-000068,ENT-01,AST-00001,CRITICAL,MISCONFIGURATION,EMAIL_GATEWAY,CLOSED,2024-03-05 10:41:44.269379+00:00,2024-03-05 10:52:11.124697+00:00,2024-03-05 15:09:58.093938+00:00,,True
ALR-000069,ENT-01,AST-00034,CRITICAL,PHISHING,CLOUD_MONITOR,CLOSED,2024-03-30 16:31:52.447277+00:00,2024-03-30 16:42:49.187244+00:00,2024-03-31 01:00:58.812717+00:00,,False
ALR-000070,ENT-01,AST-00054,HIGH,RECONNAISSANCE,CORRELATION,CLOSED,2024-03-26 12:58:39.144804+00:00,2024-03-26 13:15:10.810238+00:00,2024-03-26 15:28:43.359272+00:00,,False
ALR-000071,ENT-01,AST-00047,LOW,POLICY_VIOLATION,ENDPOINT,ACKNOWLEDGED,2024-03-07 17:13:21.721693+00:00,2024-03-07 18:11:59.403525+00:00,,RK-AST-00047-POLICY_VIOLATION,
ALR-000072,ENT-01,AST-00026,HIGH,UNAUTHORIZED_ACCESS,CORRELATION,CLOSED,2024-03-16 11:56:33.751632+00:00,2024-03-16 12:50:21.196203+00:00,2024-03-16 14:37:05.566349+00:00,RK-AST-00026-UNAUTHORIZED_ACCESS,False
ALR-000073,ENT-01,AST-00046,MEDIUM,UNAUTHORIZED_ACCESS,FIREWALL,ACKNOWLEDGED,2024-03-28 11:40:43.984956+00:00,2024-03-28 13:00:39.898441+00:00,,,
ALR-000074,ENT-01,AST-00049,CRITICAL,ANOMALOUS_BEHAVIOR,ENDPOINT,CLOSED,2024-03-12 23:20:48.544169+00:00,2024-03-12 23:26:15.459111+00:00,2024-03-13 01:08:19.668065+00:00,,False
ALR-000075,ENT-01,AST-00034,HIGH,ANOMALOUS_BEHAVIOR,EMAIL_GATEWAY,CLOSED,2024-03-02 23:15:04.492681+00:00,2024-03-02 23:39:23.966572+00:00,2024-03-03 00:58:13.938617+00:00,,False
ALR-000076,ENT-01,AST-00005,CRITICAL,UNAUTHORIZED_ACCESS,FIREWALL,CLOSED,2024-03-31 08:42:18.786745+00:00,2024-03-31 08:53:42.418912+00:00,2024-03-31 12:09:00.501687+00:00,,True
ALR-000077,ENT-01,AST-00045,LOW,DATA_EXFILTRATION,CLOUD_MONITOR,CLOSED,2024-03-28 05:43:42.218600+00:00,2024-03-28 07:28:27.839379+00:00,2024-03-28 07:50:51.702483+00:00,,False
ALR-000078,ENT-01,AST-00001,CRITICAL,UNAUTHORIZED_ACCESS,BEHAVIOR_ANALYTICS,CLOSED,2024-03-17 05:31:08.130656+00:00,2024-03-17 05:43:03.646994+00:00,2024-03-17 09:34:30.480707+00:00,,True
ALR-000079,ENT-01,AST-00034,CRITICAL,DATA_EXFILTRATION,NETWORK_IDS,NEW,2024-03-09 06:05:32.198565+00:00,,,,
ALR-000080,ENT-01,AST-00025,CRITICAL,UNAUTHORIZED_ACCESS,ENDPOINT,CLOSED,2024-03-22 07:45:03.743182+00:00,2024-03-22 07:54:38.463433+00:00,2024-03-22 13:44:54.286023+00:00,,True
ALR-000081,ENT-01,AST-00054,CRITICAL,LATERAL_MOVEMENT,CORRELATION,CLOSED,2024-03-20 03:36:44.980798+00:00,2024-03-20 03:43:35.875677+00:00,2024-03-20 09:18:05.006771+00:00,,True
ALR-000082,ENT-01,AST-00015,MEDIUM,UNAUTHORIZED_ACCESS,NETWORK_IDS,CLOSED,2024-03-31 05:04:30.775363+00:00,2024-03-31 05:29:40.470958+00:00,2024-03-31 05:47:34.362461+00:00,,True
ALR-000083,ENT-01,AST-00025,MEDIUM,PHISHING,CORRELATION,CLOSED,2024-03-01 17:32:04.459020+00:00,2024-03-01 18:32:17.180559+00:00,2024-03-01 19:15:54.345218+00:00,,False
ALR-000084,ENT-01,AST-00010,LOW,MALWARE,FIREWALL,CLOSED,2024-03-26 02:51:57.154715+00:00,2024-03-26 05:51:29.201632+00:00,2024-03-26 06:12:41.660731+00:00,,False
ALR-000085,ENT-01,AST-00032,MEDIUM,PHISHING,BEHAVIOR_ANALYTICS,CLOSED,2024-03-30 02:28:42.478120+00:00,2024-03-30 03:06:52.497903+00:00,2024-03-30 04:06:24.262413+00:00,,True
ALR-000086,ENT-01,AST-00029,LOW,MISCONFIGURATION,NETWORK_IDS,CLOSED,2024-03-28 11:41:11.815852+00:00,2024-03-28 13:57:43.239123+00:00,2024-03-28 14:41:19.655010+00:00,,False
ALR-000087,ENT-01,AST-00055,MEDIUM,RECONNAISSANCE,BEHAVIOR_ANALYTICS,CLOSED,2024-03-30 13:04:26.404483+00:00,2024-03-30 13:47:12.318383+00:00,2024-03-30 14:19:13.075420+00:00,,True
ALR-000088,ENT-01,AST-00057,HIGH,MISCONFIGURATION,BEHAVIOR_ANALYTICS,CLOSED,2024-03-26 13:27:39.084448+00:00,2024-03-26 14:28:27.079116+00:00,2024-03-26 16:09:02.837537+00:00,,False
ALR-000089,ENT-01,AST-00031,HIGH,UNAUTHORIZED_ACCESS,ENDPOINT,CLOSED,2024-03-07 13:30:47.782199+00:00,2024-03-07 13:56:44.637534+00:00,2024-03-07 14:22:09.803488+00:00,,True
ALR-000090,ENT-01,AST-00049,HIGH,MISCONFIGURATION,NETWORK_IDS,NEW,2024-03-07 10:03:32.067851+00:00,,,RK-AST-00049-MISCONFIGURATION,
ALR-000091,ENT-01,AST-00001,HIGH,PHISHING,CLOUD_MONITOR,CLOSED,2024-03-05 08:41:51.522401+00:00,2024-03-05 09:29:04.805363+00:00,2024-03-05 11:51:42.390855+00:00,RK-AST-00001-PHISHING,False
ALR-000092,ENT-01,AST-00054,LOW,UNAUTHORIZED_ACCESS,ENDPOINT,ACKNOWLEDGED,2024-03-18 12:55:36.433851+00:00,2024-03-18 15:32:44.086923+00:00,,,
ALR-000093,ENT-01,AST-00005,MEDIUM,PHISHING,ENDPOINT,CLOSED,2024-03-15 16:58:15.915770+00:00,2024-03-15 17:43:29.338295+00:00,2024-03-15 18:37:29.844146+00:00,RK-AST-00005-PHISHING,True
ALR-000094,ENT-01,AST-00003,CRITICAL,MISCONFIGURATION,CLOUD_MONITOR,CLOSED,2024-03-21 19:18:42.387715+00:00,2024-03-21 19:26:58.390040+00:00,2024-03-22 02:36:26.095700+00:00,,True
ALR-000095,ENT-01,AST-00051,LOW,DATA_EXFILTRATION,CLOUD_MONITOR,NEW,2024-04-16 15:08:27.222093+00:00,,,,
ALR-000096,ENT-01,AST-00038,CRITICAL,ANOMALOUS_BEHAVIOR,NETWORK_IDS,CLOSED,2024-04-13 18:23:28.767110+00:00,2024-04-13 18:33:15.035151+00:00,2024-04-14 00:03:12.990257+00:00,,True
ALR-000097,ENT-01,AST-00040,LOW,RECONNAISSANCE,BEHAVIOR_ANALYTICS,ACKNOWLEDGED,2024-04-21 12:01:12.801275+00:00,2024-04-21 14:06:55.051612+00:00,,,
ALR-000098,ENT-01,AST-00035,HIGH,RECONNAISSANCE,FIREWALL,CLOSED,2024-04-30 22:37:31.059259+00:00,2024-04-30 23:20:48.105821+00:00,2024-05-01 00:40:55.085343+00:00,,True
ALR-000099,ENT-01,AST-00031,MEDIUM,DATA_EXFILTRATION,EMAIL_GATEWAY,CLOSED,2024-04-23 00:58:41.264673+00:00,2024-04-23 04:37:44.176071+00:00,2024-04-23 05:50:46.264303+00:00,RK-AST-00031-DATA_EXFILTRATION,False
ALR-000100,ENT-01,AST-00005,LOW,POLICY_VIOLATION,CLOUD_MONITOR,ACKNOWLEDGED,2024-04-10 07:28:09.866521+00:00,2024-04-10 11:20:00.464577+00:00,,,
ALR-000101,ENT-01,AST-00058,MEDIUM,UNAUTHORIZED_ACCESS,EMAIL_GATEWAY,ACKNOWLEDGED,2024-04-17 02:34:52.125340+00:00,2024-04-17 03:00:54.172045+00:00,,,
ALR-000102,ENT-01,AST-00045,MEDIUM,MALWARE,FIREWALL,ACKNOWLEDGED,2024-04-17 02:11:01.584906+00:00,2024-04-17 03:34:20.410419+00:00,,RK-AST-00045-MALWARE,
ALR-000103,ENT-01,AST-00005,MEDIUM,PHISHING,CORRELATION,ACKNOWLEDGED,2024-04-20 19:33:56.047241+00:00,2024-04-20 20:19:10.180768+00:00,,RK-AST-00005-PHISHING,
ALR-000104,ENT-01,AST-00004,HIGH,MISCONFIGURATION,EMAIL_GATEWAY,CLOSED,2024-04-08 09:55:33.800671+00:00,2024-04-08 10:29:32.737558+00:00,2024-04-08 11:39:05.411056+00:00,,False
ALR-000105,ENT-01,AST-00003,LOW,DATA_EXFILTRATION,NETWORK_IDS,ACKNOWLEDGED,2024-04-04 10:55:58.449455+00:00,2024-04-04 11:32:27.145794+00:00,,,
ALR-000106,ENT-01,AST-00055,LOW,DATA_EXFILTRATION,THREAT_INTEL,ACKNOWLEDGED,2024-04-13 22:10:10.745781+00:00,2024-04-13 22:54:34.539209+00:00,,,
ALR-000107,ENT-01,AST-00043,MEDIUM,POLICY_VIOLATION,CORRELATION,CLOSED,2024-04-30 10:24:33.890740+00:00,2024-04-30 11:15:36.308173+00:00,2024-04-30 11:59:03.659594+00:00,,False
ALR-000108,ENT-01,AST-00035,LOW,RECONNAISSANCE,EMAIL_GATEWAY,CLOSED,2024-04-21 08:12:54.110200+00:00,2024-04-21 11:23:30.464829+00:00,2024-04-21 11:41:51.207351+00:00,,True
ALR-000109,ENT-01,AST-00020,MEDIUM,MISCONFIGURATION,BEHAVIOR_ANALYTICS,IN_INVESTIGATION,2024-04-23 10:22:26.329880+00:00,2024-04-23 11:05:48.398582+00:00,,,
ALR-000110,ENT-01,AST-00031,CRITICAL,LATERAL_MOVEMENT,BEHAVIOR_ANALYTICS,CLOSED,2024-04-21 08:44:37.384877+00:00,2024-04-21 08:54:13.104945+00:00,2024-04-21 13:01:46.477859+00:00,,True
ALR-000111,ENT-01,AST-00050,LOW,UNAUTHORIZED_ACCESS,FIREWALL,CLOSED,2024-04-07 03:29:37.489491+00:00,2024-04-07 04:10:55.268250+00:00,2024-04-07 04:38:35.391556+00:00,,True
ALR-000112,ENT-01,AST-00003,MEDIUM,MISCONFIGURATION,FIREWALL,NEW,2024-04-19 00:41:56.477548+00:00,,,,
ALR-000113,ENT-01,AST-00024,LOW,PHISHING,CORRELATION,NEW,2024-04-16 18:30:39.550129+00:00,,,,
ALR-000114,ENT-01,AST-00011,MEDIUM,MISCONFIGURATION,ENDPOINT,ACKNOWLEDGED,2024-04-08 08:54:12.435790+00:00,2024-04-08 09:42:29.187401+00:00,,,
ALR-000115,ENT-01,AST-00015,CRITICAL,LATERAL_MOVEMENT,CLOUD_MONITOR,CLOSED,2024-04-27 02:13:00.923497+00:00,2024-04-27 02:19:57.051819+00:00,2024-04-27 07:51:17.734062+00:00,,False
ALR-000116,ENT-01,AST-00013,MEDIUM,MALWARE,NETWORK_IDS,CLOSED,2024-04-11 22:31:56.252096+00:00,2024-04-11 23:29:50.501541+00:00,2024-04-12 00:12:32.258635+00:00,,False
ALR-000117,ENT-01,AST-00047,MEDIUM,UNAUTHORIZED_ACCESS,FIREWALL,ACKNOWLEDGED,2024-04-06 18:09:03.393098+00:00,2024-04-06 18:18:06.990424+00:00,,,
ALR-000118,ENT-01,AST-00045,MEDIUM,MALWARE,NETWORK_IDS,CLOSED,2024-04-08 12:14:25.823611+00:00,2024-04-08 12:26:25.733816+00:00,2024-04-08 13:13:27.796900+00:00,,True
ALR-000119,ENT-01,AST-00012,LOW,POLICY_VIOLATION,CLOUD_MONITOR,ACKNOWLEDGED,2024-04-20 06:49:25.314512+00:00,2024-04-20 09:25:45.982196+00:00,,RK-AST-00012-POLICY_VIOLATION,
ALR-000120,ENT-01,AST-00022,LOW,UNAUTHORIZED_ACCESS,NETWORK_IDS,NEW,2024-04-11 08:24:36.507528+00:00,,,,
ALR-000121,ENT-01,AST-00037,MEDIUM,POLICY_VIOLATION,ENDPOINT,CLOSED,2024-04-27 08:10:37.846844+00:00,2024-04-27 09:14:07.925770+00:00,2024-04-27 09:57:42.205737+00:00,,False
ALR-000122,ENT-01,AST-00005,LOW,MISCONFIGURATION,CLOUD_MONITOR,CLOSED,2024-04-08 10:34:36.004679+00:00,2024-04-08 13:01:52.431781+00:00,2024-04-08 13:14:48.061305+00:00,,False
ALR-000123,ENT-01,AST-00005,HIGH,PHISHING,CLOUD_MONITOR,CLOSED,2024-04-13 14:17:57.708778+00:00,2024-04-13 14:25:10.415327+00:00,2024-04-13 16:58:57.617968+00:00,,False
ALR-000124,ENT-01,AST-00030,MEDIUM,UNAUTHORIZED_ACCESS,CORRELATION,ACKNOWLEDGED,2024-04-11 11:07:50.856298+00:00,2024-04-11 12:36:13.966739+00:00,,RK-AST-00030-UNAUTHORIZED_ACCESS,
ALR-000125,ENT-01,AST-00001,CRITICAL,MISCONFIGURATION,CLOUD_MONITOR,CLOSED,2024-04-15 16:04:59.825782+00:00,2024-04-15 16:10:22.101795+00:00,2024-04-15 19:28:30.846606+00:00,,False
ALR-000126,ENT-01,AST-00050,LOW,UNAUTHORIZED_ACCESS,CORRELATION,NEW,2024-04-25 01:13:41.145204+00:00,,,,
ALR-000127,ENT-01,AST-00031,LOW,ANOMALOUS_BEHAVIOR,CORRELATION,NEW,2024-04-26 18:49:15.897185+00:00,,,,
ALR-000128,ENT-01,AST-00047,CRITICAL,MISCONFIGURATION,FIREWALL,CLOSED,2024-04-13 08:08:05.980121+00:00,2024-04-13 08:18:33.963083+00:00,2024-04-13 10:43:57.240599+00:00,,False
ALR-000129,ENT-01,AST-00027,MEDIUM,MALWARE,CLOUD_MONITOR,ACKNOWLEDGED,2024-04-13 13:37:30.862412+00:00,2024-04-13 15:29:15.234470+00:00,,RK-AST-00027-MALWARE,
ALR-000130,ENT-01,AST-00029,LOW,UNAUTHORIZED_ACCESS,ENDPOINT,NEW,2024-04-25 22:05:15.325386+00:00,,,,
ALR-000131,ENT-01,AST-00018,HIGH,RECONNAISSANCE,CLOUD_MONITOR,CLOSED,2024-04-19 14:07:50.177430+00:00,2024-04-19 14:26:10.312320+00:00,2024-04-19 16:33:20.845068+00:00,,True
ALR-000132,ENT-01,AST-00013,LOW,RECONNAISSANCE,ENDPOINT,ACKNOWLEDGED,2024-04-17 17:10:18.133317+00:00,2024-04-17 20:40:12.115443+00:00,,,
ALR-000133,ENT-01,AST-00015,MEDIUM,MALWARE,ENDPOINT,CLOSED,2024-04-26 23:01:09.258394+00:00,2024-04-27 00:10:47.896757+00:00,2024-04-27 00:47:21.071985+00:00,,False
ALR-000134,ENT-01,AST-00050,LOW,MALWARE,FIREWALL,ACKNOWLEDGED,2024-04-16 02:15:23.495453+00:00,2024-04-16 02:57:10.036567+00:00,,,
ALR-000135,ENT-01,AST-00049,CRITICAL,UNAUTHORIZED_ACCESS,CLOUD_MONITOR,CLOSED,2024-04-07 02:08:53.882969+00:00,2024-04-07 02:13:13.800674+00:00,2024-04-07 06:01:53.868498+00:00,,True
ALR-000136,ENT-01,AST-00054,CRITICAL,LATERAL_MOVEMENT,ENDPOINT,CLOSED,2024-05-09 19:37:39.508794+00:00,2024-05-09 19:45:50.292705+00:00,2024-05-09 21:10:50.638184+00:00,,True
ALR-000137,ENT-01,AST-00018,MEDIUM,MALWARE,FIREWALL,CLOSED,2024-05-29 10:16:21.057556+00:00,2024-05-29 11:09:09.208397+00:00,2024-05-29 11:50:53.799200+00:00,,False
ALR-000138,ENT-01,AST-00015,HIGH,DATA_EXFILTRATION,CLOUD_MONITOR,CLOSED,2024-05-24 10:52:33.019423+00:00,2024-05-24 12:05:48.242067+00:00,2024-05-24 13:41:30.042346+00:00,RK-AST-00015-DATA_EXFILTRATION,True
ALR-000139,ENT-01,AST-00020,LOW,RECONNAISSANCE,CORRELATION,ACKNOWLEDGED,2024-05-20 09:55:38.263685+00:00,2024-05-20 11:10:24.139957+00:00,,,
ALR-000140,ENT-01,AST-00055,MEDIUM,MALWARE,CORRELATION,CLOSED,2024-05-28 10:50:07.824752+00:00,2024-05-28 11:53:39.333697+00:00,2024-05-28 12:30:36.389906+00:00,,False
ALR-000141,ENT-01,AST-00040,MEDIUM,POLICY_VIOLATION,BEHAVIOR_ANALYTICS,NEW,2024-05-17 11:30:20.749374+00:00,,,,
ALR-000142,ENT-01,AST-00023,LOW,ANOMALOUS_BEHAVIOR,CLOUD_MONITOR,CLOSED,2024-05-28 10:55:55.908938+00:00,2024-05-28 12:23:11.346468+00:00,2024-05-28 12:36:38.944452+00:00,,False
ALR-000143,ENT-01,AST-00007,LOW,POLICY_VIOLATION,CLOUD_MONITOR,SUPPRESSED,2024-05-28 08:53:04.649890+00:00,,,,
ALR-000144,ENT-01,AST-00053,HIGH,MALWARE,ENDPOINT,CLOSED,2024-05-18 10:01:03.757789+00:00,2024-05-18 10:26:32.631081+00:00,2024-05-18 14:35:05.577948+00:00,,True
ALR-000145,ENT-01,AST-00023,LOW,POLICY_VIOLATION,CLOUD_MONITOR,ACKNOWLEDGED,2024-05-28 06:22:17.954915+00:00,2024-05-28 07:15:01.677782+00:00,,,
ALR-000146,ENT-01,AST-00029,LOW,MISCONFIGURATION,ENDPOINT,ACKNOWLEDGED,2024-05-24 16:36:16.440508+00:00,2024-05-24 18:05:48.902430+00:00,,,
ALR-000147,ENT-01,AST-00032,HIGH,ANOMALOUS_BEHAVIOR,ENDPOINT,CLOSED,2024-05-08 19:16:57.929665+00:00,2024-05-08 19:46:38.774904+00:00,2024-05-08 22:10:56.532472+00:00,,True
ALR-000148,ENT-01,AST-00022,LOW,PHISHING,CORRELATION,ACKNOWLEDGED,2024-05-25 03:45:05.285810+00:00,2024-05-25 08:55:13.173856+00:00,,RK-AST-00022-PHISHING,
ALR-000149,ENT-01,AST-00023,LOW,LATERAL_MOVEMENT,THREAT_INTEL,ACKNOWLEDGED,2024-05-26 16:36:30.858735+00:00,2024-05-26 17:09:06.563813+00:00,,,
ALR-000150,ENT-01,AST-00014,MEDIUM,RECONNAISSANCE,CORRELATION,CLOSED,2024-05-08 02:38:12.532555+00:00,2024-05-08 02:58:10.169432+00:00,2024-05-08 04:28:04.044974+00:00,,False
ALR-000151,ENT-01,AST-00010,LOW,POLICY_VIOLATION,ENDPOINT,ACKNOWLEDGED,2024-05-26 18:01:58.601463+00:00,2024-05-26 19:43:50.151149+00:00,,,
ALR-000152,ENT-01,AST-00011,CRITICAL,MISCONFIGURATION,EMAIL_GATEWAY,CLOSED,2024-05-08 09:58:43.162360+00:00,2024-05-08 10:03:02.969889+00:00,2024-05-08 13:08:02.626611+00:00,,True
ALR-000153,ENT-01,AST-00003,MEDIUM,LATERAL_MOVEMENT,BEHAVIOR_ANALYTICS,CLOSED,2024-05-10 05:22:16.862947+00:00,2024-05-10 06:20:11.435738+00:00,2024-05-10 07:02:50.150532+00:00,,False
ALR-000154,ENT-01,AST-00036,HIGH,MALWARE,THREAT_INTEL,CLOSED,2024-05-04 22:24:12.820870+00:00,2024-05-04 23:01:27.589792+00:00,2024-05-05 00:46:47.694719+00:00,,False
ALR-000155,ENT-01,AST-00053,LOW,ANOMALOUS_BEHAVIOR,ENDPOINT,ACKNOWLEDGED,2024-05-30 01:38:25.525787+00:00,2024-05-30 04:01:24.446850+00:00,,,
ALR-000156,ENT-01,AST-00031,MEDIUM,POLICY_VIOLATION,CLOUD_MONITOR,ACKNOWLEDGED,2024-05-05 10:38:50.580987+00:00,2024-05-05 13:29:12.783734+00:00,,,
ALR-000157,ENT-01,AST-00031,HIGH,UNAUTHORIZED_ACCESS,CLOUD_MONITOR,CLOSED,2024-05-14 17:07:41.845626+00:00,2024-05-14 17:35:03.777001+00:00,2024-05-14 19:18:45.763504+00:00,,True
ALR-000158,ENT-01,AST-00045,LOW,UNAUTHORIZED_ACCESS,ENDPOINT,ACKNOWLEDGED,2024-05-27 04:07:59.567962+00:00,2024-05-27 05:27:19.307952+00:00,,,
ALR-000159,ENT-01,AST-00005,MEDIUM,POLICY_VIOLATION,FIREWALL,ACKNOWLEDGED,2024-05-27 21:07:50.037773+00:00,2024-05-27 21:41:29.532758+00:00,,RK-AST-00005-POLICY_VIOLATION,
ALR-000160,ENT-01,AST-00027,LOW,ANOMALOUS_BEHAVIOR,CORRELATION,ACKNOWLEDGED,2024-05-05 17:14:13.710102+00:00,2024-05-05 19:04:40.311884+00:00,,,
ALR-000161,ENT-01,AST-00021,HIGH,RECONNAISSANCE,ENDPOINT,CLOSED,2024-05-15 00:41:00.804469+00:00,2024-05-15 00:58:20.175996+00:00,2024-05-15 02:57:54.533499+00:00,,False
ALR-000162,ENT-01,AST-00024,LOW,PHISHING,EMAIL_GATEWAY,CLOSED,2024-05-19 13:07:04.840854+00:00,2024-05-19 15:25:55.934572+00:00,2024-05-19 15:47:59.877777+00:00,,False
ALR-000163,ENT-01,AST-00027,HIGH,ANOMALOUS_BEHAVIOR,NETWORK_IDS,CLOSED,2024-05-06 05:59:02.217811+00:00,2024-05-06 06:13:14.500806+00:00,2024-05-06 07:04:33.947005+00:00,RK-AST-00027-ANOMALOUS_BEHAVIOR,True
ALR-000164,ENT-01,AST-00025,LOW,LATERAL_MOVEMENT,CORRELATION,CLOSED,2024-05-04 10:39:00.829109+00:00,2024-05-04 14:49:56.759825+00:00,2024-05-04 15:23:45.938849+00:00,,False
ALR-000165,ENT-01,AST-00043,LOW,MALWARE,NETWORK_IDS,ACKNOWLEDGED,2024-05-29 13:42:22.161105+00:00,2024-05-29 14:57:50.492408+00:00,,,
ALR-000166,ENT-01,AST-00037,MEDIUM,DATA_EXFILTRATION,ENDPOINT,ACKNOWLEDGED,2024-05-18 09:23:35.951346+00:00,2024-05-18 09:50:06.592384+00:00,,,
ALR-000167,ENT-01,AST-00024,MEDIUM,UNAUTHORIZED_ACCESS,NETWORK_IDS,ACKNOWLEDGED,2024-05-10 19:24:03.197543+00:00,2024-05-10 20:21:16.731166+00:00,,,
ALR-000168,ENT-01,AST-00042,LOW,ANOMALOUS_BEHAVIOR,ENDPOINT,ACKNOWLEDGED,2024-05-17 22:56:34.850839+00:00,2024-05-18 00:18:10.215155+00:00,,,
ALR-000169,ENT-01,AST-00020,HIGH,RECONNAISSANCE,CORRELATION,IN_INVESTIGATION,2024-06-12 01:46:21.782103+00:00,2024-06-12 02:51:01.695302+00:00,,,
ALR-000170,ENT-01,AST-00003,MEDIUM,MALWARE,ENDPOINT,CLOSED,2024-06-07 19:25:21.297972+00:00,2024-06-07 19:50:50.500414+00:00,2024-06-07 20:14:24.154629+00:00,,False
ALR-000171,ENT-01,AST-00005,MEDIUM,DATA_EXFILTRATION,NETWORK_IDS,ACKNOWLEDGED,2024-06-05 16:53:24.506492+00:00,2024-06-05 17:26:12.582554+00:00,,,
ALR-000172,ENT-01,AST-00027,LOW,PHISHING,CORRELATION,CLOSED,2024-06-15 06:43:55.854848+00:00,2024-06-15 08:33:52.982791+00:00,2024-06-15 08:52:02.103686+00:00,,False
ALR-000173,ENT-01,AST-00036,LOW,LATERAL_MOVEMENT,CORRELATION,ACKNOWLEDGED,2024-06-13 12:40:33.985849+00:00,2024-06-13 14:14:44.646246+00:00,,,
ALR-000174,ENT-01,AST-00020,HIGH,RECONNAISSANCE,NETWORK_IDS,CLOSED,2024-06-28 21:58:59.679967+00:00,2024-06-28 22:07:54.397125+00:00,2024-06-28 23:34:48.455535+00:00,,False
ALR-000175,ENT-01,AST-00057,HIGH,UNAUTHORIZED_ACCESS,CORRELATION,CLOSED,2024-06-19 17:36:46.104382+00:00,2024-06-19 18:25:42.731235+00:00,2024-06-19 19:52:11.744523+00:00,,True
ALR-000176,ENT-01,AST-00032,MEDIUM,MALWARE,ENDPOINT,CLOSED,2024-06-25 20:30:01.425618+00:00,2024-06-25 20:58:46.384402+00:00,2024-06-25 21:55:48.266761+00:00,,True
ALR-000177,ENT-01,AST-00054,CRITICAL,RECONNAISSANCE,EMAIL_GATEWAY,CLOSED,2024-06-01 00:11:21.216200+00:00,2024-06-01 00:29:20.000442+00:00,2024-06-01 02:35:50.628220+00:00,RK-AST-00054-RECONNAISSANCE,True
ALR-000178,ENT-01,AST-00015,MEDIUM,ANOMALOUS_BEHAVIOR,CORRELATION,CLOSED,2024-06-15 19:12:48.805381+00:00,2024-06-15 20:00:20.094128+00:00,2024-06-15 20:33:12.046822+00:00,RK-AST-00015-ANOMALOUS_BEHAVIOR,False
ALR-000179,ENT-01,AST-00013,MEDIUM,PHISHING,CORRELATION,ACKNOWLEDGED,2024-06-11 02:57:57.728200+00:00,2024-06-11 04:35:24.673898+00:00,,,
ALR-000180,ENT-01,AST-00021,CRITICAL,PHISHING,EMAIL_GATEWAY,CLOSED,2024-06-12 22:17:01.404723+00:00,2024-06-12 22:20:18.243166+00:00,2024-06-13 03:16:03.635321+00:00,RK-AST-00021-PHISHING,True
ALR-000181,ENT-01,AST-00040,MEDIUM,PHISHING,NETWORK_IDS,IN_INVESTIGATION,2024-06-07 09:10:35.844668+00:00,2024-06-07 09:58:53.566969+00:00,,,
ALR-000182,ENT-01,AST-00019,LOW,MISCONFIGURATION,CLOUD_MONITOR,SUPPRESSED,2024-06-11 22:54:48.426571+00:00,,,,
ALR-000183,ENT-01,AST-00006,MEDIUM,POLICY_VIOLATION,FIREWALL,CLOSED,2024-06-13 10:43:49.250136+00:00,2024-06-13 11:14:01.748416+00:00,2024-06-13 12:42:15.880194+00:00,RK-AST-00006-POLICY_VIOLATION,False
ALR-000184,ENT-01,AST-00052,HIGH,UNAUTHORIZED_ACCESS,NETWORK_IDS,ACKNOWLEDGED,2024-06-12 02:27:26.940705+00:00,2024-06-12 02:45:38.209156+00:00,,,
ALR-000185,ENT-01,AST-00003,CRITICAL,RECONNAISSANCE,CORRELATION,CLOSED,2024-06-17 21:48:56.531441+00:00,2024-06-17 21:56:14.252636+00:00,2024-06-18 02:23:17.151550+00:00,,False
ALR-000186,ENT-01,AST-00006,MEDIUM,MALWARE,BEHAVIOR_ANALYTICS,CLOSED,2024-06-16 06:42:33.543210+00:00,2024-06-16 07:32:10.948341+00:00,2024-06-16 08:21:46.794196+00:00,,False
ALR-000187,ENT-01,AST-00049,LOW,LATERAL_MOVEMENT,ENDPOINT,SUPPRESSED,2024-06-30 20:01:04.302712+00:00,,,,
ALR-000188,ENT-01,AST-00029,MEDIUM,RECONNAISSANCE,BEHAVIOR_ANALYTICS,CLOSED,2024-06-22 13:37:21.114579+00:00,2024-06-22 14:30:18.206563+00:00,2024-06-22 15:28:36.979370+00:00,,False
ALR-000189,ENT-01,AST-00035,HIGH,RECONNAISSANCE,CLOUD_MONITOR,CLOSED,2024-06-21 02:31:23.074284+00:00,2024-06-21 02:54:51.320854+00:00,2024-06-21 05:35:21.627918+00:00,,True
ALR-000190,ENT-01,AST-00058,MEDIUM,POLICY_VIOLATION,BEHAVIOR_ANALYTICS,CLOSED,2024-06-03 14:45:39.062372+00:00,2024-06-03 15:44:16.331132+00:00,2024-06-03 16:21:36.190548+00:00,,False
ALR-000191,ENT-01,AST-00025,CRITICAL,POLICY_VIOLATION,CORRELATION,CLOSED,2024-06-16 00:20:08.123842+00:00,2024-06-16 00:29:29.913920+00:00,2024-06-16 04:18:31.816572+00:00,,True
ALR-000192,ENT-01,AST-00001,MEDIUM,PHISHING,EMAIL_GATEWAY,ACKNOWLEDGED,2024-06-10 16:35:26.624428+00:00,2024-06-10 17:32:42.796801+00:00,,,
ALR-000193,ENT-01,AST-00034,LOW,RECONNAISSANCE,CORRELATION,SUPPRESSED,2024-06-20 10:32:14.874539+00:00,,,RK-AST-00034-RECONNAISSANCE,
ALR-000194,ENT-01,AST-00028,LOW,RECONNAISSANCE,EMAIL_GATEWAY,SUPPRESSED,2024-06-27 20:15:42.374797+00:00,,,,
ALR-000195,ENT-01,AST-00015,MEDIUM,PHISHING,FIREWALL,ACKNOWLEDGED,2024-06-11 14:12:49.818671+00:00,2024-06-11 14:56:35.946388+00:00,,,
ALR-000196,ENT-01,AST-00005,MEDIUM,RECONNAISSANCE,ENDPOINT,CLOSED,2024-06-20 21:14:16.641037+00:00,2024-06-20 21:35:48.350576+00:00,2024-06-20 22:01:06.571990+00:00,RK-AST-00005-RECONNAISSANCE,False
ALR-000197,ENT-01,AST-00022,HIGH,MALWARE,EMAIL_GATEWAY,CLOSED,2024-06-28 15:08:57.972202+00:00,2024-06-28 15:35:32.307756+00:00,2024-06-28 18:16:46.786074+00:00,,True
ALR-000198,ENT-01,AST-00023,CRITICAL,PHISHING,EMAIL_GATEWAY,CLOSED,2024-06-09 21:03:44.711226+00:00,2024-06-09 21:07:05.369668+00:00,2024-06-09 23:56:24.170908+00:00,,True
ALR-000199,ENT-01,AST-00049,HIGH,MISCONFIGURATION,NETWORK_IDS,CLOSED,2024-06-19 09:31:58.456524+00:00,2024-06-19 09:51:23.872399+00:00,2024-06-19 11:38:37.956160+00:00,,True
ALR-000200,ENT-02,AST-00085,MEDIUM,UNAUTHORIZED_ACCESS,THREAT_INTEL,ACKNOWLEDGED,2024-01-15 14:23:01.500097+00:00,2024-01-15 14:52:36.700037+00:00,,,
ALR-000201,ENT-02,AST-00077,MEDIUM,UNAUTHORIZED_ACCESS,FIREWALL,ACKNOWLEDGED,2024-01-04 17:02:53.584543+00:00,2024-01-04 17:58:47.203110+00:00,,RK-AST-00077-UNAUTHORIZED_ACCESS,
ALR-000202,ENT-02,AST-00063,LOW,RECONNAISSANCE,ENDPOINT,ACKNOWLEDGED,2024-01-12 00:20:03.663560+00:00,2024-01-12 02:24:18.359643+00:00,,,
ALR-000203,ENT-02,AST-00078,MEDIUM,RECONNAISSANCE,BEHAVIOR_ANALYTICS,IN_INVESTIGATION,2024-01-28 22:50:11.863173+00:00,2024-01-29 00:43:21.915974+00:00,,RK-AST-00078-RECONNAISSANCE,
ALR-000204,ENT-02,AST-00085,HIGH,RECONNAISSANCE,CORRELATION,CLOSED,2024-01-24 19:37:52.417597+00:00,2024-01-24 19:44:53.496947+00:00,2024-01-24 21:52:18.083034+00:00,RK-AST-00085-RECONNAISSANCE,False
ALR-000205,ENT-02,AST-00079,MEDIUM,PHISHING,CORRELATION,ACKNOWLEDGED,2024-01-26 17:11:47.064386+00:00,2024-01-26 17:35:29.167690+00:00,,,
ALR-000206,ENT-02,AST-00076,CRITICAL,UNAUTHORIZED_ACCESS,CORRELATION,CLOSED,2024-01-07 17:20:56.991086+00:00,2024-01-07 17:31:01.351026+00:00,2024-01-07 19:32:08.362722+00:00,,True
ALR-000207,ENT-02,AST-00082,HIGH,MISCONFIGURATION,NETWORK_IDS,CLOSED,2024-01-26 05:41:25.145098+00:00,2024-01-26 06:08:49.818179+00:00,2024-01-26 08:31:07.207901+00:00,,True
ALR-000208,ENT-02,AST-00068,MEDIUM,DATA_EXFILTRATION,CORRELATION,ACKNOWLEDGED,2024-01-06 10:51:02.799342+00:00,2024-01-06 11:04:45.071278+00:00,,,
ALR-000209,ENT-02,AST-00063,MEDIUM,POLICY_VIOLATION,THREAT_INTEL,ACKNOWLEDGED,2024-01-11 07:47:07.787948+00:00,2024-01-11 08:53:20.610074+00:00,,,
ALR-000210,ENT-02,AST-00069,CRITICAL,DATA_EXFILTRATION,BEHAVIOR_ANALYTICS,CLOSED,2024-01-09 10:04:10.413634+00:00,2024-01-09 10:15:27.713221+00:00,2024-01-09 17:35:20.610419+00:00,,True
ALR-000211,ENT-02,AST-00067,CRITICAL,DATA_EXFILTRATION,CORRELATION,CLOSED,2024-01-18 14:51:28.423485+00:00,2024-01-18 15:00:58.475329+00:00,2024-01-18 18:57:20.680609+00:00,,True
ALR-000212,ENT-02,AST-00064,LOW,UNAUTHORIZED_ACCESS,ENDPOINT,SUPPRESSED,2024-01-21 21:59:03.640559+00:00,,,,
ALR-000213,ENT-02,AST-00084,MEDIUM,DATA_EXFILTRATION,NETWORK_IDS,ACKNOWLEDGED,2024-01-21 05:14:59.060781+00:00,2024-01-21 05:40:17.635545+00:00,,,
ALR-000214,ENT-02,AST-00063,MEDIUM,PHISHING,BEHAVIOR_ANALYTICS,CLOSED,2024-01-19 17:00:45.063250+00:00,2024-01-19 21:05:27.022982+00:00,2024-01-19 21:42:45.816352+00:00,RK-AST-00063-PHISHING,False
ALR-000215,ENT-02,AST-00067,HIGH,RECONNAISSANCE,NETWORK_IDS,CLOSED,2024-02-10 18:11:20.135133+00:00,2024-02-10 18:46:47.688492+00:00,2024-02-10 19:18:31.734763+00:00,,False
ALR-000216,ENT-02,AST-00086,MEDIUM,PHISHING,EMAIL_GATEWAY,CLOSED,2024-02-12 08:59:28.194288+00:00,2024-02-12 10:28:46.149901+00:00,2024-02-12 11:14:03.638224+00:00,,False
ALR-000217,ENT-02,AST-00067,CRITICAL,PHISHING,EMAIL_GATEWAY,CLOSED,2024-02-04 04:39:26.356149+00:00,2024-02-04 04:47:32.078435+00:00,2024-02-04 07:01:33.906313+00:00,,True
ALR-000218,ENT-02,AST-00067,HIGH,LATERAL_MOVEMENT,CORRELATION,CLOSED,2024-02-28 05:37:56.102811+00:00,2024-02-28 05:47:20.438729+00:00,2024-02-28 07:28:21.426012+00:00,,False
ALR-000219,ENT-02,AST-00068,LOW,RECONNAISSANCE,NETWORK_IDS,IN_INVESTIGATION,2024-02-06 07:05:49.774927+00:00,2024-02-06 07:32:48.223728+00:00,,,
ALR-000220,ENT-02,AST-00068,LOW,MALWARE,NETWORK_IDS,ACKNOWLEDGED,2024-02-21 12:11:29.463767+00:00,2024-02-21 14:17:44.073339+00:00,,,
ALR-000221,ENT-02,AST-00079,MEDIUM,UNAUTHORIZED_ACCESS,BEHAVIOR_ANALYTICS,CLOSED,2024-02-21 18:13:13.013993+00:00,2024-02-21 18:44:07.581299+00:00,2024-02-21 21:15:16.464977+00:00,,False
ALR-000222,ENT-02,AST-00074,LOW,ANOMALOUS_BEHAVIOR,ENDPOINT,NEW,2024-02-26 10:07:11.830157+00:00,,,RK-AST-00074-ANOMALOUS_BEHAVIOR,
ALR-000223,ENT-02,AST-00075,MEDIUM,LATERAL_MOVEMENT,EMAIL_GATEWAY,NEW,2024-02-18 12:05:18.580795+00:00,,,RK-AST-00075-LATERAL_MOVEMENT,
ALR-000224,ENT-02,AST-00085,LOW,RECONNAISSANCE,EMAIL_GATEWAY,ACKNOWLEDGED,2024-02-24 05:27:27.591112+00:00,2024-02-24 08:44:15.562699+00:00,,,
ALR-000225,ENT-02,AST-00060,MEDIUM,UNAUTHORIZED_ACCESS,BEHAVIOR_ANALYTICS,CLOSED,2024-02-07 05:32:18.043834+00:00,2024-02-07 06:54:59.760160+00:00,2024-02-07 07:33:05.928274+00:00,,False
ALR-000226,ENT-02,AST-00085,MEDIUM,UNAUTHORIZED_ACCESS,FIREWALL,CLOSED,2024-02-20 17:29:29.952257+00:00,2024-02-20 17:47:09.444978+00:00,2024-02-20 18:25:38.956098+00:00,RK-AST-00085-UNAUTHORIZED_ACCESS,False
ALR-000227,ENT-02,AST-00084,LOW,PHISHING,CLOUD_MONITOR,ACKNOWLEDGED,2024-02-11 05:07:24.005857+00:00,2024-02-11 06:22:07.186956+00:00,,,
ALR-000228,ENT-02,AST-00075,LOW,LATERAL_MOVEMENT,FIREWALL,CLOSED,2024-02-04 02:41:48.401145+00:00,2024-02-04 04:18:18.464216+00:00,2024-02-04 04:31:01.671518+00:00,,False
ALR-000229,ENT-02,AST-00063,HIGH,ANOMALOUS_BEHAVIOR,FIREWALL,CLOSED,2024-02-18 19:48:06.836085+00:00,2024-02-18 20:08:54.413223+00:00,2024-02-18 21:21:09.484875+00:00,RK-AST-00063-ANOMALOUS_BEHAVIOR,True
ALR-000230,ENT-02,AST-00079,HIGH,PHISHING,BEHAVIOR_ANALYTICS,CLOSED,2024-03-25 22:11:02.933358+00:00,2024-03-25 22:20:03.924082+00:00,2024-03-25 23:39:45.225743+00:00,,True
ALR-000231,ENT-02,AST-00082,CRITICAL,POLICY_VIOLATION,CORRELATION,CLOSED,2024-03-09 03:50:09.851371+00:00,2024-03-09 04:03:01.835156+00:00,2024-03-09 06:54:49.659841+00:00,RK-AST-00082-POLICY_VIOLATION,False
ALR-000232,ENT-02,AST-00071,HIGH,MISCONFIGURATION,FIREWALL,CLOSED,2024-03-28 02:18:50.097206+00:00,2024-03-28 02:55:01.171226+00:00,2024-03-28 04:38:53.923572+00:00,,True
ALR-000233,ENT-02,AST-00065,LOW,UNAUTHORIZED_ACCESS,CORRELATION,ACKNOWLEDGED,2024-03-24 00:56:30.369705+00:00,2024-03-24 02:24:54.416811+00:00,,,
ALR-000234,ENT-02,AST-00062,HIGH,MISCONFIGURATION,ENDPOINT,CLOSED,2024-03-22 09:02:03.503980+00:00,2024-03-22 09:43:27.460844+00:00,2024-03-22 10:51:02.358863+00:00,RK-AST-00062-MISCONFIGURATION,False
ALR-000235,ENT-02,AST-00062,MEDIUM,ANOMALOUS_BEHAVIOR,ENDPOINT,CLOSED,2024-03-18 06:13:43.360505+00:00,2024-03-18 07:30:46.651010+00:00,2024-03-18 08:03:07.209738+00:00,,False
ALR-000236,ENT-02,AST-00076,CRITICAL,UNAUTHORIZED_ACCESS,ENDPOINT,CLOSED,2024-03-27 23:42:46.232064+00:00,2024-03-27 23:48:12.097765+00:00,2024-03-28 04:01:42.336875+00:00,,True
ALR-000237,ENT-02,AST-00076,HIGH,POLICY_VIOLATION,FIREWALL,CLOSED,2024-03-30 16:05:27.698133+00:00,2024-03-30 16:25:36.164989+00:00,2024-03-30 18:46:02.173666+00:00,,True
ALR-000238,ENT-02,AST-00079,HIGH,MALWARE,ENDPOINT,CLOSED,2024-03-25 03:23:06.111333+00:00,2024-03-25 03:36:10.297382+00:00,2024-03-25 05:50:28.301889+00:00,,False
ALR-000239,ENT-02,AST-00079,MEDIUM,MALWARE,ENDPOINT,ACKNOWLEDGED,2024-03-24 21:58:05.533390+00:00,2024-03-25 00:03:57.779180+00:00,,,
ALR-000240,ENT-02,AST-00076,HIGH,MALWARE,ENDPOINT,IN_INVESTIGATION,2024-03-09 08:13:23.435665+00:00,2024-03-09 09:08:29.780542+00:00,,,
ALR-000241,ENT-02,AST-00060,LOW,RECONNAISSANCE,ENDPOINT,ACKNOWLEDGED,2024-03-19 19:31:29.762547+00:00,2024-03-20 02:05:19.427729+00:00,,RK-AST-00060-RECONNAISSANCE,
ALR-000242,ENT-02,AST-00065,MEDIUM,POLICY_VIOLATION,NETWORK_IDS,IN_INVESTIGATION,2024-03-29 13:17:20.308215+00:00,2024-03-29 13:42:56.998240+00:00,,,
ALR-000243,ENT-02,AST-00077,CRITICAL,MISCONFIGURATION,EMAIL_GATEWAY,CLOSED,2024-03-12 21:15:27.231500+00:00,2024-03-12 21:17:39.095760+00:00,2024-03-13 01:33:06.784126+00:00,RK-AST-00077-MISCONFIGURATION,False
ALR-000244,ENT-02,AST-00076,CRITICAL,POLICY_VIOLATION,FIREWALL,CLOSED,2024-03-03 17:05:03.696447+00:00,2024-03-03 17:10:33.116677+00:00,2024-03-03 18:40:37.888316+00:00,,True
ALR-000245,ENT-02,AST-00077,MEDIUM,MISCONFIGURATION,BEHAVIOR_ANALYTICS,CLOSED,2024-03-01 01:08:38.448418+00:00,2024-03-01 02:16:25.439474+00:00,2024-03-01 03:01:01.886752+00:00,RK-AST-00077-MISCONFIGURATION,False
ALR-000246,ENT-02,AST-00059,MEDIUM,DATA_EXFILTRATION,BEHAVIOR_ANALYTICS,NEW,2024-03-12 14:40:24.062147+00:00,,,,
ALR-000247,ENT-02,AST-00064,LOW,POLICY_VIOLATION,THREAT_INTEL,ACKNOWLEDGED,2024-03-10 17:27:30.472274+00:00,2024-03-10 19:20:35.142683+00:00,,,
ALR-000248,ENT-02,AST-00079,MEDIUM,MISCONFIGURATION,ENDPOINT,CLOSED,2024-03-05 10:37:34.543270+00:00,2024-03-05 11:26:23.090895+00:00,2024-03-05 12:36:51.201935+00:00,RK-AST-00079-MISCONFIGURATION,False
ALR-000249,ENT-02,AST-00079,MEDIUM,MISCONFIGURATION,NETWORK_IDS,CLOSED,2024-04-08 16:43:42.492823+00:00,2024-04-08 17:12:57.895857+00:00,2024-04-08 18:06:30.953038+00:00,,True
ALR-000250,ENT-02,AST-00076,MEDIUM,RECONNAISSANCE,ENDPOINT,CLOSED,2024-04-10 13:17:02.322634+00:00,2024-04-10 14:02:26.369709+00:00,2024-04-10 14:51:21.175124+00:00,,True
ALR-000251,ENT-02,AST-00062,CRITICAL,MALWARE,ENDPOINT,CLOSED,2024-04-09 18:10:27.693188+00:00,2024-04-09 18:13:58.954928+00:00,2024-04-09 21:42:11.935510+00:00,,True
ALR-000252,ENT-02,AST-00067,MEDIUM,PHISHING,EMAIL_GATEWAY,CLOSED,2024-04-25 09:42:05.346969+00:00,2024-04-25 10:48:30.268077+00:00,2024-04-25 11:37:05.945549+00:00,,False
ALR-000253,ENT-02,AST-00086,HIGH,PHISHING,ENDPOINT,CLOSED,2024-04-27 21:08:48.543888+00:00,2024-04-27 21:42:29.711688+00:00,2024-04-27 22:19:23.506130+00:00,,False
ALR-000254,ENT-02,AST-00079,MEDIUM,LATERAL_MOVEMENT,CLOUD_MONITOR,ACKNOWLEDGED,2024-04-21 11:30:42.937486+00:00,2024-04-21 12:40:56.149461+00:00,,,
ALR-000255,ENT-02,AST-00068,HIGH,UNAUTHORIZED_ACCESS,ENDPOINT,CLOSED,2024-04-11 13:28:49.023238+00:00,2024-04-11 13:55:06.640913+00:00,2024-04-11 15:09:05.133471+00:00,,False
ALR-000256,ENT-02,AST-00076,CRITICAL,DATA_EXFILTRATION,ENDPOINT,CLOSED,2024-04-22 20:57:09.467488+00:00,2024-04-22 21:04:39.487741+00:00,2024-04-22 23:13:19.490059+00:00,,False
ALR-000257,ENT-02,AST-00086,CRITICAL,LATERAL_MOVEMENT,THREAT_INTEL,CLOSED,2024-04-10 15:44:25.535249+00:00,2024-04-10 15:49:18.302575+00:00,2024-04-10 17:10:27.593393+00:00,RK-AST-00086-LATERAL_MOVEMENT,True
ALR-000258,ENT-02,AST-00079,MEDIUM,UNAUTHORIZED_ACCESS,ENDPOINT,NEW,2024-04-24 22:26:05.010774+00:00,,,RK-AST-00079-UNAUTHORIZED_ACCESS,
ALR-000259,ENT-02,AST-00085,LOW,UNAUTHORIZED_ACCESS,CORRELATION,CLOSED,2024-04-17 19:19:49.849370+00:00,2024-04-17 20:41:32.139907+00:00,2024-04-17 21:08:54.698836+00:00,,False
ALR-000260,ENT-02,AST-00066,HIGH,DATA_EXFILTRATION,ENDPOINT,CLOSED,2024-04-17 08:07:32.240641+00:00,2024-04-17 08:50:45.511454+00:00,2024-04-17 11:45:37.228796+00:00,,True
ALR-000261,ENT-02,AST-00078,HIGH,RECONNAISSANCE,CLOUD_MONITOR,CLOSED,2024-04-26 12:33:13.097204+00:00,2024-04-26 12:57:18.104832+00:00,2024-04-26 14:08:58.751291+00:00,,True
ALR-000262,ENT-02,AST-00079,MEDIUM,POLICY_VIOLATION,ENDPOINT,CLOSED,2024-04-01 06:16:40.670713+00:00,2024-04-01 07:25:37.757846+00:00,2024-04-01 09:09:32.756225+00:00,,False
ALR-000263,ENT-02,AST-00084,MEDIUM,POLICY_VIOLATION,THREAT_INTEL,CLOSED,2024-04-01 11:08:11.915438+00:00,2024-04-01 12:58:30.943024+00:00,2024-04-01 13:21:05.740129+00:00,,False
ALR-000264,ENT-02,AST-00077,MEDIUM,RECONNAISSANCE,EMAIL_GATEWAY,ACKNOWLEDGED,2024-04-28 19:40:15.273985+00:00,2024-04-28 20:58:31.019656+00:00,,,
ALR-000265,ENT-02,AST-00063,LOW,DATA_EXFILTRATION,CORRELATION,ACKNOWLEDGED,2024-04-20 09:41:04.885680+00:00,2024-04-20 11:37:19.955889+00:00,,RK-AST-00063-DATA_EXFILTRATION,
ALR-000266,ENT-02,AST-00081,MEDIUM,UNAUTHORIZED_ACCESS,CORRELATION,ACKNOWLEDGED,2024-04-15 04:48:46.449756+00:00,2024-04-15 05:03:20.780941+00:00,,,
ALR-000267,ENT-02,AST-00067,LOW,MALWARE,CORRELATION,NEW,2024-05-12 03:58:55.065349+00:00,,,,
ALR-000268,ENT-02,AST-00077,LOW,PHISHING,CORRELATION,NEW,2024-05-13 15:02:25.541796+00:00,,,,
ALR-000269,ENT-02,AST-00079,MEDIUM,UNAUTHORIZED_ACCESS,NETWORK_IDS,ACKNOWLEDGED,2024-05-26 07:01:04.977567+00:00,2024-05-26 07:36:56.778327+00:00,,,
ALR-000270,ENT-02,AST-00082,MEDIUM,UNAUTHORIZED_ACCESS,CLOUD_MONITOR,CLOSED,2024-05-31 13:05:14.545547+00:00,2024-05-31 13:57:02.394525+00:00,2024-05-31 15:10:46.098462+00:00,,False
ALR-000271,ENT-02,AST-00077,LOW,POLICY_VIOLATION,THREAT_INTEL,CLOSED,2024-05-14 09:32:23.937095+00:00,2024-05-14 11:02:19.702401+00:00,2024-05-14 11:25:44.797638+00:00,RK-AST-00077-POLICY_VIOLATION,False
ALR-000272,ENT-02,AST-00079,MEDIUM,MALWARE,CLOUD_MONITOR,CLOSED,2024-05-15 20:50:22.709426+00:00,2024-05-15 21:52:34.072221+00:00,2024-05-15 23:40:01.895799+00:00,,False
ALR-000273,ENT-02,AST-00077,MEDIUM,MISCONFIGURATION,CLOUD_MONITOR,NEW,2024-05-26 15:30:40.384921+00:00,,,RK-AST-00077-MISCONFIGURATION,
ALR-000274,ENT-02,AST-00068,LOW,LATERAL_MOVEMENT,FIREWALL,CLOSED,2024-05-19 13:32:40.381769+00:00,2024-05-19 14:58:11.222592+00:00,2024-05-19 15:25:23.976334+00:00,,False
ALR-000275,ENT-02,AST-00079,MEDIUM,MISCONFIGURATION,CLOUD_MONITOR,IN_INVESTIGATION,2024-05-06 16:25:56.157565+00:00,2024-05-06 17:08:06.594192+00:00,,,
ALR-000276,ENT-02,AST-00062,LOW,UNAUTHORIZED_ACCESS,EMAIL_GATEWAY,ACKNOWLEDGED,2024-05-07 15:13:22.590287+00:00,2024-05-07 18:24:39.888049+00:00,,,
ALR-000277,ENT-02,AST-00085,MEDIUM,POLICY_VIOLATION,CLOUD_MONITOR,CLOSED,2024-05-20 02:47:38.669537+00:00,2024-05-20 03:18:31.985799+00:00,2024-05-20 03:51:07.096331+00:00,,False
ALR-000278,ENT-02,AST-00076,LOW,PHISHING,BEHAVIOR_ANALYTICS,NEW,2024-05-23 20:43:22.077970+00:00,,,,
ALR-000279,ENT-02,AST-00063,CRITICAL,MALWARE,CORRELATION,NEW,2024-05-21 13:07:07.065762+00:00,,,,
ALR-000280,ENT-02,AST-00059,LOW,DATA_EXFILTRATION,BEHAVIOR_ANALYTICS,ACKNOWLEDGED,2024-05-27 16:47:36.673675+00:00,2024-05-27 18:46:16.376224+00:00,,,
ALR-000281,ENT-02,AST-00067,LOW,PHISHING,THREAT_INTEL,CLOSED,2024-05-18 01:36:52.962970+00:00,2024-05-18 05:57:01.475007+00:00,2024-05-18 06:23:16.256854+00:00,RK-AST-00067-PHISHING,False
ALR-000282,ENT-02,AST-00073,LOW,MALWARE,NETWORK_IDS,SUPPRESSED,2024-06-10 13:12:59.327303+00:00,,,RK-AST-00073-MALWARE,
ALR-000283,ENT-02,AST-00059,MEDIUM,ANOMALOUS_BEHAVIOR,ENDPOINT,IN_INVESTIGATION,2024-06-03 13:01:44.417814+00:00,2024-06-03 13:47:17.667625+00:00,,,
ALR-000284,ENT-02,AST-00063,LOW,PHISHING,CLOUD_MONITOR,NEW,2024-06-06 15:25:05.310066+00:00,,,,
ALR-000285,ENT-02,AST-00085,HIGH,MISCONFIGURATION,CLOUD_MONITOR,CLOSED,2024-06-24 04:37:22.327514+00:00,2024-06-24 05:09:54.253499+00:00,2024-06-24 05:53:47.678931+00:00,,False
ALR-000286,ENT-02,AST-00066,LOW,UNAUTHORIZED_ACCESS,ENDPOINT,ACKNOWLEDGED,2024-06-06 00:44:43.072532+00:00,2024-06-06 03:36:39.444381+00:00,,,
ALR-000287,ENT-02,AST-00059,HIGH,ANOMALOUS_BEHAVIOR,FIREWALL,CLOSED,2024-06-12 02:24:00.368482+00:00,2024-06-12 03:04:27.043559+00:00,2024-06-12 05:45:15.913544+00:00,,True
ALR-000288,ENT-02,AST-00085,HIGH,UNAUTHORIZED_ACCESS,BEHAVIOR_ANALYTICS,IN_INVESTIGATION,2024-06-03 19:07:14.427383+00:00,2024-06-03 19:21:00.976853+00:00,,,
ALR-000289,ENT-02,AST-00086,HIGH,PHISHING,FIREWALL,ACKNOWLEDGED,2024-06-08 02:39:35.244856+00:00,2024-06-08 03:18:10.264999+00:00,,,
ALR-000290,ENT-02,AST-00061,HIGH,DATA_EXFILTRATION,NETWORK_IDS,CLOSED,2024-06-05 02:33:35.356438+00:00,2024-06-05 02:47:29.666125+00:00,2024-06-05 05:12:59.741664+00:00,,True
ALR-000291,ENT-02,AST-00079,CRITICAL,LATERAL_MOVEMENT,THREAT_INTEL,CLOSED,2024-06-28 23:15:09.100973+00:00,2024-06-28 23:20:36.179940+00:00,2024-06-29 00:56:27.504486+00:00,,True
ALR-000292,ENT-02,AST-00085,HIGH,MISCONFIGURATION,EMAIL_GATEWAY,CLOSED,2024-06-09 03:34:25.025254+00:00,2024-06-09 03:50:47.081150+00:00,2024-06-09 05:07:40.728899+00:00,,True
ALR-000293,ENT-02,AST-00071,LOW,POLICY_VIOLATION,FIREWALL,ACKNOWLEDGED,2024-06-07 17:46:22.914775+00:00,2024-06-07 21:49:04.296878+00:00,,RK-AST-00071-POLICY_VIOLATION,
ALR-000294,ENT-02,AST-00068,MEDIUM,MALWARE,EMAIL_GATEWAY,CLOSED,2024-06-05 23:47:16.243570+00:00,2024-06-06 00:33:23.119792+00:00,2024-06-06 01:06:20.103027+00:00,,True
ALR-000295,ENT-03,AST-00124,MEDIUM,DATA_EXFILTRATION,FIREWALL,CLOSED,2024-01-26 17:12:22.857680+00:00,2024-01-26 17:40:17.950485+00:00,2024-01-26 18:11:34.140404+00:00,,False
ALR-000296,ENT-03,AST-00131,MEDIUM,PHISHING,NETWORK_IDS,ACKNOWLEDGED,2024-01-07 21:47:15.306180+00:00,2024-01-07 22:34:18.948204+00:00,,RK-AST-00131-PHISHING,
ALR-000297,ENT-03,AST-00106,HIGH,PHISHING,CLOUD_MONITOR,CLOSED,2024-01-02 05:20:24.856368+00:00,2024-01-02 05:44:47.319340+00:00,2024-01-02 07:24:36.731620+00:00,RK-AST-00106-PHISHING,False
ALR-000298,ENT-03,AST-00119,LOW,DATA_EXFILTRATION,NETWORK_IDS,ACKNOWLEDGED,2024-01-09 10:34:03.077238+00:00,2024-01-09 12:24:34.092603+00:00,,,
ALR-000299,ENT-03,AST-00090,LOW,UNAUTHORIZED_ACCESS,NETWORK_IDS,CLOSED,2024-01-28 02:58:06.393450+00:00,2024-01-28 05:33:11.128829+00:00,2024-01-28 06:04:51.934313+00:00,,False
ALR-000300,ENT-03,AST-00109,MEDIUM,POLICY_VIOLATION,ENDPOINT,ACKNOWLEDGED,2024-01-19 00:08:58.793017+00:00,2024-01-19 01:13:04.762084+00:00,,,
ALR-000301,ENT-03,AST-00130,CRITICAL,PHISHING,CORRELATION,CLOSED,2024-01-30 18:20:17.165277+00:00,2024-01-30 18:25:53.582852+00:00,2024-01-30 23:15:29.051574+00:00,,False
ALR-000302,ENT-03,AST-00124,CRITICAL,MISCONFIGURATION,FIREWALL,IN_INVESTIGATION,2024-01-20 04:19:29.485413+00:00,2024-01-20 04:21:21.906540+00:00,,,
ALR-000303,ENT-03,AST-00096,MEDIUM,LATERAL_MOVEMENT,ENDPOINT,NEW,2024-01-16 19:01:57.325591+00:00,,,,
ALR-000304,ENT-03,AST-00107,HIGH,ANOMALOUS_BEHAVIOR,CLOUD_MONITOR,CLOSED,2024-01-21 11:18:27.062536+00:00,2024-01-21 11:36:11.547668+00:00,2024-01-21 12:46:38.914373+00:00,,False
ALR-000305,ENT-03,AST-00130,CRITICAL,DATA_EXFILTRATION,FIREWALL,ACKNOWLEDGED,2024-01-11 05:01:04.888078+00:00,2024-01-11 05:07:54.200668+00:00,,,
ALR-000306,ENT-03,AST-00131,LOW,POLICY_VIOLATION,THREAT_INTEL,NEW,2024-01-09 16:00:01.382603+00:00,,,,
ALR-000307,ENT-03,AST-00126,MEDIUM,POLICY_VIOLATION,BEHAVIOR_ANALYTICS,ACKNOWLEDGED,2024-01-30 06:42:02.928674+00:00,2024-01-30 07:40:00.912927+00:00,,,
ALR-000308,ENT-03,AST-00098,CRITICAL,MALWARE,CORRELATION,CLOSED,2024-01-18 20:49:18.641631+00:00,2024-01-18 20:59:24.848084+00:00,2024-01-19 00:31:10.413141+00:00,,False
ALR-000309,ENT-03,AST-00118,CRITICAL,POLICY_VIOLATION,CORRELATION,CLOSED,2024-01-25 20:07:49.281836+00:00,2024-01-25 20:17:10.465600+00:00,2024-01-25 22:50:36.340104+00:00,,False
ALR-000310,ENT-03,AST-00115,MEDIUM,MISCONFIGURATION,ENDPOINT,CLOSED,2024-01-08 16:57:04.624054+00:00,2024-01-08 19:13:24.975648+00:00,2024-01-08 20:18:00.793237+00:00,,True
ALR-000311,ENT-03,AST-00091,LOW,UNAUTHORIZED_ACCESS,CLOUD_MONITOR,NEW,2024-01-02 17:48:28.584964+00:00,,,,
ALR-000312,ENT-03,AST-00098,MEDIUM,UNAUTHORIZED_ACCESS,NETWORK_IDS,ACKNOWLEDGED,2024-01-04 12:32:46.989326+00:00,2024-01-04 13:49:01.403873+00:00,,,
ALR-000313,ENT-03,AST-00088,HIGH,POLICY_VIOLATION,EMAIL_GATEWAY,CLOSED,2024-01-24 17:26:54.426757+00:00,2024-01-24 17:50:30.942331+00:00,2024-01-24 18:31:26.415413+00:00,RK-AST-00088-POLICY_VIOLATION,True
ALR-000314,ENT-03,AST-00095,LOW,MALWARE,NETWORK_IDS,ACKNOWLEDGED,2024-01-30 16:57:55.349058+00:00,2024-01-30 18:04:14.966890+00:00,,,
ALR-000315,ENT-03,AST-00121,HIGH,RECONNAISSANCE,CORRELATION,CLOSED,2024-01-23 10:28:12.678509+00:00,2024-01-23 10:44:26.500960+00:00,2024-01-23 11:37:02.366195+00:00,,False
ALR-000316,ENT-03,AST-00090,HIGH,LATERAL_MOVEMENT,NETWORK_IDS,ACKNOWLEDGED,2024-01-06 00:57:23.598544+00:00,2024-01-06 01:54:11.211015+00:00,,,
ALR-000317,ENT-03,AST-00089,LOW,POLICY_VIOLATION,ENDPOINT,SUPPRESSED,2024-01-05 14:52:18.597782+00:00,,,RK-AST-00089-POLICY_VIOLATION,
ALR-000318,ENT-03,AST-00114,MEDIUM,RECONNAISSANCE,CLOUD_MONITOR,CLOSED,2024-01-27 23:48:23.946925+00:00,2024-01-28 00:16:47.045881+00:00,2024-01-28 00:48:27.763176+00:00,,False
ALR-000319,ENT-03,AST-00129,HIGH,DATA_EXFILTRATION,CORRELATION,CLOSED,2024-01-24 10:48:44.700031+00:00,2024-01-24 11:21:47.220831+00:00,2024-01-24 12:58:32.401713+00:00,,True
ALR-000320,ENT-03,AST-00097,CRITICAL,MISCONFIGURATION,NETWORK_IDS,CLOSED,2024-01-11 05:25:39.888729+00:00,2024-01-11 05:31:13.463220+00:00,2024-01-11 07:50:52.334012+00:00,,False
ALR-000321,ENT-03,AST-00098,MEDIUM,POLICY_VIOLATION,NETWORK_IDS,CLOSED,2024-01-29 10:41:32.286330+00:00,2024-01-29 11:20:29.298272+00:00,2024-01-29 11:53:17.687257+00:00,RK-AST-00098-POLICY_VIOLATION,False
ALR-000322,ENT-03,AST-00124,HIGH,UNAUTHORIZED_ACCESS,ENDPOINT,CLOSED,2024-01-03 13:05:47.182898+00:00,2024-01-03 13:41:29.405367+00:00,2024-01-03 15:36:06.783098+00:00,RK-AST-00124-UNAUTHORIZED_ACCESS,True
ALR-000323,ENT-03,AST-00118,HIGH,MALWARE,CORRELATION,ACKNOWLEDGED,2024-01-22 11:25:29.526513+00:00,2024-01-22 11:54:21.528767+00:00,,,
ALR-000324,ENT-03,AST-00136,MEDIUM,POLICY_VIOLATION,ENDPOINT,CLOSED,2024-02-25 08:37:44.937329+00:00,2024-02-25 09:19:13.017124+00:00,2024-02-25 09:50:32.843976+00:00,RK-AST-00136-POLICY_VIOLATION,False
ALR-000325,ENT-03,AST-00128,LOW,RECONNAISSANCE,FIREWALL,NEW,2024-02-23 22:32:39.004926+00:00,,,RK-AST-00128-RECONNAISSANCE,
ALR-000326,ENT-03,AST-00125,MEDIUM,POLICY_VIOLATION,CORRELATION,CLOSED,2024-02-14 11:25:08.173720+00:00,2024-02-14 12:21:08.748530+00:00,2024-02-14 13:20:16.320839+00:00,,False
ALR-000327,ENT-03,AST-00097,MEDIUM,MALWARE,CORRELATION,ACKNOWLEDGED,2024-02-01 12:02:56.037458+00:00,2024-02-01 14:03:00.521775+00:00,,,
ALR-000328,ENT-03,AST-00105,LOW,PHISHING,EMAIL_GATEWAY,CLOSED,2024-02-20 02:11:14.892515+00:00,2024-02-20 03:05:53.812240+00:00,2024-02-20 03:17:02.035686+00:00,,False
ALR-000329,ENT-03,AST-00121,MEDIUM,PHISHING,FIREWALL,CLOSED,2024-02-18 14:27:25.407638+00:00,2024-02-18 14:50:33.325959+00:00,2024-02-18 16:41:33.843018+00:00,,False
ALR-000330,ENT-03,AST-00099,CRITICAL,ANOMALOUS_BEHAVIOR,ENDPOINT,ACKNOWLEDGED,2024-02-26 13:31:48.913349+00:00,2024-02-26 13:34:02.040919+00:00,,RK-AST-00099-ANOMALOUS_BEHAVIOR,
ALR-000331,ENT-03,AST-00097,MEDIUM,PHISHING,CLOUD_MONITOR,ACKNOWLEDGED,2024-02-04 19:51:44.360812+00:00,2024-02-04 20:49:36.735291+00:00,,,
ALR-000332,ENT-03,AST-00087,LOW,PHISHING,CORRELATION,CLOSED,2024-02-17 00:43:39.324603+00:00,2024-02-17 06:23:56.136655+00:00,2024-02-17 06:50:58.763595+00:00,,False
ALR-000333,ENT-03,AST-00107,LOW,MALWARE,ENDPOINT,CLOSED,2024-02-29 10:09:46.621249+00:00,2024-02-29 11:03:05.784396+00:00,2024-02-29 11:30:27.359304+00:00,,True
ALR-000334,ENT-03,AST-00120,MEDIUM,MISCONFIGURATION,NETWORK_IDS,CLOSED,2024-02-19 13:33:53.650630+00:00,2024-02-19 16:20:06.056917+00:00,2024-02-19 18:52:08.871149+00:00,,True
ALR-000335,ENT-03,AST-00103,MEDIUM,RECONNAISSANCE,EMAIL_GATEWAY,CLOSED,2024-02-15 03:29:47.795740+00:00,2024-02-15 04:05:09.921766+00:00,2024-02-15 06:30:01.547458+00:00,RK-AST-00103-RECONNAISSANCE,False
ALR-000336,ENT-03,AST-00090,HIGH,MALWARE,FIREWALL,CLOSED,2024-02-10 00:55:48.562006+00:00,2024-02-10 01:17:45.244513+00:00,2024-02-10 05:30:26.561310+00:00,,True
ALR-000337,ENT-03,AST-00090,MEDIUM,UNAUTHORIZED_ACCESS,CLOUD_MONITOR,CLOSED,2024-02-03 01:16:33.992493+00:00,2024-02-03 01:38:52.332743+00:00,2024-02-03 02:20:25.665601+00:00,,False
ALR-000338,ENT-03,AST-00110,HIGH,DATA_EXFILTRATION,CORRELATION,CLOSED,2024-02-14 05:49:01.939509+00:00,2024-02-14 06:04:18.732991+00:00,2024-02-14 07:31:23.187059+00:00,,False
ALR-000339,ENT-03,AST-00123,LOW,DATA_EXFILTRATION,BEHAVIOR_ANALYTICS,CLOSED,2024-02-16 17:38:13.160552+00:00,2024-02-16 20:06:16.441548+00:00,2024-02-16 20:25:28.021994+00:00,,False
ALR-000340,ENT-03,AST-00096,LOW,POLICY_VIOLATION,ENDPOINT,ACKNOWLEDGED,2024-02-12 08:06:07.844627+00:00,2024-02-12 09:22:12.120025+00:00,,,
ALR-000341,ENT-03,AST-00095,CRITICAL,MALWARE,CLOUD_MONITOR,CLOSED,2024-02-01 01:35:13.518190+00:00,2024-02-01 01:42:21.751523+00:00,2024-02-01 06:25:19.032231+00:00,,True
ALR-000342,ENT-03,AST-00095,MEDIUM,UNAUTHORIZED_ACCESS,CORRELATION,ACKNOWLEDGED,2024-02-25 04:05:37.959238+00:00,2024-02-25 04:34:18.352522+00:00,,RK-AST-00095-UNAUTHORIZED_ACCESS,
ALR-000343,ENT-03,AST-00124,MEDIUM,RECONNAISSANCE,CORRELATION,CLOSED,2024-02-13 23:22:53.674918+00:00,2024-02-14 00:27:17.600001+00:00,2024-02-14 00:56:24.066166+00:00,RK-AST-00124-RECONNAISSANCE,False
ALR-000344,ENT-03,AST-00094,LOW,MALWARE,FIREWALL,ACKNOWLEDGED,2024-02-26 10:56:47.974313+00:00,2024-02-26 13:10:49.205593+00:00,,,
ALR-000345,ENT-03,AST-00135,MEDIUM,ANOMALOUS_BEHAVIOR,THREAT_INTEL,CLOSED,2024-02-13 19:39:10.233934+00:00,2024-02-13 20:50:31.958441+00:00,2024-02-13 21:39:33.831624+00:00,,False
ALR-000346,ENT-03,AST-00124,LOW,MALWARE,ENDPOINT,CLOSED,2024-02-03 16:18:41.938484+00:00,2024-02-03 18:10:44.597003+00:00,2024-02-03 18:48:48.947570+00:00,,False
ALR-000347,ENT-03,AST-00100,LOW,MALWARE,ENDPOINT,CLOSED,2024-02-18 03:15:02.739634+00:00,2024-02-18 04:52:12.864036+00:00,2024-02-18 05:16:24.611278+00:00,,False
ALR-000348,ENT-03,AST-00100,LOW,MISCONFIGURATION,ENDPOINT,CLOSED,2024-02-24 15:19:22.536481+00:00,2024-02-24 17:55:43.137184+00:00,2024-02-24 18:20:47.163065+00:00,RK-AST-00100-MISCONFIGURATION,False
ALR-000349,ENT-03,AST-00122,MEDIUM,DATA_EXFILTRATION,ENDPOINT,CLOSED,2024-02-10 08:37:41.544027+00:00,2024-02-10 10:20:27.363273+00:00,2024-02-10 11:41:00.882976+00:00,,False
ALR-000350,ENT-03,AST-00098,CRITICAL,MALWARE,BEHAVIOR_ANALYTICS,CLOSED,2024-02-29 01:20:59.865957+00:00,2024-02-29 01:30:48.701051+00:00,2024-02-29 05:41:48.421474+00:00,,False
ALR-000351,ENT-03,AST-00124,HIGH,PHISHING,CORRELATION,CLOSED,2024-02-02 00:08:52.099358+00:00,2024-02-02 00:22:43.841994+00:00,2024-02-02 02:07:29.600357+00:00,,True
ALR-000352,ENT-03,AST-00098,MEDIUM,DATA_EXFILTRATION,ENDPOINT,IN_INVESTIGATION,2024-02-02 02:24:09.780819+00:00,2024-02-02 03:25:42.514924+00:00,,,
ALR-000353,ENT-03,AST-00097,HIGH,UNAUTHORIZED_ACCESS,NETWORK_IDS,CLOSED,2024-02-02 10:57:36.355968+00:00,2024-02-02 11:06:53.293320+00:00,2024-02-02 12:25:59.545353+00:00,,True
ALR-000354,ENT-03,AST-00118,LOW,MALWARE,CORRELATION,SUPPRESSED,2024-02-24 22:57:46.083401+00:00,,,,
ALR-000355,ENT-03,AST-00107,LOW,UNAUTHORIZED_ACCESS,CLOUD_MONITOR,CLOSED,2024-02-13 15:31:17.391284+00:00,2024-02-13 16:17:46.612413+00:00,2024-02-13 16:42:01.291931+00:00,,False
ALR-000356,ENT-03,AST-00102,LOW,RECONNAISSANCE,FIREWALL,CLOSED,2024-02-23 13:38:52.805208+00:00,2024-02-23 14:27:25.722181+00:00,2024-02-23 14:53:12.808975+00:00,,False
ALR-000357,ENT-03,AST-00107,MEDIUM,DATA_EXFILTRATION,CORRELATION,CLOSED,2024-02-03 17:54:16.535950+00:00,2024-02-03 19:26:40.580057+00:00,2024-02-03 20:20:41.155888+00:00,RK-AST-00107-DATA_EXFILTRATION,False
ALR-000358,ENT-03,AST-00120,LOW,MISCONFIGURATION,EMAIL_GATEWAY,NEW,2024-02-17 18:11:44.612945+00:00,,,,
ALR-000359,ENT-03,AST-00104,HIGH,ANOMALOUS_BEHAVIOR,ENDPOINT,CLOSED,2024-02-13 22:56:16.432691+00:00,2024-02-13 23:24:04.488801+00:00,2024-02-14 03:01:24.593432+00:00,,False
ALR-000360,ENT-03,AST-00125,MEDIUM,MALWARE,FIREWALL,ACKNOWLEDGED,2024-02-13 15:46:16.746585+00:00,2024-02-13 16:16:30.946382+00:00,,,
ALR-000361,ENT-03,AST-00135,LOW,MALWARE,ENDPOINT,ACKNOWLEDGED,2024-02-27 04:23:07.675703+00:00,2024-02-27 09:55:03.099309+00:00,,,
ALR-000362,ENT-03,AST-00129,MEDIUM,LATERAL_MOVEMENT,CLOUD_MONITOR,CLOSED,2024-02-23 08:42:43.068348+00:00,2024-02-23 09:42:02.664561+00:00,2024-02-23 11:28:35.199718+00:00,RK-AST-00129-LATERAL_MOVEMENT,False
ALR-000363,ENT-03,AST-00125,MEDIUM,POLICY_VIOLATION,ENDPOINT,NEW,2024-02-03 05:54:47.679319+00:00,,,,
ALR-000364,ENT-03,AST-00135,LOW,UNAUTHORIZED_ACCESS,EMAIL_GATEWAY,ACKNOWLEDGED,2024-02-11 05:34:50.414437+00:00,2024-02-11 07:29:22.431754+00:00,,,
ALR-000365,ENT-03,AST-00089,MEDIUM,POLICY_VIOLATION,CORRELATION,ACKNOWLEDGED,2024-02-12 23:36:38.593440+00:00,2024-02-13 00:30:38.144853+00:00,,RK-AST-00089-POLICY_VIOLATION,
ALR-000366,ENT-03,AST-00108,HIGH,POLICY_VIOLATION,NETWORK_IDS,CLOSED,2024-02-07 06:00:31.858277+00:00,2024-02-07 06:21:23.834712+00:00,2024-02-07 07:53:18.088202+00:00,,True
ALR-000367,ENT-03,AST-00109,MEDIUM,ANOMALOUS_BEHAVIOR,CLOUD_MONITOR,CLOSED,2024-02-22 03:18:25.647791+00:00,2024-02-22 04:12:27.518635+00:00,2024-02-22 04:47:27.482634+00:00,,False
ALR-000368,ENT-03,AST-00130,HIGH,LATERAL_MOVEMENT,CLOUD_MONITOR,CLOSED,2024-03-03 10:18:36.565891+00:00,2024-03-03 10:29:05.989878+00:00,2024-03-03 13:22:16.662023+00:00,,False
ALR-000369,ENT-03,AST-00125,LOW,MISCONFIGURATION,THREAT_INTEL,ACKNOWLEDGED,2024-03-02 23:56:47.191201+00:00,2024-03-03 00:18:43.363256+00:00,,RK-AST-00125-MISCONFIGURATION,
ALR-000370,ENT-03,AST-00095,MEDIUM,MISCONFIGURATION,CORRELATION,ACKNOWLEDGED,2024-03-06 22:13:11.249316+00:00,2024-03-06 22:48:22.502865+00:00,,,
ALR-000371,ENT-03,AST-00118,MEDIUM,LATERAL_MOVEMENT,CORRELATION,IN_INVESTIGATION,2024-03-02 01:17:27.217683+00:00,2024-03-02 02:09:53.929524+00:00,,,
ALR-000372,ENT-03,AST-00118,MEDIUM,UNAUTHORIZED_ACCESS,CORRELATION,CLOSED,2024-03-16 09:16:53.820415+00:00,2024-03-16 10:15:10.928756+00:00,2024-03-16 11:04:15.869149+00:00,,False
ALR-000373,ENT-03,AST-00102,MEDIUM,PHISHING,ENDPOINT,ACKNOWLEDGED,2024-03-10 01:00:15.423188+00:00,2024-03-10 01:54:25.904134+00:00,,,
ALR-000374,ENT-03,AST-00119,LOW,ANOMALOUS_BEHAVIOR,NETWORK_IDS,ACKNOWLEDGED,2024-03-08 19:30:34.763324+00:00,2024-03-08 20:15:50.590244+00:00,,,
ALR-000375,ENT-03,AST-00109,LOW,MISCONFIGURATION,THREAT_INTEL,NEW,2024-03-01 12:33:45.443569+00:00,,,,
ALR-000376,ENT-03,AST-00117,LOW,MALWARE,CORRELATION,ACKNOWLEDGED,2024-03-29 09:35:03.301147+00:00,2024-03-29 13:16:16.186462+00:00,,,
ALR-000377,ENT-03,AST-00088,MEDIUM,MALWARE,NETWORK_IDS,IN_INVESTIGATION,2024-03-23 03:06:36.432380+00:00,2024-03-23 03:55:46.336338+00:00,,,
ALR-000378,ENT-03,AST-00124,CRITICAL,MALWARE,CORRELATION,CLOSED,2024-03-11 08:29:39.365173+00:00,2024-03-11 08:38:32.982172+00:00,2024-03-11 12:23:38.535123+00:00,RK-AST-00124-MALWARE,True
ALR-000379,ENT-03,AST-00098,CRITICAL,MALWARE,CORRELATION,CLOSED,2024-03-26 14:01:30.757640+00:00,2024-03-26 14:05:48.671688+00:00,2024-03-26 19:09:19.603532+00:00,,True
ALR-000380,ENT-03,AST-00118,MEDIUM,UNAUTHORIZED_ACCESS,EMAIL_GATEWAY,ACKNOWLEDGED,2024-03-01 03:15:11.420974+00:00,2024-03-01 05:48:01.378282+00:00,,,
ALR-000381,ENT-03,AST-00095,HIGH,RECONNAISSANCE,NETWORK_IDS,CLOSED,2024-03-19 00:15:52.343026+00:00,2024-03-19 00:35:10.975728+00:00,2024-03-19 01:26:14.120665+00:00,,False
ALR-000382,ENT-03,AST-00090,MEDIUM,PHISHING,CORRELATION,CLOSED,2024-03-11 20:43:12.381143+00:00,2024-03-11 21:52:27.754854+00:00,2024-03-11 23:18:13.587033+00:00,,False
ALR-000383,ENT-03,AST-00092,HIGH,LATERAL_MOVEMENT,CORRELATION,CLOSED,2024-03-18 02:16:53.680352+00:00,2024-03-18 03:18:24.582880+00:00,2024-03-18 06:07:06.283347+00:00,,True
ALR-000384,ENT-03,AST-00088,MEDIUM,PHISHING,ENDPOINT,ACKNOWLEDGED,2024-03-25 14:05:30.465926+00:00,2024-03-25 14:56:58.057965+00:00,,,
ALR-000385,ENT-03,AST-00121,LOW,MALWARE,ENDPOINT,SUPPRESSED,2024-03-02 01:04:20.771112+00:00,,,,
ALR-000386,ENT-03,AST-00118,MEDIUM,UNAUTHORIZED_ACCESS,ENDPOINT,CLOSED,2024-03-08 17:43:51.037034+00:00,2024-03-08 18:19:50.214045+00:00,2024-03-08 19:10:31.179421+00:00,,False
ALR-000387,ENT-03,AST-00116,LOW,DATA_EXFILTRATION,EMAIL_GATEWAY,SUPPRESSED,2024-03-07 18:35:06.920586+00:00,,,RK-AST-00116-DATA_EXFILTRATION,
ALR-000388,ENT-03,AST-00091,CRITICAL,PHISHING,CORRELATION,CLOSED,2024-03-15 00:29:17.290962+00:00,2024-03-15 00:39:12.663672+00:00,2024-03-15 03:01:09.420730+00:00,RK-AST-00091-PHISHING,True
ALR-000389,ENT-03,AST-00095,MEDIUM,POLICY_VIOLATION,CORRELATION,CLOSED,2024-03-17 19:10:55.286601+00:00,2024-03-17 20:33:58.843130+00:00,2024-03-17 21:21:12.661927+00:00,,True
ALR-000390,ENT-03,AST-00104,MEDIUM,MISCONFIGURATION,NETWORK_IDS,ACKNOWLEDGED,2024-03-10 14:30:46.118631+00:00,2024-03-10 15:23:14.923217+00:00,,,
ALR-000391,ENT-03,AST-00091,LOW,PHISHING,NETWORK_IDS,CLOSED,2024-03-06 18:59:34.119889+00:00,2024-03-06 22:18:48.266704+00:00,2024-03-06 22:44:07.490725+00:00,,False
ALR-000392,ENT-03,AST-00109,CRITICAL,UNAUTHORIZED_ACCESS,ENDPOINT,CLOSED,2024-03-24 04:11:38.974640+00:00,2024-03-24 04:14:53.634853+00:00,2024-03-24 06:31:20.868526+00:00,,False
ALR-000393,ENT-03,AST-00090,MEDIUM,RECONNAISSANCE,CLOUD_MONITOR,ACKNOWLEDGED,2024-03-27 18:46:29.376276+00:00,2024-03-27 19:50:38.751328+00:00,,,
ALR-000394,ENT-03,AST-00103,HIGH,RECONNAISSANCE,EMAIL_GATEWAY,CLOSED,2024-03-18 22:47:38.335212+00:00,2024-03-18 22:57:43.357985+00:00,2024-03-19 00:04:34.229104+00:00,,True
ALR-000395,ENT-03,AST-00095,HIGH,RECONNAISSANCE,FIREWALL,CLOSED,2024-03-28 12:46:43.582066+00:00,2024-03-28 13:04:48.156617+00:00,2024-03-28 14:33:11.725232+00:00,,True
ALR-000396,ENT-03,AST-00106,HIGH,PHISHING,EMAIL_GATEWAY,CLOSED,2024-03-30 09:53:00.105258+00:00,2024-03-30 10:13:31.288223+00:00,2024-03-30 11:44:15.023979+00:00,,True
ALR-000397,ENT-03,AST-00124,HIGH,UNAUTHORIZED_ACCESS,THREAT_INTEL,CLOSED,2024-03-02 05:49:59.119677+00:00,2024-03-02 06:19:43.823852+00:00,2024-03-02 07:55:56.603809+00:00,,True
ALR-000398,ENT-03,AST-00126,LOW,RECONNAISSANCE,NETWORK_IDS,CLOSED,2024-03-28 15:10:00.284414+00:00,2024-03-28 16:25:28.198066+00:00,2024-03-28 16:44:31.473874+00:00,,False
ALR-000399,ENT-03,AST-00124,CRITICAL,DATA_EXFILTRATION,EMAIL_GATEWAY,CLOSED,2024-03-18 10:59:08.834287+00:00,2024-03-18 11:25:44.216052+00:00,2024-03-18 13:46:17.721457+00:00,,False
ALR-000400,ENT-03,AST-00130,LOW,RECONNAISSANCE,CORRELATION,NEW,2024-03-14 16:13:48.757449+00:00,,,,
ALR-000401,ENT-03,AST-00126,LOW,MISCONFIGURATION,NETWORK_IDS,ACKNOWLEDGED,2024-03-21 07:20:25.207913+00:00,2024-03-21 07:54:24.101581+00:00,,,
ALR-000402,ENT-03,AST-00107,CRITICAL,POLICY_VIOLATION,EMAIL_GATEWAY,CLOSED,2024-03-04 20:45:54.569644+00:00,2024-03-04 20:55:52.775405+00:00,2024-03-04 23:02:46.965974+00:00,RK-AST-00107-POLICY_VIOLATION,True
ALR-000403,ENT-03,AST-00119,LOW,MALWARE,NETWORK_IDS,ACKNOWLEDGED,2024-03-29 17:57:12.879620+00:00,2024-03-29 22:46:57.475047+00:00,,,
ALR-000404,ENT-03,AST-00115,MEDIUM,ANOMALOUS_BEHAVIOR,NETWORK_IDS,NEW,2024-03-28 03:44:19.963241+00:00,,,RK-AST-00115-ANOMALOUS_BEHAVIOR,
ALR-000405,ENT-03,AST-00099,LOW,ANOMALOUS_BEHAVIOR,EMAIL_GATEWAY,ACKNOWLEDGED,2024-03-04 20:08:04.060682+00:00,2024-03-04 23:23:20.715178+00:00,,,
ALR-000406,ENT-03,AST-00088,HIGH,PHISHING,THREAT_INTEL,CLOSED,2024-03-29 21:00:56.053678+00:00,2024-03-29 21:14:18.085637+00:00,2024-03-29 22:39:12.295312+00:00,,False
ALR-000407,ENT-03,AST-00131,MEDIUM,PHISHING,EMAIL_GATEWAY,ACKNOWLEDGED,2024-03-22 04:37:09.756966+00:00,2024-03-22 05:37:40.660573+00:00,,,
ALR-000408,ENT-03,AST-00117,LOW,UNAUTHORIZED_ACCESS,FIREWALL,ACKNOWLEDGED,2024-03-16 12:34:10.460292+00:00,2024-03-16 15:20:13.224109+00:00,,,
ALR-000409,ENT-03,AST-00121,MEDIUM,PHISHING,CORRELATION,ACKNOWLEDGED,2024-04-27 13:28:26.904861+00:00,2024-04-27 14:20:58.566402+00:00,,,
ALR-000410,ENT-03,AST-00129,LOW,LATERAL_MOVEMENT,THREAT_INTEL,CLOSED,2024-04-21 02:15:36.530953+00:00,2024-04-21 03:57:59.615296+00:00,2024-04-21 04:22:41.492529+00:00,,False
ALR-000411,ENT-03,AST-00106,HIGH,POLICY_VIOLATION,ENDPOINT,IN_INVESTIGATION,2024-04-30 23:06:00.144408+00:00,2024-04-30 23:24:24.885199+00:00,,,
ALR-000412,ENT-03,AST-00136,LOW,POLICY_VIOLATION,ENDPOINT,CLOSED,2024-04-03 07:43:04.357971+00:00,2024-04-03 08:07:54.016154+00:00,2024-04-03 08:34:28.438112+00:00,,False
ALR-000413,ENT-03,AST-00107,LOW,MISCONFIGURATION,CORRELATION,NEW,2024-04-10 10:25:25.252312+00:00,,,,
ALR-000414,ENT-03,AST-00104,HIGH,POLICY_VIOLATION,ENDPOINT,CLOSED,2024-04-01 14:24:22.273110+00:00,2024-04-01 14:43:39.444372+00:00,2024-04-01 17:50:07.922424+00:00,,True
ALR-000415,ENT-03,AST-00088,HIGH,UNAUTHORIZED_ACCESS,EMAIL_GATEWAY,CLOSED,2024-04-17 14:20:02.856331+00:00,2024-04-17 14:27:47.871443+00:00,2024-04-17 16:53:38.697169+00:00,,False
ALR-000416,ENT-03,AST-00098,LOW,UNAUTHORIZED_ACCESS,FIREWALL,ACKNOWLEDGED,2024-04-22 17:10:25.927904+00:00,2024-04-22 18:21:05.574382+00:00,,,
ALR-000417,ENT-03,AST-00099,MEDIUM,MALWARE,THREAT_INTEL,CLOSED,2024-04-12 19:10:29.977108+00:00,2024-04-12 19:38:44.896579+00:00,2024-04-12 20:12:54.573228+00:00,RK-AST-00099-MALWARE,True
ALR-000418,ENT-03,AST-00130,CRITICAL,RECONNAISSANCE,NETWORK_IDS,CLOSED,2024-04-19 15:16:27.668770+00:00,2024-04-19 15:27:46.190727+00:00,2024-04-19 17:16:31.479599+00:00,,False
ALR-000419,ENT-03,AST-00111,HIGH,MALWARE,CLOUD_MONITOR,ACKNOWLEDGED,2024-04-30 03:25:32.804384+00:00,2024-04-30 03:50:06.676181+00:00,,,
ALR-000420,ENT-03,AST-00103,MEDIUM,MISCONFIGURATION,NETWORK_IDS,NEW,2024-04-21 08:06:09.843710+00:00,,,,
ALR-000421,ENT-03,AST-00104,MEDIUM,PHISHING,FIREWALL,NEW,2024-04-09 07:16:56.892834+00:00,,,,
ALR-000422,ENT-03,AST-00100,LOW,POLICY_VIOLATION,THREAT_INTEL,ACKNOWLEDGED,2024-04-04 19:39:58.771726+00:00,2024-04-04 22:11:09.180123+00:00,,,
ALR-000423,ENT-03,AST-00090,LOW,POLICY_VIOLATION,CLOUD_MONITOR,IN_INVESTIGATION,2024-04-06 01:50:18.873041+00:00,2024-04-06 04:37:31.542476+00:00,,,
ALR-000424,ENT-03,AST-00103,MEDIUM,UNAUTHORIZED_ACCESS,CORRELATION,CLOSED,2024-04-26 16:25:02.099110+00:00,2024-04-26 17:37:48.456311+00:00,2024-04-26 18:12:24.470507+00:00,,True
ALR-000425,ENT-03,AST-00117,HIGH,POLICY_VIOLATION,THREAT_INTEL,NEW,2024-04-04 13:22:44.048176+00:00,,,,
ALR-000426,ENT-03,AST-00124,LOW,PHISHING,CORRELATION,ACKNOWLEDGED,2024-04-14 12:53:03.901235+00:00,2024-04-14 14:29:00.958267+00:00,,,
ALR-000427,ENT-03,AST-00118,CRITICAL,DATA_EXFILTRATION,FIREWALL,IN_INVESTIGATION,2024-04-29 22:06:02.678424+00:00,2024-04-29 22:10:01.959261+00:00,,,
ALR-000428,ENT-03,AST-00107,HIGH,MALWARE,ENDPOINT,CLOSED,2024-04-06 06:47:05.866974+00:00,2024-04-06 07:01:03.237036+00:00,2024-04-06 08:54:01.446132+00:00,,True
ALR-000429,ENT-03,AST-00119,LOW,LATERAL_MOVEMENT,FIREWALL,ACKNOWLEDGED,2024-04-22 07:51:47.227574+00:00,2024-04-22 09:30:36.278582+00:00,,,
ALR-000430,ENT-03,AST-00124,HIGH,UNAUTHORIZED_ACCESS,EMAIL_GATEWAY,CLOSED,2024-04-14 14:00:48.330102+00:00,2024-04-14 14:07:45.791745+00:00,2024-04-14 15:14:50.428049+00:00,,True
ALR-000431,ENT-03,AST-00107,LOW,PHISHING,ENDPOINT,ACKNOWLEDGED,2024-04-18 18:21:28.693379+00:00,2024-04-18 22:29:39.135346+00:00,,,
ALR-000432,ENT-03,AST-00124,CRITICAL,ANOMALOUS_BEHAVIOR,NETWORK_IDS,CLOSED,2024-04-26 11:40:42.003866+00:00,2024-04-26 11:47:18.017054+00:00,2024-04-26 15:18:44.210141+00:00,,False
ALR-000433,ENT-03,AST-00118,LOW,PHISHING,CLOUD_MONITOR,CLOSED,2024-04-13 13:51:04.931990+00:00,2024-04-13 16:01:18.332522+00:00,2024-04-13 16:46:50.063854+00:00,,False
ALR-000434,ENT-03,AST-00120,HIGH,MALWARE,EMAIL_GATEWAY,CLOSED,2024-04-02 22:34:01.710125+00:00,2024-04-02 23:35:11.131982+00:00,2024-04-03 00:28:58.446898+00:00,,False
ALR-000435,ENT-03,AST-00109,MEDIUM,MISCONFIGURATION,BEHAVIOR_ANALYTICS,CLOSED,2024-04-06 03:05:03.325997+00:00,2024-04-06 03:39:29.613246+00:00,2024-04-06 04:21:31.117256+00:00,,False
ALR-000436,ENT-03,AST-00090,MEDIUM,POLICY_VIOLATION,FIREWALL,CLOSED,2024-04-13 21:03:56.222797+00:00,2024-04-13 23:22:22.345489+00:00,2024-04-14 00:14:46.015662+00:00,,False
ALR-000437,ENT-03,AST-00108,HIGH,ANOMALOUS_BEHAVIOR,FIREWALL,CLOSED,2024-04-03 04:35:07.205129+00:00,2024-04-03 04:54:16.450634+00:00,2024-04-03 06:31:13.938475+00:00,RK-AST-00108-ANOMALOUS_BEHAVIOR,False
ALR-000438,ENT-03,AST-00113,MEDIUM,MALWARE,ENDPOINT,NEW,2024-04-03 12:58:49.422788+00:00,,,,
ALR-000439,ENT-03,AST-00129,LOW,UNAUTHORIZED_ACCESS,EMAIL_GATEWAY,NEW,2024-04-17 14:01:29.417712+00:00,,,,
ALR-000440,ENT-03,AST-00124,LOW,LATERAL_MOVEMENT,CLOUD_MONITOR,ACKNOWLEDGED,2024-04-08 21:53:11.349469+00:00,2024-04-08 22:30:11.309673+00:00,,,
ALR-000441,ENT-03,AST-00121,LOW,DATA_EXFILTRATION,CORRELATION,CLOSED,2024-04-08 16:26:54.371866+00:00,2024-04-08 19:48:00.065087+00:00,2024-04-08 20:14:13.732120+00:00,,False
ALR-000442,ENT-03,AST-00120,LOW,PHISHING,ENDPOINT,ACKNOWLEDGED,2024-04-10 13:52:55.572330+00:00,2024-04-10 17:27:04.473348+00:00,,,
ALR-000443,ENT-03,AST-00102,MEDIUM,MISCONFIGURATION,EMAIL_GATEWAY,CLOSED,2024-04-01 23:26:39.482133+00:00,2024-04-02 00:38:38.924096+00:00,2024-04-02 01:56:31.789312+00:00,RK-AST-00102-MISCONFIGURATION,False
ALR-000444,ENT-03,AST-00088,CRITICAL,LATERAL_MOVEMENT,BEHAVIOR_ANALYTICS,CLOSED,2024-04-29 22:24:17.381937+00:00,2024-04-29 22:31:58.731904+00:00,2024-04-30 01:23:25.615859+00:00,,False
ALR-000445,ENT-03,AST-00122,MEDIUM,DATA_EXFILTRATION,ENDPOINT,CLOSED,2024-04-18 04:15:02.268921+00:00,2024-04-18 05:05:29.087296+00:00,2024-04-18 06:22:48.462935+00:00,,False
ALR-000446,ENT-03,AST-00088,HIGH,DATA_EXFILTRATION,CLOUD_MONITOR,CLOSED,2024-04-09 17:33:38.073586+00:00,2024-04-09 17:48:12.134157+00:00,2024-04-09 18:40:51.788006+00:00,,False
ALR-000447,ENT-03,AST-00128,LOW,POLICY_VIOLATION,EMAIL_GATEWAY,SUPPRESSED,2024-04-13 03:06:41.560271+00:00,,,,
ALR-000448,ENT-03,AST-00090,MEDIUM,MALWARE,ENDPOINT,ACKNOWLEDGED,2024-04-25 16:12:29.566003+00:00,2024-04-25 19:15:43.653349+00:00,,,
ALR-000449,ENT-03,AST-00110,HIGH,MISCONFIGURATION,ENDPOINT,CLOSED,2024-04-24 12:42:27.183325+00:00,2024-04-24 12:59:04.604359+00:00,2024-04-24 14:47:24.854010+00:00,,False
ALR-000450,ENT-03,AST-00123,LOW,RECONNAISSANCE,NETWORK_IDS,CLOSED,2024-04-21 16:50:01.080980+00:00,2024-04-21 18:09:01.812829+00:00,2024-04-21 18:31:38.021070+00:00,,False
ALR-000451,ENT-03,AST-00092,MEDIUM,PHISHING,CORRELATION,IN_INVESTIGATION,2024-05-27 13:39:39.047889+00:00,2024-05-27 15:24:39.454985+00:00,,,
ALR-000452,ENT-03,AST-00118,MEDIUM,ANOMALOUS_BEHAVIOR,EMAIL_GATEWAY,CLOSED,2024-05-27 22:35:27.321430+00:00,2024-05-27 23:01:02.954783+00:00,2024-05-27 23:47:33.409724+00:00,RK-AST-00118-ANOMALOUS_BEHAVIOR,False
ALR-000453,ENT-03,AST-00106,HIGH,ANOMALOUS_BEHAVIOR,CORRELATION,CLOSED,2024-05-01 15:32:10.031865+00:00,2024-05-01 15:48:37.799633+00:00,2024-05-01 17:03:09.392213+00:00,,True
ALR-000454,ENT-03,AST-00089,LOW,RECONNAISSANCE,BEHAVIOR_ANALYTICS,ACKNOWLEDGED,2024-05-05 07:44:59.912660+00:00,2024-05-05 09:05:57.495481+00:00,,,
ALR-000455,ENT-03,AST-00133,LOW,PHISHING,EMAIL_GATEWAY,CLOSED,2024-05-25 09:47:23.601570+00:00,2024-05-25 13:53:36.512556+00:00,2024-05-25 14:22:15.715953+00:00,,False
ALR-000456,ENT-03,AST-00102,LOW,ANOMALOUS_BEHAVIOR,NETWORK_IDS,ACKNOWLEDGED,2024-05-05 13:02:58.052101+00:00,2024-05-05 16:46:33.367639+00:00,,,
ALR-000457,ENT-03,AST-00095,HIGH,POLICY_VIOLATION,CLOUD_MONITOR,ACKNOWLEDGED,2024-05-08 17:19:19.685900+00:00,2024-05-08 17:35:58.338485+00:00,,,
ALR-000458,ENT-03,AST-00088,HIGH,MISCONFIGURATION,ENDPOINT,IN_INVESTIGATION,2024-05-31 09:13:09.164156+00:00,2024-05-31 09:17:52.153744+00:00,,,
ALR-000459,ENT-03,AST-00130,MEDIUM,MISCONFIGURATION,CORRELATION,CLOSED,2024-05-02 13:56:47.836591+00:00,2024-05-02 15:36:40.063074+00:00,2024-05-02 16:22:14.414435+00:00,,True
ALR-000460,ENT-03,AST-00098,CRITICAL,MALWARE,ENDPOINT,CLOSED,2024-05-02 19:02:14.415746+00:00,2024-05-02 19:08:18.550887+00:00,2024-05-03 00:11:19.196598+00:00,RK-AST-00098-MALWARE,True
ALR-000461,ENT-03,AST-00090,LOW,MALWARE,ENDPOINT,ACKNOWLEDGED,2024-05-16 05:41:42.042618+00:00,2024-05-16 07:48:41.912040+00:00,,,
ALR-000462,ENT-03,AST-00126,MEDIUM,UNAUTHORIZED_ACCESS,ENDPOINT,ACKNOWLEDGED,2024-05-07 12:04:35.438124+00:00,2024-05-07 14:27:25.358322+00:00,,,
ALR-000463,ENT-03,AST-00118,HIGH,ANOMALOUS_BEHAVIOR,NETWORK_IDS,ACKNOWLEDGED,2024-05-07 09:19:46.617794+00:00,2024-05-07 09:59:00.332956+00:00,,,
ALR-000464,ENT-03,AST-00122,LOW,PHISHING,ENDPOINT,ACKNOWLEDGED,2024-05-07 12:56:05.460143+00:00,2024-05-07 13:17:50.846366+00:00,,,
ALR-000465,ENT-03,AST-00112,HIGH,MALWARE,EMAIL_GATEWAY,CLOSED,2024-05-07 06:58:21.625433+00:00,2024-05-07 07:07:50.604453+00:00,2024-05-07 08:06:19.666276+00:00,,True
ALR-000466,ENT-03,AST-00129,LOW,POLICY_VIOLATION,THREAT_INTEL,CLOSED,2024-05-16 11:07:53.991267+00:00,2024-05-16 12:35:33.550861+00:00,2024-05-16 12:59:02.355388+00:00,,True
ALR-000467,ENT-03,AST-00121,LOW,PHISHING,EMAIL_GATEWAY,ACKNOWLEDGED,2024-05-02 05:40:54.036867+00:00,2024-05-02 11:59:34.069032+00:00,,,
ALR-000468,ENT-03,AST-00098,MEDIUM,UNAUTHORIZED_ACCESS,ENDPOINT,ACKNOWLEDGED,2024-05-18 11:41:51.425939+00:00,2024-05-18 12:50:09.996148+00:00,,,
ALR-000469,ENT-03,AST-00133,LOW,PHISHING,FIREWALL,ACKNOWLEDGED,2024-05-23 14:14:14.994411+00:00,2024-05-23 15:58:39.310845+00:00,,,
ALR-000470,ENT-03,AST-00127,LOW,MALWARE,ENDPOINT,CLOSED,2024-05-10 09:11:22.597761+00:00,2024-05-10 09:55:38.302762+00:00,2024-05-10 10:23:25.948951+00:00,,False
ALR-000471,ENT-03,AST-00102,MEDIUM,MALWARE,CORRELATION,ACKNOWLEDGED,2024-05-05 23:32:31.677178+00:00,2024-05-05 23:51:19.569090+00:00,,,
ALR-000472,ENT-03,AST-00122,MEDIUM,MISCONFIGURATION,EMAIL_GATEWAY,ACKNOWLEDGED,2024-05-29 21:52:50.529907+00:00,2024-05-29 22:55:04.638314+00:00,,,
ALR-000473,ENT-03,AST-00136,MEDIUM,POLICY_VIOLATION,ENDPOINT,CLOSED,2024-05-13 09:44:09.592811+00:00,2024-05-13 10:42:19.417899+00:00,2024-05-13 12:07:03.797577+00:00,RK-AST-00136-POLICY_VIOLATION,False
ALR-000474,ENT-03,AST-00123,LOW,ANOMALOUS_BEHAVIOR,NETWORK_IDS,ACKNOWLEDGED,2024-05-28 07:59:59.606297+00:00,2024-05-28 09:18:57.748885+00:00,,,
ALR-000475,ENT-03,AST-00091,LOW,PHISHING,FIREWALL,CLOSED,2024-05-29 01:45:47.397233+00:00,2024-05-29 05:10:30.604454+00:00,2024-05-29 05:42:23.846821+00:00,RK-AST-00091-PHISHING,False
ALR-000476,ENT-03,AST-00118,MEDIUM,MALWARE,ENDPOINT,NEW,2024-05-06 01:51:19.340759+00:00,,,,
ALR-000477,ENT-03,AST-00116,MEDIUM,PHISHING,BEHAVIOR_ANALYTICS,CLOSED,2024-05-07 14:33:27.523023+00:00,2024-05-07 17:03:55.460012+00:00,2024-05-07 17:45:32.310054+00:00,,False
ALR-000478,ENT-03,AST-00107,MEDIUM,UNAUTHORIZED_ACCESS,CLOUD_MONITOR,CLOSED,2024-05-05 14:52:14.291495+00:00,2024-05-05 15:48:40.666365+00:00,2024-05-05 16:26:14.537633+00:00,RK-AST-00107-UNAUTHORIZED_ACCESS,False
ALR-000479,ENT-03,AST-00113,LOW,MALWARE,EMAIL_GATEWAY,ACKNOWLEDGED,2024-05-12 16:39:49.348474+00:00,2024-05-12 17:59:40.629957+00:00,,,
ALR-000480,ENT-03,AST-00110,MEDIUM,UNAUTHORIZED_ACCESS,ENDPOINT,IN_INVESTIGATION,2024-05-01 23:28:27.758198+00:00,2024-05-02 00:24:35.534152+00:00,,RK-AST-00110-UNAUTHORIZED_ACCESS,
ALR-000481,ENT-03,AST-00130,CRITICAL,UNAUTHORIZED_ACCESS,FIREWALL,CLOSED,2024-05-15 01:54:55.853545+00:00,2024-05-15 02:00:09.840673+00:00,2024-05-15 05:32:36.330857+00:00,,True
ALR-000482,ENT-03,AST-00113,HIGH,RECONNAISSANCE,ENDPOINT,CLOSED,2024-05-17 13:44:19.580428+00:00,2024-05-17 13:48:12.301371+00:00,2024-05-17 14:52:57.206238+00:00,,True
ALR-000483,ENT-03,AST-00098,CRITICAL,UNAUTHORIZED_ACCESS,NETWORK_IDS,CLOSED,2024-05-29 09:24:19.078684+00:00,2024-05-29 09:29:41.314426+00:00,2024-05-29 14:40:39.219162+00:00,,False
ALR-000484,ENT-03,AST-00098,LOW,PHISHING,ENDPOINT,CLOSED,2024-06-05 06:41:03.709742+00:00,2024-06-05 08:06:23.425109+00:00,2024-06-05 08:33:08.767249+00:00,,False
ALR-000485,ENT-03,AST-00132,LOW,POLICY_VIOLATION,NETWORK_IDS,CLOSED,2024-06-04 06:59:25.914149+00:00,2024-06-04 08:06:31.476896+00:00,2024-06-04 08:32:31.034126+00:00,,False
ALR-000486,ENT-03,AST-00133,CRITICAL,POLICY_VIOLATION,ENDPOINT,ACKNOWLEDGED,2024-06-19 07:13:50.065511+00:00,2024-06-19 07:19:41.104800+00:00,,,
ALR-000487,ENT-03,AST-00108,HIGH,UNAUTHORIZED_ACCESS,ENDPOINT,CLOSED,2024-06-21 14:52:52.509865+00:00,2024-06-21 15:19:17.392964+00:00,2024-06-21 15:46:30.515473+00:00,,True
ALR-000488,ENT-03,AST-00110,MEDIUM,PHISHING,EMAIL_GATEWAY,CLOSED,2024-06-30 14:21:43.645367+00:00,2024-06-30 14:46:18.389687+00:00,2024-06-30 15:45:09.707452+00:00,,False
ALR-000489,ENT-03,AST-00094,HIGH,POLICY_VIOLATION,FIREWALL,CLOSED,2024-06-03 20:10:50.752647+00:00,2024-06-03 20:28:27.108332+00:00,2024-06-03 23:12:46.787868+00:00,RK-AST-00094-POLICY_VIOLATION,False
ALR-000490,ENT-03,AST-00092,LOW,PHISHING,CORRELATION,ACKNOWLEDGED,2024-06-09 10:22:13.756181+00:00,2024-06-09 13:43:23.622372+00:00,,,
ALR-000491,ENT-03,AST-00103,LOW,PHISHING,EMAIL_GATEWAY,ACKNOWLEDGED,2024-06-18 07:14:45.617004+00:00,2024-06-18 08:58:30.968737+00:00,,,
ALR-000492,ENT-03,AST-00130,CRITICAL,PHISHING,CLOUD_MONITOR,CLOSED,2024-06-17 15:33:20.008242+00:00,2024-06-17 15:36:41.826146+00:00,2024-06-17 21:03:05.011107+00:00,,False
ALR-000493,ENT-03,AST-00134,HIGH,ANOMALOUS_BEHAVIOR,ENDPOINT,ACKNOWLEDGED,2024-06-29 16:18:51.453803+00:00,2024-06-29 16:37:37.402903+00:00,,,
ALR-000494,ENT-03,AST-00121,MEDIUM,PHISHING,EMAIL_GATEWAY,NEW,2024-06-13 08:13:12.259503+00:00,,,,
ALR-000495,ENT-03,AST-00088,HIGH,RECONNAISSANCE,CORRELATION,CLOSED,2024-06-11 15:15:32.628210+00:00,2024-06-11 15:42:35.115746+00:00,2024-06-11 16:12:56.095381+00:00,RK-AST-00088-RECONNAISSANCE,False
ALR-000496,ENT-03,AST-00112,LOW,ANOMALOUS_BEHAVIOR,NETWORK_IDS,SUPPRESSED,2024-06-06 21:34:23.039292+00:00,,,,
ALR-000497,ENT-03,AST-00101,LOW,MISCONFIGURATION,CLOUD_MONITOR,CLOSED,2024-06-05 18:13:24.866373+00:00,2024-06-05 20:53:52.283062+00:00,2024-06-05 21:16:05.467740+00:00,,False
ALR-000498,ENT-03,AST-00116,MEDIUM,LATERAL_MOVEMENT,ENDPOINT,ACKNOWLEDGED,2024-06-22 10:12:46.177254+00:00,2024-06-22 10:46:45.906729+00:00,,RK-AST-00116-LATERAL_MOVEMENT,
ALR-000499,ENT-03,AST-00116,CRITICAL,UNAUTHORIZED_ACCESS,NETWORK_IDS,CLOSED,2024-06-30 18:04:03.264791+00:00,2024-06-30 18:08:32.773552+00:00,2024-06-30 19:34:34.756295+00:00,,False
ALR-000500,ENT-03,AST-00121,LOW,ANOMALOUS_BEHAVIOR,CLOUD_MONITOR,ACKNOWLEDGED,2024-06-30 13:37:58.069786+00:00,2024-06-30 20:32:52.010075+00:00,,,
ALR-000501,ENT-03,AST-00130,HIGH,PHISHING,FIREWALL,CLOSED,2024-06-13 11:33:40.115478+00:00,2024-06-13 11:53:26.413502+00:00,2024-06-13 12:55:10.626200+00:00,,True
ALR-000502,ENT-03,AST-00095,HIGH,DATA_EXFILTRATION,CORRELATION,ACKNOWLEDGED,2024-06-17 01:44:31.269063+00:00,2024-06-17 02:07:09.697178+00:00,,,
ALR-000503,ENT-03,AST-00135,HIGH,MALWARE,BEHAVIOR_ANALYTICS,CLOSED,2024-06-04 09:59:19.365041+00:00,2024-06-04 10:35:51.767617+00:00,2024-06-04 11:48:01.525468+00:00,,True
ALR-000504,ENT-03,AST-00124,HIGH,RECONNAISSANCE,EMAIL_GATEWAY,CLOSED,2024-06-27 11:50:12.403458+00:00,2024-06-27 12:00:44.668923+00:00,2024-06-27 13:08:01.318716+00:00,,True
ALR-000505,ENT-03,AST-00116,MEDIUM,MISCONFIGURATION,THREAT_INTEL,CLOSED,2024-06-06 05:03:12.353484+00:00,2024-06-06 05:26:09.995482+00:00,2024-06-06 06:16:25.120260+00:00,,False
ALR-000506,ENT-03,AST-00111,LOW,LATERAL_MOVEMENT,FIREWALL,CLOSED,2024-06-09 12:55:52.114455+00:00,2024-06-09 15:49:25.070154+00:00,2024-06-09 16:14:24.108016+00:00,,False
ALR-000507,ENT-03,AST-00120,MEDIUM,RECONNAISSANCE,FIREWALL,CLOSED,2024-06-03 14:44:38.392954+00:00,2024-06-03 15:21:17.866232+00:00,2024-06-03 16:03:14.443589+00:00,,False
ALR-000508,ENT-03,AST-00112,LOW,PHISHING,ENDPOINT,ACKNOWLEDGED,2024-06-06 04:36:10.047242+00:00,2024-06-06 06:40:56.216475+00:00,,,
ALR-000509,ENT-03,AST-00106,MEDIUM,MALWARE,ENDPOINT,CLOSED,2024-06-28 11:17:11.023222+00:00,2024-06-28 12:35:46.952946+00:00,2024-06-28 13:32:47.193327+00:00,,False
ALR-000510,ENT-03,AST-00134,MEDIUM,LATERAL_MOVEMENT,NETWORK_IDS,CLOSED,2024-06-26 09:20:44.457011+00:00,2024-06-26 10:13:26.444464+00:00,2024-06-26 10:44:59.158284+00:00,,True
ALR-000511,ENT-03,AST-00088,HIGH,PHISHING,BEHAVIOR_ANALYTICS,CLOSED,2024-06-08 03:39:43.798236+00:00,2024-06-08 03:53:49.983197+00:00,2024-06-08 05:54:26.359345+00:00,,True
ALR-000512,ENT-03,AST-00130,LOW,POLICY_VIOLATION,THREAT_INTEL,SUPPRESSED,2024-06-12 19:43:46.833208+00:00,,,,
ALR-000513,ENT-03,AST-00090,CRITICAL,RECONNAISSANCE,BEHAVIOR_ANALYTICS,CLOSED,2024-06-16 09:51:42.397888+00:00,2024-06-16 09:55:27.216411+00:00,2024-06-16 11:36:46.882038+00:00,,True
ALR-000514,ENT-03,AST-00124,HIGH,MALWARE,ENDPOINT,CLOSED,2024-06-29 18:43:53.806042+00:00,2024-06-29 18:58:43.344271+00:00,2024-06-29 20:00:16.487609+00:00,RK-AST-00124-MALWARE,False
ALR-000515,ENT-03,AST-00090,MEDIUM,PHISHING,FIREWALL,ACKNOWLEDGED,2024-06-07 00:29:58.930311+00:00,2024-06-07 02:50:28.496942+00:00,,,
ALR-000516,ENT-03,AST-00121,MEDIUM,DATA_EXFILTRATION,ENDPOINT,CLOSED,2024-06-13 04:50:33.066590+00:00,2024-06-13 05:09:35.110949+00:00,2024-06-13 05:22:29.255717+00:00,,False
ALR-000517,ENT-03,AST-00111,LOW,MALWARE,CORRELATION,SUPPRESSED,2024-06-02 11:05:02.676377+00:00,,,,
ALR-000518,ENT-03,AST-00135,LOW,ANOMALOUS_BEHAVIOR,CLOUD_MONITOR,CLOSED,2024-06-25 20:03:31.223715+00:00,2024-06-25 23:31:31.705560+00:00,2024-06-25 23:49:47.555201+00:00,RK-AST-00135-ANOMALOUS_BEHAVIOR,False
ALR-000519,ENT-04,AST-00157,MEDIUM,PHISHING,FIREWALL,ACKNOWLEDGED,2024-01-21 02:04:00.955005+00:00,2024-01-21 03:05:18.678972+00:00,,RK-AST-00157-PHISHING,
ALR-000520,ENT-04,AST-00161,LOW,MISCONFIGURATION,ENDPOINT,ACKNOWLEDGED,2024-01-01 05:14:27.020424+00:00,2024-01-01 07:57:59.504370+00:00,,,
ALR-000521,ENT-04,AST-00156,HIGH,PHISHING,FIREWALL,IN_INVESTIGATION,2024-01-13 19:02:15.803275+00:00,2024-01-13 19:42:15.637392+00:00,,,
ALR-000522,ENT-04,AST-00146,MEDIUM,MALWARE,CORRELATION,IN_INVESTIGATION,2024-01-05 14:34:31.734381+00:00,2024-01-05 16:45:45.116088+00:00,,,
ALR-000523,ENT-04,AST-00158,CRITICAL,POLICY_VIOLATION,ENDPOINT,CLOSED,2024-01-26 16:18:58.140360+00:00,2024-01-26 16:24:32.424590+00:00,2024-01-26 23:01:32.471849+00:00,,True
ALR-000524,ENT-04,AST-00149,HIGH,POLICY_VIOLATION,NETWORK_IDS,ACKNOWLEDGED,2024-01-23 02:22:26.688065+00:00,2024-01-23 02:33:17.991513+00:00,,RK-AST-00149-POLICY_VIOLATION,
ALR-000525,ENT-04,AST-00147,CRITICAL,LATERAL_MOVEMENT,EMAIL_GATEWAY,ACKNOWLEDGED,2024-01-27 09:09:06.698349+00:00,2024-01-27 09:19:56.055334+00:00,,,
ALR-000526,ENT-04,AST-00154,MEDIUM,MALWARE,FIREWALL,CLOSED,2024-01-05 16:47:25.503010+00:00,2024-01-05 17:18:25.344120+00:00,2024-01-05 18:58:34.605886+00:00,,False
ALR-000527,ENT-04,AST-00158,LOW,POLICY_VIOLATION,NETWORK_IDS,SUPPRESSED,2024-01-06 23:18:04.643449+00:00,,,,
ALR-000528,ENT-04,AST-00147,MEDIUM,PHISHING,ENDPOINT,ACKNOWLEDGED,2024-01-06 18:17:02.200881+00:00,2024-01-06 18:52:45.985802+00:00,,RK-AST-00147-PHISHING,
ALR-000529,ENT-04,AST-00157,HIGH,POLICY_VIOLATION,CLOUD_MONITOR,CLOSED,2024-01-22 12:27:45.868688+00:00,2024-01-22 12:40:35.770848+00:00,2024-01-22 15:31:56.029234+00:00,,True
ALR-000530,ENT-04,AST-00157,HIGH,DATA_EXFILTRATION,ENDPOINT,CLOSED,2024-01-10 03:11:17.648367+00:00,2024-01-10 03:30:46.344289+00:00,2024-01-10 06:05:01.038412+00:00,,False
ALR-000531,ENT-04,AST-00150,MEDIUM,RECONNAISSANCE,THREAT_INTEL,ACKNOWLEDGED,2024-01-04 21:48:12.155502+00:00,2024-01-04 23:02:29.036622+00:00,,,
ALR-000532,ENT-04,AST-00137,LOW,ANOMALOUS_BEHAVIOR,ENDPOINT,ACKNOWLEDGED,2024-01-31 03:48:16.414079+00:00,2024-01-31 06:45:50.444625+00:00,,,
ALR-000533,ENT-04,AST-00140,HIGH,RECONNAISSANCE,ENDPOINT,ACKNOWLEDGED,2024-01-26 11:21:33.185720+00:00,2024-01-26 12:05:55.178237+00:00,,RK-AST-00140-RECONNAISSANCE,
ALR-000534,ENT-04,AST-00157,CRITICAL,POLICY_VIOLATION,CORRELATION,CLOSED,2024-01-27 14:34:10.865633+00:00,2024-01-27 14:40:17.402357+00:00,2024-01-27 16:17:23.305462+00:00,,True
ALR-000535,ENT-04,AST-00155,LOW,MISCONFIGURATION,NETWORK_IDS,ACKNOWLEDGED,2024-01-16 11:18:58.160093+00:00,2024-01-16 12:55:20.785065+00:00,,,
ALR-000536,ENT-04,AST-00143,HIGH,MALWARE,BEHAVIOR_ANALYTICS,ACKNOWLEDGED,2024-01-22 01:03:15.960500+00:00,2024-01-22 01:16:20.557439+00:00,,,
ALR-000537,ENT-04,AST-00150,CRITICAL,MISCONFIGURATION,BEHAVIOR_ANALYTICS,CLOSED,2024-01-25 18:12:32.804284+00:00,2024-01-25 18:17:22.824709+00:00,2024-01-25 21:23:33.082471+00:00,,True
ALR-000538,ENT-04,AST-00146,LOW,MISCONFIGURATION,ENDPOINT,IN_INVESTIGATION,2024-01-26 10:32:17.411658+00:00,2024-01-26 11:32:36.064104+00:00,,,
ALR-000539,ENT-04,AST-00142,LOW,UNAUTHORIZED_ACCESS,EMAIL_GATEWAY,ACKNOWLEDGED,2024-01-02 06:01:13.091441+00:00,2024-01-02 06:56:16.126763+00:00,,,
ALR-000540,ENT-04,AST-00147,LOW,PHISHING,NETWORK_IDS,NEW,2024-01-23 16:33:25.898529+00:00,,,,
ALR-000541,ENT-04,AST-00161,LOW,MISCONFIGURATION,NETWORK_IDS,CLOSED,2024-01-27 19:26:51.257880+00:00,2024-01-27 20:31:27.034275+00:00,2024-01-27 20:55:09.893782+00:00,RK-AST-00161-MISCONFIGURATION,False
ALR-000542,ENT-04,AST-00148,LOW,PHISHING,CLOUD_MONITOR,ACKNOWLEDGED,2024-02-04 17:30:04.392044+00:00,2024-02-04 18:08:02.107691+00:00,,RK-AST-00148-PHISHING,
ALR-000543,ENT-04,AST-00151,MEDIUM,MALWARE,EMAIL_GATEWAY,ACKNOWLEDGED,2024-02-02 07:35:36.812146+00:00,2024-02-02 08:03:00.898707+00:00,,RK-AST-00151-MALWARE,
ALR-000544,ENT-04,AST-00142,LOW,ANOMALOUS_BEHAVIOR,FIREWALL,CLOSED,2024-02-14 11:29:30.837943+00:00,2024-02-14 12:41:17.692349+00:00,2024-02-14 13:05:18.177253+00:00,,False
ALR-000545,ENT-04,AST-00157,LOW,RECONNAISSANCE,ENDPOINT,ACKNOWLEDGED,2024-02-07 03:45:15.254739+00:00,2024-02-07 06:19:17.563451+00:00,,,
ALR-000546,ENT-04,AST-00158,MEDIUM,MISCONFIGURATION,EMAIL_GATEWAY,ACKNOWLEDGED,2024-02-05 13:09:07.459358+00:00,2024-02-05 14:09:33.740073+00:00,,,
ALR-000547,ENT-04,AST-00158,MEDIUM,UNAUTHORIZED_ACCESS,NETWORK_IDS,IN_INVESTIGATION,2024-02-03 00:04:15.763734+00:00,2024-02-03 00:47:11.382694+00:00,,,
ALR-000548,ENT-04,AST-00158,HIGH,ANOMALOUS_BEHAVIOR,NETWORK_IDS,CLOSED,2024-02-28 11:17:30.178908+00:00,2024-02-28 12:05:41.069739+00:00,2024-02-28 13:31:11.224079+00:00,,False
ALR-000549,ENT-04,AST-00143,LOW,MALWARE,CORRELATION,ACKNOWLEDGED,2024-02-01 12:47:43.937967+00:00,2024-02-01 15:10:21.421268+00:00,,RK-AST-00143-MALWARE,
ALR-000550,ENT-04,AST-00153,LOW,PHISHING,EMAIL_GATEWAY,CLOSED,2024-02-03 06:13:28.072391+00:00,2024-02-03 09:23:23.612479+00:00,2024-02-03 09:55:05.781044+00:00,,False
ALR-000551,ENT-04,AST-00152,LOW,UNAUTHORIZED_ACCESS,CLOUD_MONITOR,CLOSED,2024-02-27 13:03:14.877851+00:00,2024-02-27 15:28:07.444170+00:00,2024-02-27 16:00:06.317621+00:00,,False
ALR-000552,ENT-04,AST-00149,MEDIUM,UNAUTHORIZED_ACCESS,CORRELATION,CLOSED,2024-02-17 20:54:31.310194+00:00,2024-02-17 21:03:23.810643+00:00,2024-02-17 22:50:17.205576+00:00,,False
ALR-000553,ENT-04,AST-00147,LOW,MISCONFIGURATION,CORRELATION,CLOSED,2024-02-08 20:47:29.373797+00:00,2024-02-08 22:16:43.323559+00:00,2024-02-08 22:33:07.543002+00:00,,False
ALR-000554,ENT-04,AST-00159,MEDIUM,POLICY_VIOLATION,CLOUD_MONITOR,CLOSED,2024-02-22 02:36:24.244415+00:00,2024-02-22 03:53:05.967442+00:00,2024-02-22 04:16:38.140458+00:00,,True
ALR-000555,ENT-04,AST-00157,LOW,UNAUTHORIZED_ACCESS,NETWORK_IDS,CLOSED,2024-02-28 08:27:24.252951+00:00,2024-02-28 09:28:39.802663+00:00,2024-02-28 09:54:57.107393+00:00,,True
ALR-000556,ENT-04,AST-00147,LOW,PHISHING,CLOUD_MONITOR,IN_INVESTIGATION,2024-02-06 19:00:45.473826+00:00,2024-02-06 22:59:05.525271+00:00,,,
ALR-000557,ENT-04,AST-00138,LOW,DATA_EXFILTRATION,ENDPOINT,CLOSED,2024-02-07 17:36:08.670032+00:00,2024-02-07 18:49:44.586699+00:00,2024-02-07 19:05:44.078524+00:00,,False
ALR-000558,ENT-04,AST-00145,LOW,PHISHING,CORRELATION,CLOSED,2024-02-14 02:38:41.365744+00:00,2024-02-14 04:19:09.783993+00:00,2024-02-14 04:40:27.905861+00:00,,False
ALR-000559,ENT-04,AST-00150,HIGH,MALWARE,CLOUD_MONITOR,CLOSED,2024-02-08 17:25:33.296035+00:00,2024-02-08 17:33:34.199968+00:00,2024-02-08 20:51:11.310647+00:00,,False
ALR-000560,ENT-04,AST-00158,MEDIUM,MALWARE,EMAIL_GATEWAY,CLOSED,2024-02-03 20:07:53.049212+00:00,2024-02-03 20:59:02.116536+00:00,2024-02-03 21:43:23.953272+00:00,,False
ALR-000561,ENT-04,AST-00149,HIGH,PHISHING,NETWORK_IDS,CLOSED,2024-02-09 15:37:50.199419+00:00,2024-02-09 15:46:15.336078+00:00,2024-02-09 17:11:57.163123+00:00,,True
ALR-000562,ENT-04,AST-00149,HIGH,ANOMALOUS_BEHAVIOR,FIREWALL,CLOSED,2024-03-02 22:29:28.721760+00:00,2024-03-02 22:41:51.316453+00:00,2024-03-03 00:31:32.101124+00:00,RK-AST-00149-ANOMALOUS_BEHAVIOR,False
ALR-000563,ENT-04,AST-00155,LOW,ANOMALOUS_BEHAVIOR,THREAT_INTEL,NEW,2024-03-13 21:31:14.990440+00:00,,,,
ALR-000564,ENT-04,AST-00156,MEDIUM,MALWARE,FIREWALL,CLOSED,2024-03-04 06:35:14.127975+00:00,2024-03-04 07:31:21.889221+00:00,2024-03-04 08:17:42.042244+00:00,,False
ALR-000565,ENT-04,AST-00157,HIGH,POLICY_VIOLATION,EMAIL_GATEWAY,ACKNOWLEDGED,2024-03-13 04:29:01.103970+00:00,2024-03-13 05:18:26.130566+00:00,,,
ALR-000566,ENT-04,AST-00142,CRITICAL,UNAUTHORIZED_ACCESS,ENDPOINT,CLOSED,2024-03-23 11:47:20.918988+00:00,2024-03-23 11:50:06.084661+00:00,2024-03-23 14:42:57.203461+00:00,RK-AST-00142-UNAUTHORIZED_ACCESS,True
ALR-000567,ENT-04,AST-00153,LOW,LATERAL_MOVEMENT,FIREWALL,IN_INVESTIGATION,2024-03-31 04:05:54.176866+00:00,2024-03-31 08:00:46.794741+00:00,,,
ALR-000568,ENT-04,AST-00139,LOW,MISCONFIGURATION,ENDPOINT,NEW,2024-03-27 08:54:51.993800+00:00,,,RK-AST-00139-MISCONFIGURATION,
ALR-000569,ENT-04,AST-00139,MEDIUM,UNAUTHORIZED_ACCESS,THREAT_INTEL,CLOSED,2024-03-25 07:39:28.295001+00:00,2024-03-25 09:21:32.600458+00:00,2024-03-25 09:49:49.573681+00:00,,False
ALR-000570,ENT-04,AST-00159,LOW,RECONNAISSANCE,NETWORK_IDS,NEW,2024-03-04 02:20:44.289023+00:00,,,RK-AST-00159-RECONNAISSANCE,
ALR-000571,ENT-04,AST-00154,LOW,RECONNAISSANCE,NETWORK_IDS,ACKNOWLEDGED,2024-03-09 07:47:24.980775+00:00,2024-03-09 08:49:53.902857+00:00,,,
ALR-000572,ENT-04,AST-00158,HIGH,MALWARE,CORRELATION,CLOSED,2024-03-23 12:16:51.076502+00:00,2024-03-23 12:33:11.961625+00:00,2024-03-23 14:24:20.906138+00:00,RK-AST-00158-MALWARE,False
ALR-000573,ENT-04,AST-00140,LOW,RECONNAISSANCE,NETWORK_IDS,IN_INVESTIGATION,2024-03-08 06:32:23.540298+00:00,2024-03-08 10:27:19.483701+00:00,,RK-AST-00140-RECONNAISSANCE,
ALR-000574,ENT-04,AST-00158,CRITICAL,UNAUTHORIZED_ACCESS,CORRELATION,CLOSED,2024-03-15 13:01:21.518216+00:00,2024-03-15 13:12:23.808006+00:00,2024-03-15 15:22:48.764384+00:00,,False
ALR-000575,ENT-04,AST-00145,MEDIUM,POLICY_VIOLATION,CORRELATION,CLOSED,2024-03-08 02:02:01.878231+00:00,2024-03-08 02:54:10.703210+00:00,2024-03-08 04:01:55.949137+00:00,,False
ALR-000576,ENT-04,AST-00148,LOW,MALWARE,ENDPOINT,SUPPRESSED,2024-03-29 14:39:25.425422+00:00,,,,
ALR-000577,ENT-04,AST-00158,CRITICAL,MISCONFIGURATION,ENDPOINT,IN_INVESTIGATION,2024-03-29 19:40:13.582812+00:00,2024-03-29 19:44:35.458615+00:00,,RK-AST-00158-MISCONFIGURATION,
ALR-000578,ENT-04,AST-00151,CRITICAL,POLICY_VIOLATION,BEHAVIOR_ANALYTICS,CLOSED,2024-03-31 23:56:48.960226+00:00,2024-04-01 00:05:23.243997+00:00,2024-04-01 02:44:06.924713+00:00,,False
ALR-000579,ENT-04,AST-00153,MEDIUM,MISCONFIGURATION,ENDPOINT,NEW,2024-04-24 20:01:09.323034+00:00,,,,
ALR-000580,ENT-04,AST-00157,LOW,ANOMALOUS_BEHAVIOR,FIREWALL,NEW,2024-04-19 15:48:57.718859+00:00,,,,
ALR-000581,ENT-04,AST-00155,MEDIUM,MISCONFIGURATION,ENDPOINT,CLOSED,2024-04-25 07:59:18.621202+00:00,2024-04-25 09:00:02.334203+00:00,2024-04-25 10:05:23.010705+00:00,,False
ALR-000582,ENT-04,AST-00139,MEDIUM,RECONNAISSANCE,FIREWALL,CLOSED,2024-04-03 17:59:43.000419+00:00,2024-04-03 18:26:17.217036+00:00,2024-04-03 20:47:40.932652+00:00,,True
ALR-000583,ENT-04,AST-00148,LOW,UNAUTHORIZED_ACCESS,ENDPOINT,ACKNOWLEDGED,2024-04-05 00:24:25.942110+00:00,2024-04-05 03:04:45.447789+00:00,,,
ALR-000584,ENT-04,AST-00148,HIGH,ANOMALOUS_BEHAVIOR,NETWORK_IDS,ACKNOWLEDGED,2024-04-02 04:46:14.012347+00:00,2024-04-02 05:12:24.387576+00:00,,,
ALR-000585,ENT-04,AST-00142,CRITICAL,ANOMALOUS_BEHAVIOR,CLOUD_MONITOR,CLOSED,2024-04-12 05:18:57.683873+00:00,2024-04-12 05:30:44.150619+00:00,2024-04-12 07:07:25.671540+00:00,,False
ALR-000586,ENT-04,AST-00142,MEDIUM,MALWARE,CORRELATION,CLOSED,2024-04-21 10:47:30.525902+00:00,2024-04-21 11:38:36.819611+00:00,2024-04-21 12:04:18.632423+00:00,,False
ALR-000587,ENT-04,AST-00150,MEDIUM,POLICY_VIOLATION,CORRELATION,NEW,2024-04-16 21:33:01.980088+00:00,,,,
ALR-000588,ENT-04,AST-00157,CRITICAL,UNAUTHORIZED_ACCESS,ENDPOINT,CLOSED,2024-04-30 00:29:32.024671+00:00,2024-04-30 00:31:39.450938+00:00,2024-04-30 02:27:36.152431+00:00,,True
ALR-000589,ENT-04,AST-00143,LOW,POLICY_VIOLATION,CORRELATION,CLOSED,2024-04-21 07:24:07.531279+00:00,2024-04-21 11:05:36.160698+00:00,2024-04-21 11:35:25.180720+00:00,,False
ALR-000590,ENT-04,AST-00138,HIGH,PHISHING,BEHAVIOR_ANALYTICS,CLOSED,2024-04-10 08:47:58.814530+00:00,2024-04-10 09:05:17.839750+00:00,2024-04-10 11:00:05.018274+00:00,,True
ALR-000591,ENT-04,AST-00153,MEDIUM,RECONNAISSANCE,EMAIL_GATEWAY,CLOSED,2024-04-10 10:01:33.665724+00:00,2024-04-10 10:51:50.619660+00:00,2024-04-10 11:30:08.239920+00:00,,True
ALR-000592,ENT-04,AST-00156,LOW,MISCONFIGURATION,ENDPOINT,ACKNOWLEDGED,2024-04-04 07:31:19.711117+00:00,2024-04-04 09:21:33.781821+00:00,,,
ALR-000593,ENT-04,AST-00142,HIGH,LATERAL_MOVEMENT,ENDPOINT,CLOSED,2024-04-12 15:06:25.916026+00:00,2024-04-12 15:58:17.029654+00:00,2024-04-12 17:16:45.934336+00:00,,True
ALR-000594,ENT-04,AST-00142,HIGH,PHISHING,THREAT_INTEL,CLOSED,2024-04-26 16:27:31.152281+00:00,2024-04-26 17:08:54.702303+00:00,2024-04-26 18:24:32.527101+00:00,,False
ALR-000595,ENT-04,AST-00141,LOW,POLICY_VIOLATION,FIREWALL,CLOSED,2024-04-14 10:08:06.638599+00:00,2024-04-14 11:41:57.638575+00:00,2024-04-14 12:14:31.831281+00:00,,False
ALR-000596,ENT-04,AST-00159,LOW,MALWARE,NETWORK_IDS,ACKNOWLEDGED,2024-04-15 21:46:10.858686+00:00,2024-04-15 23:00:36.317351+00:00,,,
ALR-000597,ENT-04,AST-00157,MEDIUM,UNAUTHORIZED_ACCESS,THREAT_INTEL,CLOSED,2024-04-18 04:45:00.236117+00:00,2024-04-18 05:20:05.342064+00:00,2024-04-18 05:57:07.372517+00:00,,False
ALR-000598,ENT-04,AST-00157,HIGH,RECONNAISSANCE,NETWORK_IDS,CLOSED,2024-04-05 14:12:56.416057+00:00,2024-04-05 14:32:12.205695+00:00,2024-04-05 18:54:37.408813+00:00,,False
ALR-000599,ENT-04,AST-00152,LOW,MISCONFIGURATION,ENDPOINT,ACKNOWLEDGED,2024-05-05 08:47:08.837655+00:00,2024-05-05 13:53:49.016307+00:00,,,
ALR-000600,ENT-04,AST-00147,HIGH,LATERAL_MOVEMENT,THREAT_INTEL,CLOSED,2024-05-13 04:14:09.350900+00:00,2024-05-13 04:22:29.818285+00:00,2024-05-13 05:36:14.917535+00:00,,True
ALR-000601,ENT-04,AST-00155,LOW,LATERAL_MOVEMENT,ENDPOINT,ACKNOWLEDGED,2024-05-17 01:51:20.075256+00:00,2024-05-17 02:50:17.492389+00:00,,,
ALR-000602,ENT-04,AST-00137,LOW,POLICY_VIOLATION,ENDPOINT,CLOSED,2024-05-26 22:14:13.840249+00:00,2024-05-26 23:42:56.043628+00:00,2024-05-27 00:02:01.892161+00:00,RK-AST-00137-POLICY_VIOLATION,False
ALR-000603,ENT-04,AST-00138,HIGH,POLICY_VIOLATION,ENDPOINT,CLOSED,2024-05-11 13:54:27.945050+00:00,2024-05-11 14:11:50.167215+00:00,2024-05-11 15:17:44.231895+00:00,,True
ALR-000604,ENT-04,AST-00158,CRITICAL,MISCONFIGURATION,FIREWALL,CLOSED,2024-05-26 04:42:23.180324+00:00,2024-05-26 04:53:34.563981+00:00,2024-05-26 08:26:35.237898+00:00,,True
ALR-000605,ENT-04,AST-00147,CRITICAL,PHISHING,ENDPOINT,IN_INVESTIGATION,2024-05-22 10:51:53.293210+00:00,2024-05-22 10:56:24.848168+00:00,,,
ALR-000606,ENT-04,AST-00139,HIGH,MALWARE,CLOUD_MONITOR,ACKNOWLEDGED,2024-05-05 10:01:42.235530+00:00,2024-05-05 10:23:31.659566+00:00,,RK-AST-00139-MALWARE,
ALR-000607,ENT-04,AST-00144,MEDIUM,LATERAL_MOVEMENT,CORRELATION,CLOSED,2024-05-08 06:48:04.763941+00:00,2024-05-08 08:09:52.291679+00:00,2024-05-08 09:12:04.881617+00:00,,False
ALR-000608,ENT-04,AST-00150,HIGH,POLICY_VIOLATION,CLOUD_MONITOR,CLOSED,2024-05-05 06:52:08.298077+00:00,2024-05-05 07:11:54.736400+00:00,2024-05-05 09:27:12.154919+00:00,,True
ALR-000609,ENT-04,AST-00142,HIGH,UNAUTHORIZED_ACCESS,FIREWALL,CLOSED,2024-05-30 22:19:04.699184+00:00,2024-05-30 22:45:36.895659+00:00,2024-05-31 01:09:12.863955+00:00,RK-AST-00142-UNAUTHORIZED_ACCESS,True
ALR-000610,ENT-04,AST-00146,MEDIUM,MALWARE,ENDPOINT,CLOSED,2024-05-17 06:20:58.014882+00:00,2024-05-17 07:27:02.680240+00:00,2024-05-17 08:10:08.481036+00:00,,True
ALR-000611,ENT-04,AST-00148,LOW,PHISHING,CORRELATION,ACKNOWLEDGED,2024-05-01 21:56:11.321004+00:00,2024-05-01 23:38:23.884234+00:00,,,
ALR-000612,ENT-04,AST-00138,LOW,LATERAL_MOVEMENT,NETWORK_IDS,CLOSED,2024-05-04 03:21:05.023233+00:00,2024-05-04 07:27:48.596198+00:00,2024-05-04 07:49:42.397038+00:00,,False
ALR-000613,ENT-04,AST-00150,HIGH,RECONNAISSANCE,ENDPOINT,CLOSED,2024-05-05 16:20:06.180898+00:00,2024-05-05 16:50:38.313288+00:00,2024-05-05 17:43:10.910350+00:00,,False
ALR-000614,ENT-04,AST-00149,LOW,POLICY_VIOLATION,CLOUD_MONITOR,ACKNOWLEDGED,2024-05-07 13:17:23.643902+00:00,2024-05-07 14:42:34.894522+00:00,,RK-AST-00149-POLICY_VIOLATION,
ALR-000615,ENT-04,AST-00145,HIGH,PHISHING,FIREWALL,CLOSED,2024-05-02 08:49:54.268926+00:00,2024-05-02 09:05:55.200431+00:00,2024-05-02 10:12:42.259627+00:00,,True
ALR-000616,ENT-04,AST-00152,LOW,PHISHING,ENDPOINT,ACKNOWLEDGED,2024-05-08 07:18:00.689305+00:00,2024-05-08 11:46:18.155122+00:00,,,
ALR-000617,ENT-04,AST-00139,CRITICAL,MALWARE,BEHAVIOR_ANALYTICS,CLOSED,2024-05-15 23:17:59.132632+00:00,2024-05-15 23:26:46.709763+00:00,2024-05-16 01:57:54.926901+00:00,,True
ALR-000618,ENT-04,AST-00137,MEDIUM,LATERAL_MOVEMENT,CLOUD_MONITOR,CLOSED,2024-06-26 11:51:16.736009+00:00,2024-06-26 12:12:29.857579+00:00,2024-06-26 13:16:34.425789+00:00,,False
ALR-000619,ENT-04,AST-00158,LOW,UNAUTHORIZED_ACCESS,THREAT_INTEL,SUPPRESSED,2024-06-17 21:29:47.043316+00:00,,,,
ALR-000620,ENT-04,AST-00160,HIGH,UNAUTHORIZED_ACCESS,EMAIL_GATEWAY,CLOSED,2024-06-13 01:16:58.680748+00:00,2024-06-13 01:34:28.328876+00:00,2024-06-13 02:52:45.995340+00:00,RK-AST-00160-UNAUTHORIZED_ACCESS,False
ALR-000621,ENT-04,AST-00143,HIGH,UNAUTHORIZED_ACCESS,CORRELATION,CLOSED,2024-06-07 10:22:24.094547+00:00,2024-06-07 10:38:30.990017+00:00,2024-06-07 11:54:01.426492+00:00,,False
ALR-000622,ENT-04,AST-00157,HIGH,DATA_EXFILTRATION,FIREWALL,CLOSED,2024-06-03 06:43:24.833071+00:00,2024-06-03 07:00:22.355022+00:00,2024-06-03 07:55:39.907830+00:00,,True
ALR-000623,ENT-04,AST-00147,CRITICAL,MALWARE,EMAIL_GATEWAY,CLOSED,2024-06-04 02:11:32.611666+00:00,2024-06-04 02:17:56.725690+00:00,2024-06-04 03:51:57.751240+00:00,,True
ALR-000624,ENT-04,AST-00141,LOW,ANOMALOUS_BEHAVIOR,CORRELATION,CLOSED,2024-06-10 23:05:40.173215+00:00,2024-06-11 02:13:32.396334+00:00,2024-06-11 02:28:23.651347+00:00,RK-AST-00141-ANOMALOUS_BEHAVIOR,False
ALR-000625,ENT-04,AST-00145,MEDIUM,LATERAL_MOVEMENT,ENDPOINT,ACKNOWLEDGED,2024-06-27 02:39:37.189864+00:00,2024-06-27 03:26:06.104057+00:00,,,
ALR-000626,ENT-04,AST-00149,MEDIUM,DATA_EXFILTRATION,ENDPOINT,ACKNOWLEDGED,2024-06-22 17:33:30.490188+00:00,2024-06-22 18:52:29.874607+00:00,,,
ALR-000627,ENT-04,AST-00157,LOW,MISCONFIGURATION,EMAIL_GATEWAY,CLOSED,2024-06-01 09:18:40.582757+00:00,2024-06-01 10:34:51.370620+00:00,2024-06-01 10:58:59.016481+00:00,,False
ALR-000628,ENT-04,AST-00159,LOW,UNAUTHORIZED_ACCESS,BEHAVIOR_ANALYTICS,CLOSED,2024-06-03 09:55:40.356199+00:00,2024-06-03 11:03:07.168201+00:00,2024-06-03 11:19:57.740455+00:00,,False
ALR-000629,ENT-04,AST-00139,HIGH,UNAUTHORIZED_ACCESS,ENDPOINT,CLOSED,2024-06-05 09:02:52.267501+00:00,2024-06-05 09:49:24.020587+00:00,2024-06-05 12:01:18.979777+00:00,,True
ALR-000630,ENT-05,AST-00190,LOW,PHISHING,ENDPOINT,CLOSED,2024-01-30 01:57:58.671770+00:00,2024-01-30 04:01:39.196996+00:00,2024-01-30 04:25:25.936313+00:00,,False
ALR-000631,ENT-05,AST-00189,HIGH,POLICY_VIOLATION,EMAIL_GATEWAY,CLOSED,2024-01-25 19:58:53.599303+00:00,2024-01-25 20:25:24.124893+00:00,2024-01-25 21:48:50.997419+00:00,,True
ALR-000632,ENT-05,AST-00186,MEDIUM,LATERAL_MOVEMENT,ENDPOINT,CLOSED,2024-01-17 07:04:06.082989+00:00,2024-01-17 08:11:29.533591+00:00,2024-01-17 09:13:07.697520+00:00,,False
ALR-000633,ENT-05,AST-00177,MEDIUM,MISCONFIGURATION,CORRELATION,CLOSED,2024-01-04 00:07:35.493202+00:00,2024-01-04 01:08:53.928260+00:00,2024-01-04 02:23:00.223666+00:00,,False
ALR-000634,ENT-05,AST-00186,LOW,UNAUTHORIZED_ACCESS,EMAIL_GATEWAY,CLOSED,2024-01-02 10:28:17.468711+00:00,2024-01-02 13:17:30.829741+00:00,2024-01-02 13:49:57.383121+00:00,,False
ALR-000635,ENT-05,AST-00185,CRITICAL,ANOMALOUS_BEHAVIOR,CORRELATION,CLOSED,2024-01-25 04:05:03.826452+00:00,2024-01-25 04:09:19.420558+00:00,2024-01-25 10:24:25.403756+00:00,,True
ALR-000636,ENT-05,AST-00181,MEDIUM,PHISHING,THREAT_INTEL,CLOSED,2024-01-02 10:07:10.090252+00:00,2024-01-02 10:43:39.774333+00:00,2024-01-02 11:11:09.157136+00:00,,False
ALR-000637,ENT-05,AST-00163,HIGH,PHISHING,EMAIL_GATEWAY,CLOSED,2024-01-28 19:04:03.821871+00:00,2024-01-28 19:15:13.686462+00:00,2024-01-28 22:56:35.933338+00:00,,True
ALR-000638,ENT-05,AST-00178,MEDIUM,MALWARE,CORRELATION,ACKNOWLEDGED,2024-01-18 08:53:45.846267+00:00,2024-01-18 09:37:44.173269+00:00,,RK-AST-00178-MALWARE,
ALR-000639,ENT-05,AST-00187,LOW,MISCONFIGURATION,FIREWALL,ACKNOWLEDGED,2024-01-09 02:50:55.185023+00:00,2024-01-09 04:52:30.022739+00:00,,RK-AST-00187-MISCONFIGURATION,
ALR-000640,ENT-05,AST-00186,LOW,MISCONFIGURATION,NETWORK_IDS,ACKNOWLEDGED,2024-01-10 20:34:14.948779+00:00,2024-01-10 21:54:50.320728+00:00,,,
ALR-000641,ENT-05,AST-00187,MEDIUM,ANOMALOUS_BEHAVIOR,EMAIL_GATEWAY,ACKNOWLEDGED,2024-01-25 09:01:37.225541+00:00,2024-01-25 09:22:20.929643+00:00,,,
ALR-000642,ENT-05,AST-00174,MEDIUM,MISCONFIGURATION,FIREWALL,ACKNOWLEDGED,2024-01-29 01:23:18.135071+00:00,2024-01-29 02:12:07.821409+00:00,,,
ALR-000643,ENT-05,AST-00174,HIGH,DATA_EXFILTRATION,NETWORK_IDS,CLOSED,2024-01-01 07:47:12.427435+00:00,2024-01-01 08:10:10.050054+00:00,2024-01-01 09:40:44.915107+00:00,,True
ALR-000644,ENT-05,AST-00165,CRITICAL,RECONNAISSANCE,EMAIL_GATEWAY,CLOSED,2024-01-21 07:14:10.437485+00:00,2024-01-21 07:24:54.103506+00:00,2024-01-21 11:03:19.107169+00:00,,True
ALR-000645,ENT-05,AST-00163,MEDIUM,MALWARE,EMAIL_GATEWAY,CLOSED,2024-01-26 11:29:25.207879+00:00,2024-01-26 12:13:27.469351+00:00,2024-01-26 12:44:21.869297+00:00,,True
ALR-000646,ENT-05,AST-00185,LOW,MISCONFIGURATION,CLOUD_MONITOR,ACKNOWLEDGED,2024-01-20 18:36:29.529042+00:00,2024-01-20 20:32:24.756263+00:00,,,
ALR-000647,ENT-05,AST-00182,LOW,UNAUTHORIZED_ACCESS,CLOUD_MONITOR,ACKNOWLEDGED,2024-02-04 09:37:55.586235+00:00,2024-02-04 15:30:24.448994+00:00,,RK-AST-00182-UNAUTHORIZED_ACCESS,
ALR-000648,ENT-05,AST-00174,LOW,PHISHING,EMAIL_GATEWAY,ACKNOWLEDGED,2024-02-08 00:58:33.320878+00:00,2024-02-08 03:49:20.209931+00:00,,,
ALR-000649,ENT-05,AST-00173,LOW,PHISHING,ENDPOINT,CLOSED,2024-02-15 10:09:42.111602+00:00,2024-02-15 12:33:10.828457+00:00,2024-02-15 12:55:44.816623+00:00,,False
ALR-000650,ENT-05,AST-00182,LOW,PHISHING,THREAT_INTEL,ACKNOWLEDGED,2024-02-17 11:03:26.486177+00:00,2024-02-17 12:16:33.607912+00:00,,,
ALR-000651,ENT-05,AST-00173,HIGH,PHISHING,CORRELATION,CLOSED,2024-02-11 09:42:27.216427+00:00,2024-02-11 09:56:32.241300+00:00,2024-02-11 12:24:44.431544+00:00,RK-AST-00173-PHISHING,False
ALR-000652,ENT-05,AST-00165,LOW,MISCONFIGURATION,CLOUD_MONITOR,ACKNOWLEDGED,2024-02-28 08:32:39.272647+00:00,2024-02-28 09:27:16.526551+00:00,,,
ALR-000653,ENT-05,AST-00184,HIGH,PHISHING,ENDPOINT,ACKNOWLEDGED,2024-02-01 12:15:10.970726+00:00,2024-02-01 12:52:07.221064+00:00,,RK-AST-00184-PHISHING,
ALR-000654,ENT-05,AST-00181,MEDIUM,POLICY_VIOLATION,NETWORK_IDS,ACKNOWLEDGED,2024-02-19 09:55:31.178846+00:00,2024-02-19 10:59:00.496742+00:00,,,
ALR-000655,ENT-05,AST-00184,LOW,ANOMALOUS_BEHAVIOR,CLOUD_MONITOR,ACKNOWLEDGED,2024-02-22 12:05:15.804709+00:00,2024-02-22 12:57:42.762943+00:00,,,
ALR-000656,ENT-05,AST-00189,MEDIUM,ANOMALOUS_BEHAVIOR,CLOUD_MONITOR,CLOSED,2024-02-10 19:22:32.972713+00:00,2024-02-10 20:23:42.145444+00:00,2024-02-10 21:06:51.995474+00:00,,True
ALR-000657,ENT-05,AST-00179,LOW,MISCONFIGURATION,BEHAVIOR_ANALYTICS,CLOSED,2024-02-16 08:57:55.629483+00:00,2024-02-16 12:21:06.213881+00:00,2024-02-16 12:45:03.524551+00:00,,False
ALR-000658,ENT-05,AST-00183,MEDIUM,PHISHING,CORRELATION,CLOSED,2024-02-23 00:28:43.501181+00:00,2024-02-23 01:16:06.594861+00:00,2024-02-23 01:43:07.520414+00:00,,False
ALR-000659,ENT-05,AST-00163,MEDIUM,POLICY_VIOLATION,FIREWALL,ACKNOWLEDGED,2024-02-11 17:21:54.052577+00:00,2024-02-11 19:12:23.156146+00:00,,RK-AST-00163-POLICY_VIOLATION,
ALR-000660,ENT-05,AST-00167,HIGH,ANOMALOUS_BEHAVIOR,CORRELATION,CLOSED,2024-02-12 12:09:30.091156+00:00,2024-02-12 12:50:10.327752+00:00,2024-02-12 14:09:58.636266+00:00,,False
ALR-000661,ENT-05,AST-00182,CRITICAL,MALWARE,ENDPOINT,CLOSED,2024-02-01 12:14:13.686658+00:00,2024-02-01 12:18:32.128942+00:00,2024-02-01 16:11:03.961347+00:00,,False
ALR-000662,ENT-05,AST-00181,MEDIUM,MISCONFIGURATION,ENDPOINT,ACKNOWLEDGED,2024-02-09 02:40:43.143674+00:00,2024-02-09 03:22:57.404029+00:00,,,
ALR-000663,ENT-05,AST-00182,MEDIUM,LATERAL_MOVEMENT,CORRELATION,ACKNOWLEDGED,2024-02-22 00:16:23.430111+00:00,2024-02-22 01:09:16.028983+00:00,,RK-AST-00182-LATERAL_MOVEMENT,
ALR-000664,ENT-05,AST-00187,LOW,LATERAL_MOVEMENT,EMAIL_GATEWAY,ACKNOWLEDGED,2024-02-27 18:56:59.489648+00:00,2024-02-27 20:54:15.197235+00:00,,RK-AST-00187-LATERAL_MOVEMENT,
ALR-000665,ENT-05,AST-00182,LOW,RECONNAISSANCE,NETWORK_IDS,NEW,2024-02-13 20:33:06.375323+00:00,,,,
ALR-000666,ENT-05,AST-00173,CRITICAL,MISCONFIGURATION,EMAIL_GATEWAY,CLOSED,2024-02-18 20:05:03.284978+00:00,2024-02-18 20:11:41.497277+00:00,2024-02-19 00:24:30.855847+00:00,RK-AST-00173-MISCONFIGURATION,True
ALR-000667,ENT-05,AST-00189,LOW,UNAUTHORIZED_ACCESS,NETWORK_IDS,CLOSED,2024-02-23 14:15:23.711848+00:00,2024-02-23 16:29:29.085109+00:00,2024-02-23 17:01:49.047558+00:00,,False
ALR-000668,ENT-05,AST-00165,MEDIUM,PHISHING,CORRELATION,ACKNOWLEDGED,2024-02-26 02:47:12.432995+00:00,2024-02-26 04:52:43.173616+00:00,,RK-AST-00165-PHISHING,
ALR-000669,ENT-05,AST-00168,MEDIUM,PHISHING,FIREWALL,IN_INVESTIGATION,2024-02-09 19:14:57.963022+00:00,2024-02-09 20:14:53.640024+00:00,,RK-AST-00168-PHISHING,
ALR-000670,ENT-05,AST-00182,HIGH,RECONNAISSANCE,CORRELATION,CLOSED,2024-02-07 16:35:57.243333+00:00,2024-02-07 16:58:01.830216+00:00,2024-02-07 20:17:20.669692+00:00,RK-AST-00182-RECONNAISSANCE,False
ALR-000671,ENT-05,AST-00181,LOW,POLICY_VIOLATION,FIREWALL,ACKNOWLEDGED,2024-03-01 00:03:02.111456+00:00,2024-03-01 02:58:43.229452+00:00,,RK-AST-00181-POLICY_VIOLATION,
ALR-000672,ENT-05,AST-00184,MEDIUM,MALWARE,BEHAVIOR_ANALYTICS,ACKNOWLEDGED,2024-03-21 22:52:49.165346+00:00,2024-03-21 23:42:41.105494+00:00,,,
ALR-000673,ENT-05,AST-00184,LOW,MISCONFIGURATION,THREAT_INTEL,CLOSED,2024-03-23 14:40:51.902340+00:00,2024-03-23 16:03:01.504040+00:00,2024-03-23 16:16:46.708723+00:00,,False
ALR-000674,ENT-05,AST-00173,HIGH,PHISHING,FIREWALL,CLOSED,2024-03-03 04:18:28.443010+00:00,2024-03-03 04:46:21.387314+00:00,2024-03-03 06:19:11.728201+00:00,,False
ALR-000675,ENT-05,AST-00182,HIGH,MALWARE,ENDPOINT,CLOSED,2024-03-10 23:54:36.719917+00:00,2024-03-11 00:03:39.377839+00:00,2024-03-11 01:21:33.609495+00:00,RK-AST-00182-MALWARE,True
ALR-000676,ENT-05,AST-00175,MEDIUM,UNAUTHORIZED_ACCESS,CORRELATION,CLOSED,2024-03-29 13:12:56.397606+00:00,2024-03-29 13:28:41.331832+00:00,2024-03-29 14:07:30.493887+00:00,RK-AST-00175-UNAUTHORIZED_ACCESS,False
ALR-000677,ENT-05,AST-00190,LOW,POLICY_VIOLATION,EMAIL_GATEWAY,ACKNOWLEDGED,2024-03-16 11:32:10.150126+00:00,2024-03-16 14:08:30.464606+00:00,,,
ALR-000678,ENT-05,AST-00174,LOW,UNAUTHORIZED_ACCESS,ENDPOINT,NEW,2024-03-02 03:56:22.123947+00:00,,,,
ALR-000679,ENT-05,AST-00186,LOW,MALWARE,EMAIL_GATEWAY,CLOSED,2024-03-25 23:13:53.949004+00:00,2024-03-26 00:13:17.783465+00:00,2024-03-26 00:31:41.291419+00:00,,False
ALR-000680,ENT-05,AST-00187,MEDIUM,ANOMALOUS_BEHAVIOR,CLOUD_MONITOR,CLOSED,2024-03-06 01:50:49.025611+00:00,2024-03-06 02:51:13.280312+00:00,2024-03-06 03:44:26.231190+00:00,,False
ALR-000681,ENT-05,AST-00182,MEDIUM,LATERAL_MOVEMENT,NETWORK_IDS,CLOSED,2024-03-16 21:47:57.295061+00:00,2024-03-16 22:23:34.715720+00:00,2024-03-16 22:58:58.268207+00:00,,False
ALR-000682,ENT-05,AST-00186,LOW,DATA_EXFILTRATION,CORRELATION,ACKNOWLEDGED,2024-03-07 05:12:23.249610+00:00,2024-03-07 07:06:27.248721+00:00,,,
ALR-000683,ENT-05,AST-00173,HIGH,ANOMALOUS_BEHAVIOR,ENDPOINT,CLOSED,2024-03-18 17:01:13.670193+00:00,2024-03-18 17:08:58.688794+00:00,2024-03-18 19:39:08.239199+00:00,,True
ALR-000684,ENT-05,AST-00183,LOW,RECONNAISSANCE,FIREWALL,ACKNOWLEDGED,2024-03-05 08:41:26.844913+00:00,2024-03-05 10:22:34.740091+00:00,,RK-AST-00183-RECONNAISSANCE,
ALR-000685,ENT-05,AST-00172,LOW,UNAUTHORIZED_ACCESS,FIREWALL,CLOSED,2024-03-15 14:38:18.777186+00:00,2024-03-15 16:08:44.087331+00:00,2024-03-15 16:38:08.041565+00:00,,False
ALR-000686,ENT-05,AST-00186,MEDIUM,MALWARE,CORRELATION,CLOSED,2024-03-05 05:03:18.014387+00:00,2024-03-05 06:08:31.587596+00:00,2024-03-05 06:44:44.396697+00:00,,False
ALR-000687,ENT-05,AST-00182,MEDIUM,PHISHING,CORRELATION,CLOSED,2024-04-08 01:50:00.541879+00:00,2024-04-08 03:11:58.394462+00:00,2024-04-08 05:00:30.578644+00:00,,True
ALR-000688,ENT-05,AST-00190,LOW,PHISHING,ENDPOINT,ACKNOWLEDGED,2024-04-18 03:39:15.223422+00:00,2024-04-18 04:21:02.141598+00:00,,,
ALR-000689,ENT-05,AST-00175,MEDIUM,POLICY_VIOLATION,NETWORK_IDS,CLOSED,2024-04-06 06:20:38.412745+00:00,2024-04-06 06:46:35.886634+00:00,2024-04-06 08:02:12.189532+00:00,,True
ALR-000690,ENT-05,AST-00186,LOW,MISCONFIGURATION,ENDPOINT,CLOSED,2024-04-04 14:32:20.145102+00:00,2024-04-04 15:12:02.052764+00:00,2024-04-04 15:56:50.355122+00:00,,False
ALR-000691,ENT-05,AST-00172,MEDIUM,POLICY_VIOLATION,CLOUD_MONITOR,ACKNOWLEDGED,2024-04-23 08:09:49.801314+00:00,2024-04-23 09:40:35.339419+00:00,,RK-AST-00172-POLICY_VIOLATION,
ALR-000692,ENT-05,AST-00184,MEDIUM,UNAUTHORIZED_ACCESS,FIREWALL,ACKNOWLEDGED,2024-04-08 04:42:49.405518+00:00,2024-04-08 05:53:54.140017+00:00,,,
ALR-000693,ENT-05,AST-00173,HIGH,MALWARE,EMAIL_GATEWAY,CLOSED,2024-04-02 15:43:34.027972+00:00,2024-04-02 16:19:38.322688+00:00,2024-04-02 17:21:10.254143+00:00,,False
ALR-000694,ENT-05,AST-00184,CRITICAL,ANOMALOUS_BEHAVIOR,ENDPOINT,CLOSED,2024-04-26 23:22:06.261769+00:00,2024-04-26 23:25:14.688110+00:00,2024-04-27 01:06:10.759345+00:00,,True
ALR-000695,ENT-05,AST-00171,MEDIUM,UNAUTHORIZED_ACCESS,ENDPOINT,ACKNOWLEDGED,2024-04-19 23:43:48.309218+00:00,2024-04-20 00:01:18.537755+00:00,,,
ALR-000696,ENT-05,AST-00172,LOW,UNAUTHORIZED_ACCESS,EMAIL_GATEWAY,CLOSED,2024-04-19 12:59:18.247202+00:00,2024-04-19 14:00:05.922520+00:00,2024-04-19 14:33:22.894466+00:00,,False
ALR-000697,ENT-05,AST-00163,CRITICAL,RECONNAISSANCE,BEHAVIOR_ANALYTICS,CLOSED,2024-04-19 21:31:20.729714+00:00,2024-04-19 21:39:36.702341+00:00,2024-04-19 23:48:37.465561+00:00,,True
ALR-000698,ENT-05,AST-00175,MEDIUM,UNAUTHORIZED_ACCESS,NETWORK_IDS,CLOSED,2024-04-05 15:35:17.237738+00:00,2024-04-05 16:11:57.392261+00:00,2024-04-05 17:23:00.945799+00:00,,True
ALR-000699,ENT-05,AST-00163,CRITICAL,ANOMALOUS_BEHAVIOR,EMAIL_GATEWAY,CLOSED,2024-05-05 14:45:52.619301+00:00,2024-05-05 14:52:30.332071+00:00,2024-05-05 16:49:04.380671+00:00,,True
ALR-000700,ENT-05,AST-00179,MEDIUM,UNAUTHORIZED_ACCESS,NETWORK_IDS,ACKNOWLEDGED,2024-05-02 22:27:40.875554+00:00,2024-05-02 23:29:56.878562+00:00,,,
ALR-000701,ENT-05,AST-00187,LOW,RECONNAISSANCE,CORRELATION,NEW,2024-05-28 08:32:06.467703+00:00,,,RK-AST-00187-RECONNAISSANCE,
ALR-000702,ENT-05,AST-00177,HIGH,POLICY_VIOLATION,ENDPOINT,CLOSED,2024-05-20 11:12:42.001639+00:00,2024-05-20 12:14:50.282391+00:00,2024-05-20 14:10:26.465304+00:00,,False
ALR-000703,ENT-05,AST-00167,MEDIUM,UNAUTHORIZED_ACCESS,CORRELATION,CLOSED,2024-05-12 17:35:19.344186+00:00,2024-05-12 18:45:42.819971+00:00,2024-05-12 19:30:20.547894+00:00,,False
ALR-000704,ENT-05,AST-00184,LOW,POLICY_VIOLATION,CLOUD_MONITOR,CLOSED,2024-05-26 01:39:52.662780+00:00,2024-05-26 04:50:44.106883+00:00,2024-05-26 05:31:20.234245+00:00,,False
ALR-000705,ENT-05,AST-00185,LOW,UNAUTHORIZED_ACCESS,EMAIL_GATEWAY,ACKNOWLEDGED,2024-05-01 17:52:21.120800+00:00,2024-05-01 18:57:35.419096+00:00,,RK-AST-00185-UNAUTHORIZED_ACCESS,
ALR-000706,ENT-05,AST-00184,LOW,MISCONFIGURATION,NETWORK_IDS,ACKNOWLEDGED,2024-05-08 18:10:35.773925+00:00,2024-05-08 19:17:02.375007+00:00,,,
ALR-000707,ENT-05,AST-00163,MEDIUM,UNAUTHORIZED_ACCESS,ENDPOINT,CLOSED,2024-05-26 04:27:01.709247+00:00,2024-05-26 05:32:54.504454+00:00,2024-05-26 06:03:39.115455+00:00,,False
ALR-000708,ENT-05,AST-00187,MEDIUM,ANOMALOUS_BEHAVIOR,ENDPOINT,ACKNOWLEDGED,2024-05-01 15:22:54.580381+00:00,2024-05-01 17:27:15.966844+00:00,,RK-AST-00187-ANOMALOUS_BEHAVIOR,
ALR-000709,ENT-05,AST-00180,LOW,POLICY_VIOLATION,ENDPOINT,CLOSED,2024-05-22 09:56:10.240082+00:00,2024-05-22 12:59:56.969884+00:00,2024-05-22 13:26:42.364946+00:00,,False
ALR-000710,ENT-05,AST-00172,HIGH,POLICY_VIOLATION,NETWORK_IDS,CLOSED,2024-05-07 09:42:59.968420+00:00,2024-05-07 10:11:22.189923+00:00,2024-05-07 11:55:32.705033+00:00,,True
ALR-000711,ENT-05,AST-00163,MEDIUM,POLICY_VIOLATION,THREAT_INTEL,CLOSED,2024-05-08 11:01:53.562176+00:00,2024-05-08 12:39:35.323641+00:00,2024-05-08 13:42:04.395744+00:00,RK-AST-00163-POLICY_VIOLATION,False
ALR-000712,ENT-05,AST-00166,MEDIUM,MALWARE,BEHAVIOR_ANALYTICS,CLOSED,2024-05-29 17:57:43.723144+00:00,2024-05-29 18:22:57.502898+00:00,2024-05-29 18:48:19.630516+00:00,,False
ALR-000713,ENT-05,AST-00170,HIGH,UNAUTHORIZED_ACCESS,ENDPOINT,CLOSED,2024-06-11 17:12:54.553073+00:00,2024-06-11 17:24:35.455009+00:00,2024-06-11 19:34:53.126839+00:00,,True
ALR-000714,ENT-05,AST-00181,LOW,LATERAL_MOVEMENT,CORRELATION,SUPPRESSED,2024-06-15 11:47:09.701663+00:00,,,,
ALR-000715,ENT-05,AST-00163,LOW,PHISHING,CORRELATION,ACKNOWLEDGED,2024-06-23 04:03:57.648208+00:00,2024-06-23 05:10:47.927644+00:00,,,
ALR-000716,ENT-05,AST-00181,MEDIUM,RECONNAISSANCE,FIREWALL,CLOSED,2024-06-27 20:43:47.052388+00:00,2024-06-27 21:27:06.942843+00:00,2024-06-27 22:14:21.708862+00:00,,True
ALR-000717,ENT-05,AST-00179,MEDIUM,ANOMALOUS_BEHAVIOR,NETWORK_IDS,CLOSED,2024-06-12 18:43:21.519705+00:00,2024-06-12 19:50:57.133046+00:00,2024-06-12 20:10:20.280660+00:00,,False
ALR-000718,ENT-05,AST-00172,LOW,MISCONFIGURATION,BEHAVIOR_ANALYTICS,NEW,2024-06-08 06:10:47.556655+00:00,,,,
ALR-000719,ENT-05,AST-00183,MEDIUM,POLICY_VIOLATION,CORRELATION,CLOSED,2024-06-27 02:09:03.769450+00:00,2024-06-27 03:15:15.399209+00:00,2024-06-27 03:39:35.891063+00:00,RK-AST-00183-POLICY_VIOLATION,False
ALR-000720,ENT-05,AST-00176,MEDIUM,LATERAL_MOVEMENT,ENDPOINT,ACKNOWLEDGED,2024-06-18 19:04:28.437593+00:00,2024-06-18 21:35:36.495727+00:00,,,
ALR-000721,ENT-05,AST-00174,MEDIUM,UNAUTHORIZED_ACCESS,EMAIL_GATEWAY,NEW,2024-06-19 14:57:15.575375+00:00,,,,
ALR-000722,ENT-05,AST-00165,CRITICAL,LATERAL_MOVEMENT,NETWORK_IDS,CLOSED,2024-06-21 12:08:12.362999+00:00,2024-06-21 12:18:37.601847+00:00,2024-06-21 16:36:30.390471+00:00,,False
ALR-000723,ENT-05,AST-00177,LOW,RECONNAISSANCE,BEHAVIOR_ANALYTICS,ACKNOWLEDGED,2024-06-27 23:11:22.008173+00:00,2024-06-28 00:57:33.518535+00:00,,,
ALR-000724,ENT-05,AST-00184,LOW,MISCONFIGURATION,CORRELATION,ACKNOWLEDGED,2024-06-26 02:01:18.759096+00:00,2024-06-26 04:59:06.287448+00:00,,RK-AST-00184-MISCONFIGURATION,
ALR-000725,ENT-05,AST-00182,HIGH,POLICY_VIOLATION,FIREWALL,CLOSED,2024-06-15 03:58:52.719292+00:00,2024-06-15 04:18:38.968593+00:00,2024-06-15 05:49:47.610541+00:00,,True
ALR-000726,ENT-05,AST-00163,HIGH,RECONNAISSANCE,CORRELATION,CLOSED,2024-06-14 16:41:28.920160+00:00,2024-06-14 16:57:56.031736+00:00,2024-06-14 20:59:26.392822+00:00,,True
ALR-000727,ENT-05,AST-00190,MEDIUM,RECONNAISSANCE,FIREWALL,ACKNOWLEDGED,2024-06-13 19:50:26.013415+00:00,2024-06-13 21:59:47.262133+00:00,,,
ALR-000728,ENT-05,AST-00180,LOW,PHISHING,BEHAVIOR_ANALYTICS,NEW,2024-06-28 00:43:10.888496+00:00,,,RK-AST-00180-PHISHING,
ALR-000729,ENT-05,AST-00182,HIGH,MISCONFIGURATION,CORRELATION,CLOSED,2024-06-26 16:27:18.421448+00:00,2024-06-26 16:48:17.172660+00:00,2024-06-26 18:40:37.424526+00:00,,False
ALR-000730,ENT-05,AST-00167,MEDIUM,DATA_EXFILTRATION,NETWORK_IDS,ACKNOWLEDGED,2024-06-20 09:03:05.095039+00:00,2024-06-20 10:42:28.433031+00:00,,RK-AST-00167-DATA_EXFILTRATION,
ALR-000731,ENT-05,AST-00182,HIGH,POLICY_VIOLATION,CORRELATION,CLOSED,2024-06-21 19:09:28.356514+00:00,2024-06-21 19:55:07.937746+00:00,2024-06-21 21:36:26.920441+00:00,,False
ALR-000732,ENT-05,AST-00187,HIGH,MISCONFIGURATION,EMAIL_GATEWAY,CLOSED,2024-06-23 05:20:00.017419+00:00,2024-06-23 05:43:39.228090+00:00,2024-06-23 07:59:02.447917+00:00,,False
ALR-000733,ENT-05,AST-00171,LOW,PHISHING,NETWORK_IDS,ACKNOWLEDGED,2024-06-27 04:58:54.145994+00:00,2024-06-27 07:15:04.471685+00:00,,,
ALR-000734,ENT-05,AST-00162,MEDIUM,MALWARE,CLOUD_MONITOR,NEW,2024-06-01 20:46:10.195530+00:00,,,RK-AST-00162-MALWARE,
ALR-000735,ENT-05,AST-00184,MEDIUM,POLICY_VIOLATION,FIREWALL,ACKNOWLEDGED,2024-06-20 15:39:30.573875+00:00,2024-06-20 17:54:29.920012+00:00,,,
ALR-000736,ENT-05,AST-00187,MEDIUM,DATA_EXFILTRATION,CLOUD_MONITOR,CLOSED,2024-06-05 07:59:45.322068+00:00,2024-06-05 08:39:37.417621+00:00,2024-06-05 09:27:59.996642+00:00,,True
ALR-000737,ENT-05,AST-00185,HIGH,UNAUTHORIZED_ACCESS,FIREWALL,CLOSED,2024-06-16 23:52:08.699079+00:00,2024-06-17 00:19:25.537252+00:00,2024-06-17 02:44:20.575044+00:00,,True
ALR-000738,ENT-05,AST-00190,MEDIUM,PHISHING,CORRELATION,CLOSED,2024-06-23 12:53:02.029783+00:00,2024-06-23 13:54:02.500001+00:00,2024-06-23 14:28:38.430705+00:00,,False
ALR-000739,ENT-06,AST-00194,LOW,PHISHING,BEHAVIOR_ANALYTICS,ACKNOWLEDGED,2024-01-23 03:55:51.861435+00:00,2024-01-23 11:40:50.124049+00:00,,,
ALR-000740,ENT-06,AST-00194,LOW,MALWARE,CLOUD_MONITOR,ACKNOWLEDGED,2024-01-20 03:49:17.891136+00:00,2024-01-20 08:09:03.964434+00:00,,,
ALR-000741,ENT-06,AST-00195,LOW,UNAUTHORIZED_ACCESS,FIREWALL,CLOSED,2024-01-25 08:54:28.490963+00:00,2024-01-25 11:08:36.225816+00:00,2024-01-25 11:25:02.515148+00:00,RK-AST-00195-UNAUTHORIZED_ACCESS,False
ALR-000742,ENT-06,AST-00191,LOW,MALWARE,CORRELATION,ACKNOWLEDGED,2024-02-16 05:09:21.592764+00:00,2024-02-16 07:20:18.778191+00:00,,,
ALR-000743,ENT-06,AST-00197,LOW,MALWARE,NETWORK_IDS,CLOSED,2024-02-15 01:36:42.569136+00:00,2024-02-15 04:07:54.338460+00:00,2024-02-15 04:45:47.847398+00:00,RK-AST-00197-MALWARE,False
ALR-000744,ENT-06,AST-00194,MEDIUM,MISCONFIGURATION,FIREWALL,CLOSED,2024-02-21 09:11:49.657580+00:00,2024-02-21 09:40:53.549229+00:00,2024-02-21 10:48:11.495418+00:00,,False
ALR-000745,ENT-06,AST-00200,LOW,UNAUTHORIZED_ACCESS,NETWORK_IDS,CLOSED,2024-02-15 09:56:57.398521+00:00,2024-02-15 14:06:12.849187+00:00,2024-02-15 14:35:23.699263+00:00,,False
ALR-000746,ENT-06,AST-00195,LOW,RECONNAISSANCE,FIREWALL,ACKNOWLEDGED,2024-02-12 21:38:34.234595+00:00,2024-02-12 23:24:36.377213+00:00,,,
ALR-000747,ENT-06,AST-00193,LOW,POLICY_VIOLATION,ENDPOINT,ACKNOWLEDGED,2024-03-18 14:48:02.077381+00:00,2024-03-18 16:06:24.010096+00:00,,,
ALR-000748,ENT-06,AST-00199,HIGH,UNAUTHORIZED_ACCESS,CORRELATION,CLOSED,2024-03-08 17:33:23.127735+00:00,2024-03-08 18:09:42.030136+00:00,2024-03-08 19:44:57.595501+00:00,,True
ALR-000749,ENT-06,AST-00196,MEDIUM,DATA_EXFILTRATION,CLOUD_MONITOR,CLOSED,2024-03-27 12:51:04.263065+00:00,2024-03-27 14:18:57.844785+00:00,2024-03-27 15:13:51.887129+00:00,,True
ALR-000750,ENT-06,AST-00191,LOW,MALWARE,ENDPOINT,ACKNOWLEDGED,2024-03-19 01:49:27.544671+00:00,2024-03-19 02:44:22.320979+00:00,,,
ALR-000751,ENT-06,AST-00195,MEDIUM,POLICY_VIOLATION,CORRELATION,CLOSED,2024-03-30 19:51:10.360293+00:00,2024-03-30 21:37:44.630705+00:00,2024-03-30 22:30:53.192529+00:00,,False
ALR-000752,ENT-06,AST-00196,MEDIUM,ANOMALOUS_BEHAVIOR,CLOUD_MONITOR,CLOSED,2024-03-16 08:20:58.743673+00:00,2024-03-16 09:46:34.787665+00:00,2024-03-16 10:40:10.652113+00:00,,False
ALR-000753,ENT-06,AST-00195,LOW,POLICY_VIOLATION,CLOUD_MONITOR,ACKNOWLEDGED,2024-03-05 10:17:06.031287+00:00,2024-03-05 11:54:54.006027+00:00,,,
ALR-000754,ENT-06,AST-00194,LOW,PHISHING,ENDPOINT,CLOSED,2024-04-27 13:39:35.482085+00:00,2024-04-27 15:44:17.851049+00:00,2024-04-27 15:56:26.038758+00:00,,False
ALR-000755,ENT-06,AST-00198,HIGH,RECONNAISSANCE,ENDPOINT,ACKNOWLEDGED,2024-04-08 10:18:28.390130+00:00,2024-04-08 10:34:07.322627+00:00,,,
ALR-000756,ENT-06,AST-00194,MEDIUM,RECONNAISSANCE,ENDPOINT,CLOSED,2024-04-27 01:35:28.523444+00:00,2024-04-27 02:42:21.343653+00:00,2024-04-27 03:21:50.871570+00:00,,False
ALR-000757,ENT-06,AST-00194,HIGH,PHISHING,NETWORK_IDS,CLOSED,2024-04-27 22:49:46.720825+00:00,2024-04-27 23:02:51.531055+00:00,2024-04-28 01:37:06.467171+00:00,,True
ALR-000758,ENT-06,AST-00193,LOW,UNAUTHORIZED_ACCESS,CLOUD_MONITOR,CLOSED,2024-04-09 19:08:57.459081+00:00,2024-04-09 20:28:19.994873+00:00,2024-04-09 21:09:50.060622+00:00,,True
ALR-000759,ENT-06,AST-00193,LOW,UNAUTHORIZED_ACCESS,NETWORK_IDS,CLOSED,2024-04-16 08:22:51.398940+00:00,2024-04-16 10:36:42.778941+00:00,2024-04-16 11:05:24.393605+00:00,RK-AST-00193-UNAUTHORIZED_ACCESS,False
ALR-000760,ENT-06,AST-00196,LOW,MISCONFIGURATION,CLOUD_MONITOR,NEW,2024-04-20 12:30:21.593961+00:00,,,RK-AST-00196-MISCONFIGURATION,
ALR-000761,ENT-06,AST-00199,MEDIUM,UNAUTHORIZED_ACCESS,EMAIL_GATEWAY,CLOSED,2024-05-29 20:25:57.701372+00:00,2024-05-29 20:45:05.845951+00:00,2024-05-29 21:21:22.725656+00:00,,False
ALR-000762,ENT-06,AST-00191,LOW,RECONNAISSANCE,BEHAVIOR_ANALYTICS,NEW,2024-05-20 04:30:31.421986+00:00,,,,
ALR-000763,ENT-06,AST-00192,LOW,UNAUTHORIZED_ACCESS,ENDPOINT,ACKNOWLEDGED,2024-05-27 03:13:50.342242+00:00,2024-05-27 04:28:03.194809+00:00,,,
ALR-000764,ENT-06,AST-00201,MEDIUM,PHISHING,BEHAVIOR_ANALYTICS,CLOSED,2024-05-31 10:13:19.426271+00:00,2024-05-31 11:19:13.203521+00:00,2024-05-31 11:51:23.258184+00:00,,False
ALR-000765,ENT-06,AST-00201,MEDIUM,PHISHING,FIREWALL,CLOSED,2024-05-20 02:46:57.905535+00:00,2024-05-20 05:21:08.182453+00:00,2024-05-20 06:38:21.833122+00:00,,False
ALR-000766,ENT-06,AST-00191,HIGH,ANOMALOUS_BEHAVIOR,FIREWALL,CLOSED,2024-05-13 14:12:29.517646+00:00,2024-05-13 15:08:37.371221+00:00,2024-05-13 20:54:50.440116+00:00,,False
ALR-000767,ENT-06,AST-00200,HIGH,MISCONFIGURATION,NETWORK_IDS,CLOSED,2024-05-22 12:46:04.375329+00:00,2024-05-22 12:48:48.170207+00:00,2024-05-22 15:01:05.525266+00:00,,True
ALR-000768,ENT-06,AST-00201,MEDIUM,POLICY_VIOLATION,EMAIL_GATEWAY,CLOSED,2024-05-08 23:23:59.239891+00:00,2024-05-09 00:22:52.017192+00:00,2024-05-09 01:05:16.576377+00:00,,False
ALR-000769,ENT-06,AST-00191,MEDIUM,RECONNAISSANCE,CLOUD_MONITOR,CLOSED,2024-05-09 17:04:08.789386+00:00,2024-05-09 18:18:52.074880+00:00,2024-05-09 19:54:34.006688+00:00,,False
ALR-000770,ENT-06,AST-00194,HIGH,POLICY_VIOLATION,ENDPOINT,ACKNOWLEDGED,2024-06-11 08:52:43.622630+00:00,2024-06-11 09:01:40.766182+00:00,,,
ALR-000771,ENT-06,AST-00192,LOW,MALWARE,NETWORK_IDS,CLOSED,2024-06-02 20:56:02.800692+00:00,2024-06-03 00:16:32.042674+00:00,2024-06-03 00:26:21.398365+00:00,RK-AST-00192-MALWARE,False
ALR-000772,ENT-06,AST-00199,MEDIUM,PHISHING,CORRELATION,CLOSED,2024-06-16 21:52:42.234291+00:00,2024-06-16 23:24:18.834003+00:00,2024-06-16 23:49:51.744823+00:00,,False
ALR-000773,ENT-06,AST-00198,MEDIUM,PHISHING,NETWORK_IDS,IN_INVESTIGATION,2024-06-17 06:29:26.524204+00:00,2024-06-17 07:22:27.909125+00:00,,,
ALR-000774,ENT-06,AST-00193,LOW,UNAUTHORIZED_ACCESS,CORRELATION,ACKNOWLEDGED,2024-06-15 12:15:33.084161+00:00,2024-06-15 14:25:10.387750+00:00,,,
ALR-000775,ENT-06,AST-00201,MEDIUM,LATERAL_MOVEMENT,ENDPOINT,ACKNOWLEDGED,2024-06-07 07:50:26.669465+00:00,2024-06-07 08:47:30.860086+00:00,,,
ALR-000776,ENT-01,AST-00025,CRITICAL,UNAUTHORIZED_ACCESS,CORRELATION,CLOSED,2024-02-09 16:48:00+00:00,2024-02-09 16:56:13.320907+00:00,2024-02-09 20:34:05.943801+00:00,,True
ALR-000777,ENT-03,AST-00098,CRITICAL,UNAUTHORIZED_ACCESS,CORRELATION,CLOSED,2024-03-10 07:12:00+00:00,2024-03-10 07:16:37.192931+00:00,2024-03-10 10:31:20.217367+00:00,,True
ALR-000778,ENT-05,AST-00184,CRITICAL,UNAUTHORIZED_ACCESS,NETWORK_IDS,CLOSED,2024-04-10 00:00:00+00:00,2024-04-10 00:06:25.659467+00:00,2024-04-10 03:52:48.971538+00:00,,True
ALR-000779,ENT-01,AST-00049,CRITICAL,MALWARE,THREAT_INTEL,ACKNOWLEDGED,2024-03-16 12:00:00+00:00,2024-03-16 12:04:26.405452+00:00,,,
ALR-000780,ENT-02,AST-00076,HIGH,MALWARE,CORRELATION,ACKNOWLEDGED,2024-02-15 12:00:00+00:00,2024-02-15 12:02:36.694301+00:00,,,
ALR-000781,ENT-04,AST-00139,HIGH,MALWARE,THREAT_INTEL,ACKNOWLEDGED,2024-04-16 00:00:00+00:00,2024-04-16 00:03:20.279011+00:00,,,
ALR-000782,ENT-03,AST-00098,CRITICAL,DATA_EXFILTRATION,ENDPOINT,CLOSED,2024-02-18 09:36:00+00:00,2024-02-18 09:41:19.905366+00:00,2024-02-18 09:47:26.486161+00:00,,False
ALR-000783,ENT-05,AST-00182,HIGH,DATA_EXFILTRATION,CORRELATION,CLOSED,2024-03-19 14:24:00+00:00,2024-03-19 14:28:59.202858+00:00,2024-03-19 14:32:23.641142+00:00,,False
ALR-000784,ENT-06,AST-00202,CRITICAL,DATA_EXFILTRATION,ENDPOINT,CLOSED,2024-04-19 00:00:00+00:00,2024-04-19 00:03:22.420630+00:00,2024-04-19 00:09:58.677897+00:00,,False
ALR-000785,ENT-02,AST-00203,HIGH,PHISHING,EMAIL_GATEWAY,CLOSED,2024-01-13 09:36:00+00:00,2024-01-13 09:44:15.575101+00:00,2024-01-13 11:10:47.369000+00:00,RK-AST-00203-PHISHING,True
ALR-000786,ENT-02,AST-00203,HIGH,PHISHING,NETWORK_IDS,CLOSED,2024-02-12 14:24:00+00:00,2024-02-12 14:34:18.725309+00:00,2024-02-12 16:02:39.704177+00:00,RK-AST-00203-PHISHING,True
ALR-000787,ENT-02,AST-00203,HIGH,PHISHING,THREAT_INTEL,CLOSED,2024-03-13 09:36:00+00:00,2024-03-13 09:44:19.518537+00:00,2024-03-13 10:42:57.169520+00:00,RK-AST-00203-PHISHING,True
ALR-000788,ENT-02,AST-00203,HIGH,PHISHING,CLOUD_MONITOR,CLOSED,2024-04-13 00:00:00+00:00,2024-04-13 00:07:35.135377+00:00,2024-04-13 03:46:33.957553+00:00,RK-AST-00203-PHISHING,True
ALR-000789,ENT-02,AST-00203,HIGH,PHISHING,CLOUD_MONITOR,CLOSED,2024-05-13 09:36:00+00:00,2024-05-13 09:49:59.189564+00:00,2024-05-13 11:19:16.615490+00:00,RK-AST-00203-PHISHING,True
ALR-000790,ENT-04,AST-00204,HIGH,MISCONFIGURATION,CORRELATION,CLOSED,2024-01-13 09:36:00+00:00,2024-01-13 09:47:35.614886+00:00,2024-01-13 11:29:59.220458+00:00,RK-AST-00204-MISCONFIGURATION,True
ALR-000791,ENT-04,AST-00204,HIGH,MISCONFIGURATION,NETWORK_IDS,CLOSED,2024-02-12 14:24:00+00:00,2024-02-12 14:30:29.745869+00:00,2024-02-12 19:53:02.729904+00:00,RK-AST-00204-MISCONFIGURATION,True
ALR-000792,ENT-04,AST-00204,HIGH,MISCONFIGURATION,NETWORK_IDS,CLOSED,2024-03-13 09:36:00+00:00,2024-03-13 09:47:35.944179+00:00,2024-03-13 13:04:09.796925+00:00,RK-AST-00204-MISCONFIGURATION,True
ALR-000793,ENT-04,AST-00204,HIGH,MISCONFIGURATION,CLOUD_MONITOR,CLOSED,2024-04-13 00:00:00+00:00,2024-04-13 00:12:52.957671+00:00,2024-04-13 03:35:29.019880+00:00,RK-AST-00204-MISCONFIGURATION,True
ALR-000794,ENT-04,AST-00204,HIGH,MISCONFIGURATION,NETWORK_IDS,CLOSED,2024-05-13 09:36:00+00:00,2024-05-13 09:41:33.598902+00:00,2024-05-13 11:00:50.674826+00:00,RK-AST-00204-MISCONFIGURATION,True
ALR-000795,ENT-03,AST-00209,MEDIUM,ANOMALOUS_BEHAVIOR,FIREWALL,CLOSED,2024-03-07 04:48:00+00:00,2024-03-07 04:52:26.288840+00:00,2024-03-07 05:29:42.756629+00:00,,False
ALR-000796,ENT-03,AST-00209,MEDIUM,ANOMALOUS_BEHAVIOR,ENDPOINT,CLOSED,2024-03-11 20:24:00+00:00,2024-03-11 20:34:20.945710+00:00,2024-03-11 21:07:36.737837+00:00,,False
ALR-000797,ENT-03,AST-00209,MEDIUM,ANOMALOUS_BEHAVIOR,NETWORK_IDS,CLOSED,2024-03-16 12:00:00+00:00,2024-03-16 12:07:51.294104+00:00,2024-03-16 12:45:28.230032+00:00,,False
ALR-000798,ENT-03,AST-00209,MEDIUM,ANOMALOUS_BEHAVIOR,ENDPOINT,CLOSED,2024-03-21 03:36:00+00:00,2024-03-21 03:44:43.592805+00:00,2024-03-21 04:26:58.476791+00:00,,False
ALR-000799,ENT-04,AST-00210,HIGH,LATERAL_MOVEMENT,CLOUD_MONITOR,CLOSED,2024-04-11 12:00:00+00:00,2024-04-11 12:06:21.168477+00:00,2024-04-11 14:51:45.798050+00:00,RK-AST-00210-LATERAL_MOVEMENT,True
ALR-000800,ENT-04,AST-00210,HIGH,LATERAL_MOVEMENT,ENDPOINT,CLOSED,2024-05-11 20:24:00+00:00,2024-05-11 20:40:45.226015+00:00,2024-05-11 23:09:57.424681+00:00,RK-AST-00210-LATERAL_MOVEMENT,True
ALR-000801,ENT-04,AST-00210,HIGH,LATERAL_MOVEMENT,CORRELATION,CLOSED,2024-06-11 12:00:00+00:00,2024-06-11 12:11:08.851920+00:00,2024-06-11 13:52:07.766913+00:00,RK-AST-00210-LATERAL_MOVEMENT,True
