action_id,investigation_id,sequence_number,action_type,occurred_at,duration_seconds,outcome
ACT-0000001,INV-000001,1,OPEN,2024-01-02 15:47:05.548965+00:00,772,
ACT-0000002,INV-000001,2,ASSET_LOOKUP,2024-01-02 15:59:57.835270+00:00,745,FAILED
ACT-0000003,INV-000001,3,CONTEXT_REVIEW,2024-01-02 16:12:23.379955+00:00,1132,SUCCESS
ACT-0000004,INV-000001,4,VALIDATE,2024-01-02 16:31:15.689524+00:00,674,INCONCLUSIVE
ACT-0000005,INV-000001,5,CLOSE,2024-01-02 16:42:30.238952+00:00,1416,
ACT-0000006,INV-000002,1,OPEN,2024-01-25 09:50:04.461259+00:00,54,
ACT-0000007,INV-000002,2,ASSET_LOOKUP,2024-01-25 09:50:58.634454+00:00,1710,SUCCESS
ACT-0000008,INV-000002,3,EVIDENCE_REVIEW,2024-01-25 10:19:29.118973+00:00,1417,INCONCLUSIVE
ACT-0000009,INV-000002,4,EVIDENCE_REVIEW,2024-01-25 10:43:06.217755+00:00,1263,SUCCESS
ACT-0000010,INV-000002,5,CORRELATION,2024-01-25 11:04:10.200137+00:00,1209,SUCCESS
ACT-0000011,INV-000002,6,CONTEXT_REVIEW,2024-01-25 11:24:20.052127+00:00,1555,SUCCESS
ACT-0000012,INV-000002,7,CONTEXT_REVIEW,2024-01-25 11:50:16.041629+00:00,1766,SUCCESS
ACT-0000013,INV-000002,8,CORRELATION,2024-01-25 12:19:42.044085+00:00,684,SUCCESS
ACT-0000014,INV-000002,9,CONTAINMENT_REQUEST,2024-01-25 12:31:06.354475+00:00,411,SUCCESS
ACT-0000015,INV-000002,10,REMEDIATION_REQUEST,2024-01-25 12:37:57.684709+00:00,5726,SUCCESS
ACT-0000016,INV-000002,11,VALIDATE,2024-01-25 14:13:24.312417+00:00,1482,SUCCESS
ACT-0000017,INV-000002,12,CLOSE,2024-01-25 14:38:06.757419+00:00,1592,
ACT-0000018,INV-000003,1,OPEN,2024-01-18 06:16:56.772667+00:00,307,
ACT-0000019,INV-000003,2,ASSET_LOOKUP,2024-01-18 06:22:04.404823+00:00,10,SUCCESS
ACT-0000020,INV-000003,3,CONTEXT_REVIEW,2024-01-18 06:22:14.708457+00:00,156,SUCCESS
ACT-0000021,INV-000003,4,ESCALATE,2024-01-18 06:24:51.653963+00:00,253,SUCCESS
ACT-0000022,INV-000003,5,CONTAINMENT_REQUEST,2024-01-18 06:29:04.939418+00:00,980,SUCCESS
ACT-0000023,INV-000003,6,REMEDIATION_REQUEST,2024-01-18 06:45:25.056848+00:00,9,SUCCESS
ACT-0000024,INV-000003,7,VALIDATE,2024-01-18 06:45:34.678580+00:00,377,SUCCESS
ACT-0000025,INV-000003,8,CLOSE,2024-01-18 06:51:51.999845+00:00,115,
ACT-0000026,INV-000004,1,OPEN,2024-01-20 22:55:20.509286+00:00,7405,
ACT-0000027,INV-000004,2,ASSET_LOOKUP,2024-01-21 00:58:46.164688+00:00,259,SUCCESS
ACT-0000028,INV-000004,3,CORRELATION,2024-01-21 01:03:05.605946+00:00,313,SUCCESS
ACT-0000029,INV-000004,4,EVENT_SEARCH,2024-01-21 01:08:19.399228+00:00,1626,SUCCESS
ACT-0000030,INV-000004,5,CONTEXT_REVIEW,2024-01-21 01:35:25.484859+00:00,2446,SUCCESS
ACT-0000031,INV-000004,6,EVENT_SEARCH,2024-01-21 02:16:11.933592+00:00,474,SUCCESS
ACT-0000032,INV-000004,7,ESCALATE,2024-01-21 02:24:06.214469+00:00,1415,SUCCESS
ACT-0000033,INV-000004,8,VALIDATE,2024-01-21 02:47:42.023447+00:00,691,SUCCESS
ACT-0000034,INV-000004,9,CLOSE,2024-01-21 02:59:13.820168+00:00,244,
ACT-0000035,INV-000005,1,OPEN,2024-01-09 09:52:41.793536+00:00,138,
ACT-0000036,INV-000005,2,ASSET_LOOKUP,2024-01-09 09:54:59.910539+00:00,4816,SUCCESS
ACT-0000037,INV-000005,3,ASSET_LOOKUP,2024-01-09 11:15:15.974659+00:00,4643,SUCCESS
ACT-0000038,INV-000005,4,CONTEXT_REVIEW,2024-01-09 12:32:39.395007+00:00,1074,SUCCESS
ACT-0000039,INV-000005,5,EVIDENCE_REVIEW,2024-01-09 12:50:34.090264+00:00,331,SUCCESS
ACT-0000040,INV-000005,6,ASSET_LOOKUP,2024-01-09 12:56:06.043763+00:00,823,SUCCESS
ACT-0000041,INV-000005,7,EVENT_SEARCH,2024-01-09 13:09:49.122949+00:00,1000,SUCCESS
ACT-0000042,INV-000005,8,EVENT_SEARCH,2024-01-09 13:26:30.095555+00:00,900,SUCCESS
ACT-0000043,INV-000005,9,ESCALATE,2024-01-09 13:41:30.818502+00:00,635,SUCCESS
ACT-0000044,INV-000005,10,VALIDATE,2024-01-09 13:52:06.451906+00:00,132,SUCCESS
ACT-0000045,INV-000005,11,CLOSE,2024-01-09 13:54:19.173316+00:00,1778,
ACT-0000046,INV-000006,1,OPEN,2024-01-18 02:47:39.311771+00:00,428,
ACT-0000047,INV-000006,2,ASSET_LOOKUP,2024-01-18 02:54:47.881277+00:00,299,FAILED
ACT-0000048,INV-000006,3,CORRELATION,2024-01-18 02:59:47.659542+00:00,990,SUCCESS
ACT-0000049,INV-000006,4,VALIDATE,2024-01-18 03:16:18.194385+00:00,904,SUCCESS
ACT-0000050,INV-000006,5,CLOSE,2024-01-18 03:31:22.817534+00:00,522,
ACT-0000051,INV-000007,1,OPEN,2024-01-15 12:39:19.785104+00:00,218,
ACT-0000052,INV-000007,2,ASSET_LOOKUP,2024-01-15 12:42:58.405379+00:00,94,SUCCESS
ACT-0000053,INV-000007,3,EVENT_SEARCH,2024-01-15 12:44:33.070138+00:00,135,SUCCESS
ACT-0000054,INV-000007,4,EVENT_SEARCH,2024-01-15 12:46:48.638801+00:00,397,SUCCESS
ACT-0000055,INV-000007,5,CLOSE,2024-01-15 12:53:26.122314+00:00,113,
ACT-0000056,INV-000008,1,OPEN,2024-01-14 12:55:34.085805+00:00,29,
ACT-0000057,INV-000008,2,ASSET_LOOKUP,2024-01-14 12:56:03.750781+00:00,35,SUCCESS
ACT-0000058,INV-000008,3,CONTEXT_REVIEW,2024-01-14 12:56:39.036054+00:00,487,SUCCESS
ACT-0000059,INV-000008,4,CLOSE,2024-01-14 13:04:46.950998+00:00,786,
ACT-0000060,INV-000009,1,OPEN,2024-01-26 06:47:24.958173+00:00,3902,
ACT-0000061,INV-000009,2,ASSET_LOOKUP,2024-01-26 07:52:27.867797+00:00,1526,INCONCLUSIVE
ACT-0000062,INV-000009,3,CONTEXT_REVIEW,2024-01-26 08:17:54.737118+00:00,50,SUCCESS
ACT-0000063,INV-000009,4,CONTEXT_REVIEW,2024-01-26 08:18:45.432374+00:00,381,SUCCESS
ACT-0000064,INV-000009,5,CONTEXT_REVIEW,2024-01-26 08:25:07.267402+00:00,1038,SUCCESS
ACT-0000065,INV-000009,6,ESCALATE,2024-01-26 08:42:26.165848+00:00,7060,SUCCESS
ACT-0000066,INV-000009,7,VALIDATE,2024-01-26 10:40:06.867509+00:00,596,SUCCESS
ACT-0000067,INV-000009,8,CLOSE,2024-01-26 10:50:03.526251+00:00,75,
ACT-0000068,INV-000010,1,OPEN,2024-01-09 04:24:25.437964+00:00,357,
ACT-0000069,INV-000010,2,ASSET_LOOKUP,2024-01-09 04:30:23.238522+00:00,175,SUCCESS
ACT-0000070,INV-000010,3,EVIDENCE_REVIEW,2024-01-09 04:33:19.199266+00:00,229,SUCCESS
ACT-0000071,INV-000010,4,CORRELATION,2024-01-09 04:37:08.413999+00:00,279,SUCCESS
ACT-0000072,INV-000010,5,CORRELATION,2024-01-09 04:41:48.232956+00:00,340,SUCCESS
ACT-0000073,INV-000010,6,CORRELATION,2024-01-09 04:47:29.139670+00:00,896,SUCCESS
ACT-0000074,INV-000010,7,CONTEXT_REVIEW,2024-01-09 05:02:25.748550+00:00,661,INCONCLUSIVE
ACT-0000075,INV-000010,8,ESCALATE,2024-01-09 05:13:27.456377+00:00,260,SUCCESS
ACT-0000076,INV-000010,9,CONTAINMENT_REQUEST,2024-01-09 05:17:47.541764+00:00,105,SUCCESS
ACT-0000077,INV-000010,10,REMEDIATION_REQUEST,2024-01-09 05:19:32.679430+00:00,62,SUCCESS
ACT-0000078,INV-000010,11,VALIDATE,2024-01-09 05:20:35.078700+00:00,81,SUCCESS
ACT-0000079,INV-000010,12,CLOSE,2024-01-09 05:21:56.888542+00:00,337,
ACT-0000080,INV-000011,1,OPEN,2024-01-20 01:58:19.992262+00:00,1127,
ACT-0000081,INV-000011,2,ASSET_LOOKUP,2024-01-20 02:17:07.011707+00:00,1179,SUCCESS
ACT-0000082,INV-000011,3,ASSET_LOOKUP,2024-01-20 02:36:46.850320+00:00,91,SUCCESS
ACT-0000083,INV-000011,4,CONTEXT_REVIEW,2024-01-20 02:38:18.187680+00:00,699,SUCCESS
ACT-0000084,INV-000011,5,CORRELATION,2024-01-20 02:49:58.172709+00:00,242,INCONCLUSIVE
ACT-0000085,INV-000011,6,EVENT_SEARCH,2024-01-20 02:54:00.900419+00:00,1150,SUCCESS
ACT-0000086,INV-000011,7,ESCALATE,2024-01-20 03:13:11.339352+00:00,1869,SUCCESS
ACT-0000087,INV-000011,8,CONTAINMENT_REQUEST,2024-01-20 03:44:20.485692+00:00,811,SUCCESS
ACT-0000088,INV-000011,9,REMEDIATION_REQUEST,2024-01-20 03:57:52.420636+00:00,276,SUCCESS
ACT-0000089,INV-000011,10,VALIDATE,2024-01-20 04:02:29.172756+00:00,533,SUCCESS
ACT-0000090,INV-000011,11,CLOSE,2024-01-20 04:11:22.390189+00:00,1021,
ACT-0000091,INV-000012,1,OPEN,2024-01-19 05:39:29.580215+00:00,3567,
ACT-0000092,INV-000012,2,ASSET_LOOKUP,2024-01-19 06:38:56.648367+00:00,653,SUCCESS
ACT-0000093,INV-000012,3,EVENT_SEARCH,2024-01-19 06:49:49.894456+00:00,992,FAILED
ACT-0000094,INV-000012,4,EVIDENCE_REVIEW,2024-01-19 07:06:22.612488+00:00,3762,INCONCLUSIVE
ACT-0000095,INV-000012,5,CONTEXT_REVIEW,2024-01-19 08:09:05.306245+00:00,1014,SUCCESS
ACT-0000096,INV-000012,6,CONTEXT_REVIEW,2024-01-19 08:26:00.069650+00:00,2017,SUCCESS
ACT-0000097,INV-000012,7,EVIDENCE_REVIEW,2024-01-19 08:59:37.633788+00:00,158,SUCCESS
ACT-0000098,INV-000012,8,ESCALATE,2024-01-19 09:02:15.686633+00:00,167,SUCCESS
ACT-0000099,INV-000012,9,REMEDIATION_REQUEST,2024-01-19 09:05:02.876366+00:00,9105,SUCCESS
ACT-0000100,INV-000012,10,VALIDATE,2024-01-19 11:36:48.786192+00:00,1,SUCCESS
ACT-0000101,INV-000012,11,CLOSE,2024-01-19 11:36:48.892520+00:00,2751,
ACT-0000102,INV-000013,1,OPEN,2024-01-16 07:43:33.584504+00:00,322,
ACT-0000103,INV-000013,2,ASSET_LOOKUP,2024-01-16 07:48:55.906581+00:00,1305,FAILED
ACT-0000104,INV-000013,3,EVENT_SEARCH,2024-01-16 08:10:41.088839+00:00,150,INCONCLUSIVE
ACT-0000105,INV-000013,4,CONTEXT_REVIEW,2024-01-16 08:13:11.673067+00:00,1339,SUCCESS
ACT-0000106,INV-000013,5,EVIDENCE_REVIEW,2024-01-16 08:35:30.804622+00:00,209,SUCCESS
ACT-0000107,INV-000013,6,VALIDATE,2024-01-16 08:39:00.536518+00:00,996,SUCCESS
ACT-0000108,INV-000013,7,CLOSE,2024-01-16 08:55:37.404635+00:00,678,
ACT-0000109,INV-000014,1,OPEN,2024-01-12 09:03:53.516394+00:00,44,
ACT-0000110,INV-000014,2,ASSET_LOOKUP,2024-01-12 09:04:38.325786+00:00,200,SUCCESS
ACT-0000111,INV-000014,3,CORRELATION,2024-01-12 09:07:58.772271+00:00,122,SUCCESS
ACT-0000112,INV-000014,4,EVENT_SEARCH,2024-01-12 09:10:01.076209+00:00,181,SUCCESS
ACT-0000113,INV-000014,5,CONTAINMENT_REQUEST,2024-01-12 09:13:02.816334+00:00,183,SUCCESS
ACT-0000114,INV-000014,6,REMEDIATION_REQUEST,2024-01-12 09:16:06.577131+00:00,109,SUCCESS
ACT-0000115,INV-000014,7,VALIDATE,2024-01-12 09:17:55.862338+00:00,21,SUCCESS
ACT-0000116,INV-000014,8,CLOSE,2024-01-12 09:18:17.395764+00:00,57,
ACT-0000117,INV-000015,1,OPEN,2024-01-02 08:22:39.139836+00:00,186,
ACT-0000118,INV-000015,2,ASSET_LOOKUP,2024-01-02 08:25:45.519688+00:00,344,SUCCESS
ACT-0000119,INV-000015,3,EVENT_SEARCH,2024-01-02 08:31:29.867825+00:00,47,SUCCESS
ACT-0000120,INV-000015,4,CONTEXT_REVIEW,2024-01-02 08:32:17.067783+00:00,3700,SUCCESS
ACT-0000121,INV-000015,5,VALIDATE,2024-01-02 09:33:57.724300+00:00,564,SUCCESS
ACT-0000122,INV-000015,6,CLOSE,2024-01-02 09:43:22.447414+00:00,1900,
ACT-0000123,INV-000016,1,OPEN,2024-01-24 10:26:27.856323+00:00,758,
ACT-0000124,INV-000016,2,ASSET_LOOKUP,2024-01-24 10:39:06.683264+00:00,164,SUCCESS
ACT-0000125,INV-000016,3,EVENT_SEARCH,2024-01-24 10:41:50.998989+00:00,195,SUCCESS
ACT-0000126,INV-000016,4,CONTEXT_REVIEW,2024-01-24 10:45:06.891377+00:00,894,SUCCESS
ACT-0000127,INV-000016,5,CORRELATION,2024-01-24 11:00:01.836057+00:00,2150,INCONCLUSIVE
ACT-0000128,INV-000016,6,EVIDENCE_REVIEW,2024-01-24 11:35:51.989978+00:00,1504,SUCCESS
ACT-0000129,INV-000016,7,ESCALATE,2024-01-24 12:00:56.970573+00:00,1746,SUCCESS
ACT-0000130,INV-000016,8,VALIDATE,2024-01-24 12:30:03.051109+00:00,660,SUCCESS
ACT-0000131,INV-000016,9,CLOSE,2024-01-24 12:41:03.691832+00:00,205,
ACT-0000132,INV-000017,1,OPEN,2024-01-10 09:00:17.713910+00:00,1135,
ACT-0000133,INV-000017,2,ASSET_LOOKUP,2024-01-10 09:19:12.823464+00:00,1716,FAILED
ACT-0000134,INV-000017,3,ASSET_LOOKUP,2024-01-10 09:47:49.020927+00:00,434,FAILED
ACT-0000135,INV-000017,4,CONTEXT_REVIEW,2024-01-10 09:55:04.002952+00:00,102,INCONCLUSIVE
ACT-0000136,INV-000017,5,ASSET_LOOKUP,2024-01-10 09:56:46.276802+00:00,121,SUCCESS
ACT-0000137,INV-000017,6,EVIDENCE_REVIEW,2024-01-10 09:58:47.554178+00:00,1207,INCONCLUSIVE
ACT-0000138,INV-000017,7,ESCALATE,2024-01-10 10:18:55.120638+00:00,4053,SUCCESS
ACT-0000139,INV-000017,8,VALIDATE,2024-01-10 11:26:28.590499+00:00,1489,SUCCESS
ACT-0000140,INV-000017,9,CLOSE,2024-01-10 11:51:18.208721+00:00,3878,
ACT-0000141,INV-000018,1,OPEN,2024-01-25 04:42:49.204511+00:00,442,
ACT-0000142,INV-000018,2,ASSET_LOOKUP,2024-01-25 04:50:11.925603+00:00,479,FAILED
ACT-0000143,INV-000018,3,CONTEXT_REVIEW,2024-01-25 04:58:11.588707+00:00,269,INCONCLUSIVE
ACT-0000144,INV-000018,4,ASSET_LOOKUP,2024-01-25 05:02:41.174226+00:00,462,SUCCESS
ACT-0000145,INV-000018,5,CORRELATION,2024-01-25 05:10:23.693538+00:00,863,SUCCESS
ACT-0000146,INV-000018,6,EVENT_SEARCH,2024-01-25 05:24:47.196246+00:00,527,SUCCESS
ACT-0000147,INV-000018,7,CONTEXT_REVIEW,2024-01-25 05:33:35.015047+00:00,12,SUCCESS
ACT-0000148,INV-000018,8,ESCALATE,2024-01-25 05:33:47.534703+00:00,1282,SUCCESS
ACT-0000149,INV-000018,9,VALIDATE,2024-01-25 05:55:10.393427+00:00,2207,SUCCESS
ACT-0000150,INV-000018,10,CLOSE,2024-01-25 06:31:57.761541+00:00,1521,
ACT-0000151,INV-000019,1,OPEN,2024-01-30 16:02:07.026660+00:00,873,
ACT-0000152,INV-000019,2,ASSET_LOOKUP,2024-01-30 16:16:40.101399+00:00,83,SUCCESS
ACT-0000153,INV-000019,3,EVENT_SEARCH,2024-01-30 16:18:03.696421+00:00,270,SUCCESS
ACT-0000154,INV-000019,4,EVIDENCE_REVIEW,2024-01-30 16:22:34.556440+00:00,354,SUCCESS
ACT-0000155,INV-000019,5,CONTEXT_REVIEW,2024-01-30 16:28:28.734961+00:00,139,SUCCESS
ACT-0000156,INV-000019,6,CONTEXT_REVIEW,2024-01-30 16:30:48.448851+00:00,33,SUCCESS
ACT-0000157,INV-000019,7,ESCALATE,2024-01-30 16:31:21.925534+00:00,598,SUCCESS
ACT-0000158,INV-000019,8,CONTAINMENT_REQUEST,2024-01-30 16:41:19.976192+00:00,546,SUCCESS
ACT-0000159,INV-000019,9,REMEDIATION_REQUEST,2024-01-30 16:50:26.142350+00:00,450,SUCCESS
ACT-0000160,INV-000019,10,VALIDATE,2024-01-30 16:57:56.472955+00:00,95,SUCCESS
ACT-0000161,INV-000019,11,CLOSE,2024-01-30 16:59:31.806250+00:00,113,
ACT-0000162,INV-000020,1,OPEN,2024-02-10 21:26:36.929800+00:00,312,
ACT-0000163,INV-000020,2,ASSET_LOOKUP,2024-02-10 21:31:49.036344+00:00,1012,SUCCESS
ACT-0000164,INV-000020,3,CONTEXT_REVIEW,2024-02-10 21:48:41.571241+00:00,773,SUCCESS
ACT-0000165,INV-000020,4,EVIDENCE_REVIEW,2024-02-10 22:01:35.095004+00:00,1396,SUCCESS
ACT-0000166,INV-000020,5,VALIDATE,2024-02-10 22:24:51.962676+00:00,568,SUCCESS
ACT-0000167,INV-000020,6,CLOSE,2024-02-10 22:34:20.766193+00:00,54,
ACT-0000168,INV-000021,1,OPEN,2024-02-14 20:49:48.848579+00:00,295,
ACT-0000169,INV-000021,2,ASSET_LOOKUP,2024-02-14 20:54:43.910394+00:00,4,INCONCLUSIVE
ACT-0000170,INV-000022,1,OPEN,2024-02-10 19:10:21.713606+00:00,546,
ACT-0000171,INV-000022,2,ASSET_LOOKUP,2024-02-10 19:19:28.453010+00:00,394,SUCCESS
ACT-0000172,INV-000022,3,ASSET_LOOKUP,2024-02-10 19:26:03.409389+00:00,195,SUCCESS
ACT-0000173,INV-000022,4,ASSET_LOOKUP,2024-02-10 19:29:18.432322+00:00,399,SUCCESS
ACT-0000174,INV-000022,5,ASSET_LOOKUP,2024-02-10 19:35:57.784041+00:00,268,FAILED
ACT-0000175,INV-000022,6,CONTEXT_REVIEW,2024-02-10 19:40:26.192129+00:00,174,INCONCLUSIVE
ACT-0000176,INV-000022,7,CONTEXT_REVIEW,2024-02-10 19:43:20.824856+00:00,88,SUCCESS
ACT-0000177,INV-000022,8,VALIDATE,2024-02-10 19:44:49.662066+00:00,3282,INCONCLUSIVE
ACT-0000178,INV-000022,9,CLOSE,2024-02-10 20:39:32.387192+00:00,1026,
ACT-0000179,INV-000023,1,OPEN,2024-02-26 14:12:37.704631+00:00,1154,
ACT-0000180,INV-000023,2,ASSET_LOOKUP,2024-02-26 14:31:51.901666+00:00,600,FAILED
ACT-0000181,INV-000023,3,EVIDENCE_REVIEW,2024-02-26 14:41:52.227987+00:00,1132,INCONCLUSIVE
ACT-0000182,INV-000023,4,EVIDENCE_REVIEW,2024-02-26 15:00:44.886567+00:00,1810,SUCCESS
ACT-0000183,INV-000023,5,EVENT_SEARCH,2024-02-26 15:30:55.613368+00:00,349,SUCCESS
ACT-0000184,INV-000023,6,CONTEXT_REVIEW,2024-02-26 15:36:45.085437+00:00,3638,SUCCESS
ACT-0000185,INV-000023,7,ESCALATE,2024-02-26 16:37:23.092091+00:00,683,SUCCESS
ACT-0000186,INV-000023,8,REMEDIATION_REQUEST,2024-02-26 16:48:46.406759+00:00,1216,SUCCESS
ACT-0000187,INV-000023,9,VALIDATE,2024-02-26 17:09:02.782182+00:00,77,INCONCLUSIVE
ACT-0000188,INV-000023,10,CLOSE,2024-02-26 17:10:20.105868+00:00,1874,
ACT-0000189,INV-000024,1,OPEN,2024-02-25 22:22:47.370740+00:00,783,
ACT-0000190,INV-000024,2,ASSET_LOOKUP,2024-02-25 22:35:50.883472+00:00,47,SUCCESS
ACT-0000191,INV-000024,3,CORRELATION,2024-02-25 22:36:38.281110+00:00,221,SUCCESS
ACT-0000192,INV-000024,4,EVENT_SEARCH,2024-02-25 22:40:19.439772+00:00,505,SUCCESS
ACT-0000193,INV-000024,5,VALIDATE,2024-02-25 22:48:44.652462+00:00,466,SUCCESS
ACT-0000194,INV-000024,6,CLOSE,2024-02-25 22:56:31.645029+00:00,271,
ACT-0000195,INV-000025,1,OPEN,2024-02-27 21:34:49.607632+00:00,613,
ACT-0000196,INV-000025,2,ASSET_LOOKUP,2024-02-27 21:45:02.890701+00:00,601,SUCCESS
ACT-0000197,INV-000025,3,EVENT_SEARCH,2024-02-27 21:55:04.772234+00:00,600,INCONCLUSIVE
ACT-0000198,INV-000025,4,CONTEXT_REVIEW,2024-02-27 22:05:05.525663+00:00,217,SUCCESS
ACT-0000199,INV-000025,5,ASSET_LOOKUP,2024-02-27 22:08:42.793254+00:00,336,SUCCESS
ACT-0000200,INV-000025,6,EVENT_SEARCH,2024-02-27 22:14:19.355165+00:00,398,SUCCESS
ACT-0000201,INV-000025,7,EVENT_SEARCH,2024-02-27 22:20:57.603619+00:00,492,SUCCESS
ACT-0000202,INV-000025,8,ESCALATE,2024-02-27 22:29:10.047591+00:00,27,SUCCESS
ACT-0000203,INV-000025,9,VALIDATE,2024-02-27 22:29:37.849496+00:00,15,SUCCESS
ACT-0000204,INV-000025,10,CLOSE,2024-02-27 22:29:53.192586+00:00,433,
ACT-0000205,INV-000026,1,OPEN,2024-02-20 19:18:46.351500+00:00,2,
ACT-0000206,INV-000026,2,ASSET_LOOKUP,2024-02-20 19:18:49.149899+00:00,181,SUCCESS
ACT-0000207,INV-000026,3,ASSET_LOOKUP,2024-02-20 19:21:50.177728+00:00,249,SUCCESS
ACT-0000208,INV-000026,4,EVENT_SEARCH,2024-02-20 19:26:00.093033+00:00,42,SUCCESS
ACT-0000209,INV-000026,5,CORRELATION,2024-02-20 19:26:42.561410+00:00,109,INCONCLUSIVE
ACT-0000210,INV-000026,6,REMEDIATION_REQUEST,2024-02-20 19:28:32.358983+00:00,1349,SUCCESS
ACT-0000211,INV-000026,7,VALIDATE,2024-02-20 19:51:01.753981+00:00,328,SUCCESS
ACT-0000212,INV-000026,8,CLOSE,2024-02-20 19:56:30.469448+00:00,829,
ACT-0000213,INV-000027,1,OPEN,2024-02-05 08:20:28.591308+00:00,679,
ACT-0000214,INV-000027,2,ASSET_LOOKUP,2024-02-05 08:31:48.547728+00:00,616,FAILED
ACT-0000215,INV-000027,3,EVENT_SEARCH,2024-02-05 08:42:04.925017+00:00,2415,SUCCESS
ACT-0000216,INV-000027,4,CORRELATION,2024-02-05 09:22:20.907871+00:00,913,INCONCLUSIVE
ACT-0000217,INV-000027,5,ASSET_LOOKUP,2024-02-05 09:37:34.061265+00:00,1400,INCONCLUSIVE
ACT-0000218,INV-000027,6,CONTEXT_REVIEW,2024-02-05 10:00:54.822853+00:00,2301,SUCCESS
ACT-0000219,INV-000027,7,CONTEXT_REVIEW,2024-02-05 10:39:16.590238+00:00,1467,INCONCLUSIVE
ACT-0000220,INV-000027,8,ESCALATE,2024-02-05 11:03:44.333528+00:00,3137,SUCCESS
ACT-0000221,INV-000027,9,CONTAINMENT_REQUEST,2024-02-05 11:56:02.288654+00:00,3874,SUCCESS
ACT-0000222,INV-000027,10,REMEDIATION_REQUEST,2024-02-05 13:00:36.463649+00:00,1651,SUCCESS
ACT-0000223,INV-000027,11,VALIDATE,2024-02-05 13:28:07.659541+00:00,716,SUCCESS
ACT-0000224,INV-000027,12,CLOSE,2024-02-05 13:40:04.429346+00:00,2566,
ACT-0000225,INV-000028,1,OPEN,2024-02-07 17:58:45.167360+00:00,82,
ACT-0000226,INV-000028,2,ASSET_LOOKUP,2024-02-07 18:00:07.187765+00:00,312,SUCCESS
ACT-0000227,INV-000028,3,EVENT_SEARCH,2024-02-07 18:05:19.741213+00:00,255,SUCCESS
ACT-0000228,INV-000028,4,EVENT_SEARCH,2024-02-07 18:09:35.330387+00:00,1220,SUCCESS
ACT-0000229,INV-000028,5,CONTAINMENT_REQUEST,2024-02-07 18:29:55.818353+00:00,592,SUCCESS
ACT-0000230,INV-000028,6,REMEDIATION_REQUEST,2024-02-07 18:39:48.327378+00:00,1304,SUCCESS
ACT-0000231,INV-000028,7,VALIDATE,2024-02-07 19:01:32.997746+00:00,227,INCONCLUSIVE
ACT-0000232,INV-000028,8,CLOSE,2024-02-07 19:05:20.863856+00:00,281,
ACT-0000233,INV-000029,1,OPEN,2024-02-21 18:54:21.428412+00:00,28,
ACT-0000234,INV-000029,2,ASSET_LOOKUP,2024-02-21 18:54:49.528338+00:00,452,SUCCESS
ACT-0000235,INV-000029,3,EVIDENCE_REVIEW,2024-02-21 19:02:22.058546+00:00,7,INCONCLUSIVE
ACT-0000236,INV-000029,4,EVIDENCE_REVIEW,2024-02-21 19:02:30.043341+00:00,672,SUCCESS
ACT-0000237,INV-000029,5,EVIDENCE_REVIEW,2024-02-21 19:13:42.443586+00:00,234,SUCCESS
ACT-0000238,INV-000029,6,ASSET_LOOKUP,2024-02-21 19:17:37.243428+00:00,417,SUCCESS
ACT-0000239,INV-000029,7,EVENT_SEARCH,2024-02-21 19:24:34.672388+00:00,119,SUCCESS
ACT-0000240,INV-000029,8,REMEDIATION_REQUEST,2024-02-21 19:26:34.274704+00:00,323,SUCCESS
ACT-0000241,INV-000029,9,VALIDATE,2024-02-21 19:31:57.788315+00:00,18,SUCCESS
ACT-0000242,INV-000029,10,CLOSE,2024-02-21 19:32:16.431655+00:00,541,
ACT-0000243,INV-000030,1,OPEN,2024-02-27 09:21:46.514932+00:00,199,
ACT-0000244,INV-000030,2,ASSET_LOOKUP,2024-02-27 09:25:06.036597+00:00,2068,SUCCESS
ACT-0000245,INV-000030,3,CONTEXT_REVIEW,2024-02-27 09:59:34.943652+00:00,3346,SUCCESS
ACT-0000246,INV-000030,4,CORRELATION,2024-02-27 10:55:21.927228+00:00,1113,SUCCESS
ACT-0000247,INV-000030,5,CONTEXT_REVIEW,2024-02-27 11:13:55.599535+00:00,7088,SUCCESS
ACT-0000248,INV-000030,6,EVENT_SEARCH,2024-02-27 13:12:04.396904+00:00,1069,SUCCESS
ACT-0000249,INV-000030,7,VALIDATE,2024-02-27 13:29:53.903016+00:00,2234,SUCCESS
ACT-0000250,INV-000030,8,CLOSE,2024-02-27 14:07:08.267720+00:00,2985,
ACT-0000251,INV-000031,1,OPEN,2024-02-05 16:12:28.935231+00:00,276,
ACT-0000252,INV-000031,2,ASSET_LOOKUP,2024-02-05 16:17:04.940361+00:00,388,SUCCESS
ACT-0000253,INV-000031,3,EVENT_SEARCH,2024-02-05 16:23:33.413987+00:00,347,SUCCESS
ACT-0000254,INV-000031,4,EVIDENCE_REVIEW,2024-02-05 16:29:20.766354+00:00,732,SUCCESS
ACT-0000255,INV-000031,5,ASSET_LOOKUP,2024-02-05 16:41:33.604088+00:00,415,FAILED
ACT-0000256,INV-000032,1,OPEN,2024-02-15 12:57:05.681750+00:00,1038,
ACT-0000257,INV-000032,2,ASSET_LOOKUP,2024-02-15 13:14:24.348782+00:00,444,INCONCLUSIVE
ACT-0000258,INV-000032,3,EVENT_SEARCH,2024-02-15 13:21:48.533079+00:00,86,SUCCESS
ACT-0000259,INV-000032,4,EVENT_SEARCH,2024-02-15 13:23:14.732727+00:00,239,SUCCESS
ACT-0000260,INV-000032,5,CORRELATION,2024-02-15 13:27:14.022149+00:00,1661,SUCCESS
ACT-0000261,INV-000032,6,EVIDENCE_REVIEW,2024-02-15 13:54:55.648679+00:00,672,SUCCESS
ACT-0000262,INV-000032,7,ESCALATE,2024-02-15 14:06:07.935155+00:00,405,SUCCESS
ACT-0000263,INV-000032,8,REMEDIATION_REQUEST,2024-02-15 14:12:53.529451+00:00,199,SUCCESS
ACT-0000264,INV-000032,9,VALIDATE,2024-02-15 14:16:12.663871+00:00,1807,SUCCESS
ACT-0000265,INV-000032,10,CLOSE,2024-02-15 14:46:20.601200+00:00,2876,
ACT-0000266,INV-000033,1,OPEN,2024-02-18 23:18:37.804510+00:00,237,
ACT-0000267,INV-000033,2,ASSET_LOOKUP,2024-02-18 23:22:35.780617+00:00,250,SUCCESS
ACT-0000268,INV-000033,3,EVENT_SEARCH,2024-02-18 23:26:46.693898+00:00,693,SUCCESS
ACT-0000269,INV-000033,4,CONTEXT_REVIEW,2024-02-18 23:38:19.997649+00:00,183,INCONCLUSIVE
ACT-0000270,INV-000033,5,EVENT_SEARCH,2024-02-18 23:41:23.732161+00:00,301,INCONCLUSIVE
ACT-0000271,INV-000033,6,VALIDATE,2024-02-18 23:46:25.293274+00:00,528,SUCCESS
ACT-0000272,INV-000033,7,CLOSE,2024-02-18 23:55:13.961817+00:00,606,
ACT-0000273,INV-000034,1,OPEN,2024-02-26 18:54:09.127757+00:00,63,
ACT-0000274,INV-000034,2,ASSET_LOOKUP,2024-02-26 18:55:13.118673+00:00,342,SUCCESS
ACT-0000275,INV-000034,3,CONTEXT_REVIEW,2024-02-26 19:00:55.349518+00:00,319,SUCCESS
ACT-0000276,INV-000034,4,EVIDENCE_REVIEW,2024-02-26 19:06:14.688183+00:00,22,SUCCESS
ACT-0000277,INV-000034,5,REMEDIATION_REQUEST,2024-02-26 19:06:37.274683+00:00,185,SUCCESS
ACT-0000278,INV-000034,6,VALIDATE,2024-02-26 19:09:42.851935+00:00,157,SUCCESS
ACT-0000279,INV-000034,7,CLOSE,2024-02-26 19:12:20.205503+00:00,195,
ACT-0000280,INV-000035,1,OPEN,2024-02-27 08:56:54.503206+00:00,6,
ACT-0000281,INV-000035,2,ASSET_LOOKUP,2024-02-27 08:57:01.393782+00:00,408,SUCCESS
ACT-0000282,INV-000035,3,EVENT_SEARCH,2024-02-27 09:03:49.778204+00:00,28,SUCCESS
ACT-0000283,INV-000035,4,EVENT_SEARCH,2024-02-27 09:04:18.749586+00:00,4,INCONCLUSIVE
ACT-0000284,INV-000035,5,VALIDATE,2024-02-27 09:04:23.610778+00:00,58,SUCCESS
ACT-0000285,INV-000035,6,CLOSE,2024-02-27 09:05:21.755834+00:00,45,
ACT-0000286,INV-000036,1,OPEN,2024-02-25 14:02:36.219161+00:00,19,
ACT-0000287,INV-000036,2,ASSET_LOOKUP,2024-02-25 14:02:55.326322+00:00,310,SUCCESS
ACT-0000288,INV-000036,3,VALIDATE,2024-02-25 14:08:05.430658+00:00,137,SUCCESS
ACT-0000289,INV-000036,4,CLOSE,2024-02-25 14:10:23.340933+00:00,230,
ACT-0000290,INV-000037,1,OPEN,2024-02-05 05:12:32.828924+00:00,139,
ACT-0000291,INV-000037,2,ASSET_LOOKUP,2024-02-05 05:14:52.116828+00:00,935,INCONCLUSIVE
ACT-0000292,INV-000037,3,EVIDENCE_REVIEW,2024-02-05 05:30:27.213095+00:00,990,INCONCLUSIVE
ACT-0000293,INV-000037,4,CONTEXT_REVIEW,2024-02-05 05:46:57.328956+00:00,243,INCONCLUSIVE
ACT-0000294,INV-000037,5,EVIDENCE_REVIEW,2024-02-05 05:51:01.170101+00:00,396,INCONCLUSIVE
ACT-0000295,INV-000037,6,VALIDATE,2024-02-05 05:57:38.042792+00:00,56,SUCCESS
ACT-0000296,INV-000037,7,CLOSE,2024-02-05 05:58:35.009796+00:00,678,
ACT-0000297,INV-000038,1,OPEN,2024-02-16 11:29:01.889860+00:00,562,
ACT-0000298,INV-000038,2,ASSET_LOOKUP,2024-02-16 11:38:24.339022+00:00,566,SUCCESS
ACT-0000299,INV-000038,3,EVENT_SEARCH,2024-02-16 11:47:51.004133+00:00,197,SUCCESS
ACT-0000300,INV-000038,4,ASSET_LOOKUP,2024-02-16 11:51:08.182390+00:00,67,SUCCESS
ACT-0000301,INV-000038,5,ASSET_LOOKUP,2024-02-16 11:52:15.939657+00:00,519,SUCCESS
ACT-0000302,INV-000038,6,ASSET_LOOKUP,2024-02-16 12:00:55.055359+00:00,246,INCONCLUSIVE
ACT-0000303,INV-000039,1,OPEN,2024-02-14 17:39:36.522510+00:00,275,
ACT-0000304,INV-000039,2,ASSET_LOOKUP,2024-02-14 17:44:12.167893+00:00,1092,INCONCLUSIVE
ACT-0000305,INV-000039,3,ASSET_LOOKUP,2024-02-14 18:02:24.260894+00:00,1290,INCONCLUSIVE
ACT-0000306,INV-000039,4,ASSET_LOOKUP,2024-02-14 18:23:55.090968+00:00,1060,SUCCESS
ACT-0000307,INV-000039,5,ASSET_LOOKUP,2024-02-14 18:41:35.236880+00:00,1185,SUCCESS
ACT-0000308,INV-000039,6,CONTEXT_REVIEW,2024-02-14 19:01:20.821378+00:00,387,SUCCESS
ACT-0000309,INV-000039,7,EVENT_SEARCH,2024-02-14 19:07:48.635039+00:00,341,SUCCESS
ACT-0000310,INV-000039,8,VALIDATE,2024-02-14 19:13:30.607053+00:00,840,SUCCESS
ACT-0000311,INV-000039,9,CLOSE,2024-02-14 19:27:30.665605+00:00,2261,
ACT-0000312,INV-000040,1,OPEN,2024-02-18 04:14:48.875568+00:00,170,
ACT-0000313,INV-000040,2,ASSET_LOOKUP,2024-02-18 04:17:39.055098+00:00,291,INCONCLUSIVE
ACT-0000314,INV-000040,3,EVENT_SEARCH,2024-02-18 04:22:30.344852+00:00,348,INCONCLUSIVE
ACT-0000315,INV-000040,4,CORRELATION,2024-02-18 04:28:19.276727+00:00,1,SUCCESS
ACT-0000316,INV-000040,5,EVENT_SEARCH,2024-02-18 04:28:20.371798+00:00,141,SUCCESS
ACT-0000317,INV-000040,6,CONTEXT_REVIEW,2024-02-18 04:30:41.694327+00:00,268,SUCCESS
ACT-0000318,INV-000040,7,ESCALATE,2024-02-18 04:35:10.059374+00:00,841,SUCCESS
ACT-0000319,INV-000040,8,VALIDATE,2024-02-18 04:49:11.670691+00:00,433,SUCCESS
ACT-0000320,INV-000040,9,CLOSE,2024-02-18 04:56:25.209979+00:00,1329,
ACT-0000321,INV-000041,1,OPEN,2024-03-13 20:01:04.764875+00:00,541,
ACT-0000322,INV-000041,2,ASSET_LOOKUP,2024-03-13 20:10:06.668317+00:00,330,SUCCESS
ACT-0000323,INV-000041,3,CORRELATION,2024-03-13 20:15:36.889915+00:00,149,SUCCESS
ACT-0000324,INV-000041,4,VALIDATE,2024-03-13 20:18:06.291248+00:00,372,INCONCLUSIVE
ACT-0000325,INV-000041,5,CLOSE,2024-03-13 20:24:18.332856+00:00,52,
ACT-0000326,INV-000042,1,OPEN,2024-03-14 01:52:22.457007+00:00,671,
ACT-0000327,INV-000042,2,ASSET_LOOKUP,2024-03-14 02:03:34.058947+00:00,254,SUCCESS
ACT-0000328,INV-000042,3,ASSET_LOOKUP,2024-03-14 02:07:48.093006+00:00,1696,SUCCESS
ACT-0000329,INV-000042,4,CORRELATION,2024-03-14 02:36:04.535712+00:00,4428,FAILED
ACT-0000330,INV-000042,5,ASSET_LOOKUP,2024-03-14 03:49:52.635787+00:00,966,INCONCLUSIVE
ACT-0000331,INV-000042,6,VALIDATE,2024-03-14 04:05:58.842442+00:00,38,SUCCESS
ACT-0000332,INV-000042,7,CLOSE,2024-03-14 04:06:36.885937+00:00,420,
ACT-0000333,INV-000043,1,OPEN,2024-03-22 23:43:44.795282+00:00,364,
ACT-0000334,INV-000043,2,ASSET_LOOKUP,2024-03-22 23:49:49.744920+00:00,93,SUCCESS
ACT-0000335,INV-000043,3,EVENT_SEARCH,2024-03-22 23:51:23.323369+00:00,577,SUCCESS
ACT-0000336,INV-000043,4,CLOSE,2024-03-23 00:01:00.772943+00:00,1147,
ACT-0000337,INV-000044,1,OPEN,2024-03-06 13:00:00.099744+00:00,1065,
ACT-0000338,INV-000044,2,ASSET_LOOKUP,2024-03-06 13:17:45.943103+00:00,1294,INCONCLUSIVE
ACT-0000339,INV-000044,3,CONTEXT_REVIEW,2024-03-06 13:39:20.772834+00:00,648,INCONCLUSIVE
ACT-0000340,INV-000044,4,EVENT_SEARCH,2024-03-06 13:50:09.539262+00:00,2199,INCONCLUSIVE
ACT-0000341,INV-000044,5,EVENT_SEARCH,2024-03-06 14:26:48.740662+00:00,105,SUCCESS
ACT-0000342,INV-000044,6,EVENT_SEARCH,2024-03-06 14:28:33.915259+00:00,959,SUCCESS
ACT-0000343,INV-000044,7,EVENT_SEARCH,2024-03-06 14:44:33.579268+00:00,855,SUCCESS
ACT-0000344,INV-000044,8,ASSET_LOOKUP,2024-03-06 14:58:48.967458+00:00,864,SUCCESS
ACT-0000345,INV-000044,9,VALIDATE,2024-03-06 15:13:13.651141+00:00,924,SUCCESS
ACT-0000346,INV-000044,10,CLOSE,2024-03-06 15:28:38.117555+00:00,12,
ACT-0000347,INV-000045,1,OPEN,2024-03-05 10:57:43.093938+00:00,2570,
ACT-0000348,INV-000045,2,ASSET_LOOKUP,2024-03-05 11:40:33.955379+00:00,275,SUCCESS
ACT-0000349,INV-000045,3,CONTEXT_REVIEW,2024-03-05 11:45:09.590904+00:00,158,SUCCESS
ACT-0000350,INV-000045,4,EVENT_SEARCH,2024-03-05 11:47:48.238218+00:00,1337,SUCCESS
ACT-0000351,INV-000045,5,CORRELATION,2024-03-05 12:10:05.252765+00:00,852,INCONCLUSIVE
ACT-0000352,INV-000045,6,EVIDENCE_REVIEW,2024-03-05 12:24:17.510328+00:00,606,SUCCESS
ACT-0000353,INV-000045,7,EVENT_SEARCH,2024-03-05 12:34:24.121621+00:00,1401,SUCCESS
ACT-0000354,INV-000045,8,ESCALATE,2024-03-05 12:57:46.062988+00:00,1122,SUCCESS
ACT-0000355,INV-000045,9,CONTAINMENT_REQUEST,2024-03-05 13:16:28.782299+00:00,736,SUCCESS
ACT-0000356,INV-000045,10,REMEDIATION_REQUEST,2024-03-05 13:28:45.435220+00:00,70,SUCCESS
ACT-0000357,INV-000045,11,VALIDATE,2024-03-05 13:29:56.321691+00:00,1972,SUCCESS
ACT-0000358,INV-000045,12,CLOSE,2024-03-05 14:02:48.739589+00:00,4029,
ACT-0000359,INV-000046,1,OPEN,2024-03-30 16:56:14.812717+00:00,1325,
ACT-0000360,INV-000046,2,ASSET_LOOKUP,2024-03-30 17:18:20.093003+00:00,543,INCONCLUSIVE
ACT-0000361,INV-000046,3,ASSET_LOOKUP,2024-03-30 17:27:23.503629+00:00,2029,SUCCESS
ACT-0000362,INV-000046,4,EVENT_SEARCH,2024-03-30 18:01:13.099797+00:00,1570,INCONCLUSIVE
ACT-0000363,INV-000046,5,CONTEXT_REVIEW,2024-03-30 18:27:23.272997+00:00,5878,INCONCLUSIVE
ACT-0000364,INV-000046,6,EVENT_SEARCH,2024-03-30 20:05:21.853091+00:00,13139,INCONCLUSIVE
ACT-0000365,INV-000046,7,CORRELATION,2024-03-30 23:44:21.491346+00:00,2554,SUCCESS
ACT-0000366,INV-000046,8,VALIDATE,2024-03-31 00:26:55.543945+00:00,1038,SUCCESS
ACT-0000367,INV-000046,9,CLOSE,2024-03-31 00:44:13.850673+00:00,1004,
ACT-0000368,INV-000047,1,OPEN,2024-03-26 13:23:58.359272+00:00,6,
ACT-0000369,INV-000047,2,ASSET_LOOKUP,2024-03-26 13:24:04.406418+00:00,18,INCONCLUSIVE
ACT-0000370,INV-000047,3,ASSET_LOOKUP,2024-03-26 13:24:23.012397+00:00,2005,INCONCLUSIVE
ACT-0000371,INV-000047,4,ASSET_LOOKUP,2024-03-26 13:57:48.757362+00:00,431,SUCCESS
ACT-0000372,INV-000047,5,EVENT_SEARCH,2024-03-26 14:05:00.503765+00:00,1697,INCONCLUSIVE
ACT-0000373,INV-000047,6,CORRELATION,2024-03-26 14:33:17.640833+00:00,160,SUCCESS
ACT-0000374,INV-000047,7,ESCALATE,2024-03-26 14:35:58.378248+00:00,257,SUCCESS
ACT-0000375,INV-000047,8,VALIDATE,2024-03-26 14:40:16.154881+00:00,795,SUCCESS
ACT-0000376,INV-000047,9,CLOSE,2024-03-26 14:53:31.468130+00:00,2111,
ACT-0000377,INV-000048,1,OPEN,2024-03-16 12:56:43.566349+00:00,91,
ACT-0000378,INV-000048,2,ASSET_LOOKUP,2024-03-16 12:58:15.318067+00:00,16,SUCCESS
ACT-0000379,INV-000048,3,EVENT_SEARCH,2024-03-16 12:58:31.474694+00:00,1610,SUCCESS
ACT-0000380,INV-000048,4,CONTEXT_REVIEW,2024-03-16 13:25:21.933938+00:00,719,SUCCESS
ACT-0000381,INV-000048,5,EVENT_SEARCH,2024-03-16 13:37:21.167327+00:00,10,SUCCESS
ACT-0000382,INV-000048,6,ESCALATE,2024-03-16 13:37:31.847704+00:00,2517,SUCCESS
ACT-0000383,INV-000048,7,VALIDATE,2024-03-16 14:19:29.140829+00:00,402,SUCCESS
ACT-0000384,INV-000048,8,CLOSE,2024-03-16 14:26:11.287962+00:00,654,
ACT-0000385,INV-000049,1,OPEN,2024-03-12 23:27:45.668065+00:00,106,
ACT-0000386,INV-000049,2,ASSET_LOOKUP,2024-03-12 23:29:32.420274+00:00,1506,SUCCESS
ACT-0000387,INV-000049,3,CONTEXT_REVIEW,2024-03-12 23:54:38.922364+00:00,1371,SUCCESS
ACT-0000388,INV-000049,4,CONTEXT_REVIEW,2024-03-13 00:17:30.621920+00:00,2032,INCONCLUSIVE
ACT-0000389,INV-000049,5,EVENT_SEARCH,2024-03-13 00:51:23.234572+00:00,233,SUCCESS
ACT-0000390,INV-000049,6,CONTEXT_REVIEW,2024-03-13 00:55:16.625879+00:00,409,SUCCESS
ACT-0000391,INV-000049,7,CORRELATION,2024-03-13 01:02:05.976882+00:00,161,INCONCLUSIVE
ACT-0000392,INV-000049,8,CORRELATION,2024-03-13 01:04:47.482174+00:00,1,SUCCESS
ACT-0000393,INV-000049,9,VALIDATE,2024-03-13 01:04:49.255193+00:00,135,SUCCESS
ACT-0000394,INV-000049,10,CLOSE,2024-03-13 01:07:04.486490+00:00,75,
ACT-0000395,INV-000050,1,OPEN,2024-03-02 23:43:38.938617+00:00,261,
ACT-0000396,INV-000050,2,ASSET_LOOKUP,2024-03-02 23:48:00.535331+00:00,265,SUCCESS
ACT-0000397,INV-000050,3,CONTEXT_REVIEW,2024-03-02 23:52:26.447503+00:00,264,INCONCLUSIVE
ACT-0000398,INV-000050,4,ASSET_LOOKUP,2024-03-02 23:56:50.930733+00:00,424,INCONCLUSIVE
ACT-0000399,INV-000050,5,CORRELATION,2024-03-03 00:03:55.509271+00:00,158,FAILED
ACT-0000400,INV-000050,6,EVENT_SEARCH,2024-03-03 00:06:33.936781+00:00,2346,SUCCESS
ACT-0000401,INV-000050,7,VALIDATE,2024-03-03 00:45:40.407398+00:00,643,INCONCLUSIVE
ACT-0000402,INV-000050,8,CLOSE,2024-03-03 00:56:23.882491+00:00,110,
ACT-0000403,INV-000051,1,OPEN,2024-03-31 09:11:17.501687+00:00,4,
ACT-0000404,INV-000051,2,ASSET_LOOKUP,2024-03-31 09:11:22.193767+00:00,1056,SUCCESS
ACT-0000405,INV-000051,3,CONTEXT_REVIEW,2024-03-31 09:28:58.725408+00:00,80,FAILED
ACT-0000406,INV-000051,4,CONTEXT_REVIEW,2024-03-31 09:30:19.308754+00:00,1520,SUCCESS
ACT-0000407,INV-000051,5,EVIDENCE_REVIEW,2024-03-31 09:55:40.178752+00:00,1065,SUCCESS
ACT-0000408,INV-000051,6,EVIDENCE_REVIEW,2024-03-31 10:13:25.489175+00:00,1086,SUCCESS
ACT-0000409,INV-000051,7,CORRELATION,2024-03-31 10:31:32.177449+00:00,12,INCONCLUSIVE
ACT-0000410,INV-000051,8,CONTEXT_REVIEW,2024-03-31 10:31:45.040509+00:00,123,SUCCESS
ACT-0000411,INV-000051,9,ESCALATE,2024-03-31 10:33:48.431668+00:00,1191,SUCCESS
ACT-0000412,INV-000051,10,CONTAINMENT_REQUEST,2024-03-31 10:53:39.837560+00:00,444,SUCCESS
ACT-0000413,INV-000051,11,REMEDIATION_REQUEST,2024-03-31 11:01:04.241439+00:00,3886,SUCCESS
ACT-0000414,INV-000051,12,VALIDATE,2024-03-31 12:05:51.113992+00:00,183,SUCCESS
ACT-0000415,INV-000051,13,CLOSE,2024-03-31 12:08:54.484889+00:00,6,
ACT-0000416,INV-000052,1,OPEN,2024-03-28 07:41:19.702483+00:00,233,
ACT-0000417,INV-000052,2,ASSET_LOOKUP,2024-03-28 07:45:13.492529+00:00,125,INCONCLUSIVE
ACT-0000418,INV-000052,3,CONTEXT_REVIEW,2024-03-28 07:47:18.817816+00:00,97,SUCCESS
ACT-0000419,INV-000052,4,EVENT_SEARCH,2024-03-28 07:48:56.465723+00:00,21,SUCCESS
ACT-0000420,INV-000052,5,CLOSE,2024-03-28 07:49:18.182234+00:00,93,
ACT-0000421,INV-000053,1,OPEN,2024-03-17 05:46:28.480707+00:00,44,
ACT-0000422,INV-000053,2,ASSET_LOOKUP,2024-03-17 05:47:13.327557+00:00,1440,SUCCESS
ACT-0000423,INV-000053,3,ASSET_LOOKUP,2024-03-17 06:11:14.141929+00:00,1023,SUCCESS
ACT-0000424,INV-000053,4,CORRELATION,2024-03-17 06:28:17.738069+00:00,541,SUCCESS
ACT-0000425,INV-000053,5,EVIDENCE_REVIEW,2024-03-17 06:37:19.455677+00:00,285,SUCCESS
ACT-0000426,INV-000053,6,ASSET_LOOKUP,2024-03-17 06:42:04.651751+00:00,2744,INCONCLUSIVE
ACT-0000427,INV-000053,7,CORRELATION,2024-03-17 07:27:48.978973+00:00,862,SUCCESS
ACT-0000428,INV-000053,8,ESCALATE,2024-03-17 07:42:11.518361+00:00,2303,SUCCESS
ACT-0000429,INV-000053,9,CONTAINMENT_REQUEST,2024-03-17 08:20:34.845512+00:00,856,SUCCESS
ACT-0000430,INV-000053,10,REMEDIATION_REQUEST,2024-03-17 08:34:51.392767+00:00,2576,SUCCESS
ACT-0000431,INV-000053,11,VALIDATE,2024-03-17 09:17:47.428749+00:00,37,INCONCLUSIVE
ACT-0000432,INV-000053,12,CLOSE,2024-03-17 09:18:25.015496+00:00,965,
ACT-0000433,INV-000054,1,OPEN,2024-03-22 08:04:37.286023+00:00,34,
ACT-0000434,INV-000054,2,ASSET_LOOKUP,2024-03-22 08:05:12.259264+00:00,5836,SUCCESS
ACT-0000435,INV-000054,3,CONTEXT_REVIEW,2024-03-22 09:42:29.065758+00:00,15,SUCCESS
ACT-0000436,INV-000054,4,CORRELATION,2024-03-22 09:42:44.844903+00:00,216,SUCCESS
ACT-0000437,INV-000054,5,ASSET_LOOKUP,2024-03-22 09:46:21.060871+00:00,2841,SUCCESS
ACT-0000438,INV-000054,6,EVENT_SEARCH,2024-03-22 10:33:42.520029+00:00,1107,INCONCLUSIVE
ACT-0000439,INV-000054,7,EVIDENCE_REVIEW,2024-03-22 10:52:10.052706+00:00,750,SUCCESS
ACT-0000440,INV-000054,8,ESCALATE,2024-03-22 11:04:40.884620+00:00,4362,SUCCESS
ACT-0000441,INV-000054,9,CONTAINMENT_REQUEST,2024-03-22 12:17:23.746374+00:00,3364,SUCCESS
ACT-0000442,INV-000054,10,REMEDIATION_REQUEST,2024-03-22 13:13:28.632455+00:00,527,SUCCESS
ACT-0000443,INV-000054,11,VALIDATE,2024-03-22 13:22:16.313067+00:00,1013,SUCCESS
ACT-0000444,INV-000054,12,CLOSE,2024-03-22 13:39:10.241107+00:00,344,
ACT-0000445,INV-000055,1,OPEN,2024-03-20 03:47:11.006771+00:00,1633,
ACT-0000446,INV-000055,2,ASSET_LOOKUP,2024-03-20 04:14:24.607738+00:00,1448,SUCCESS
ACT-0000447,INV-000055,3,EVENT_SEARCH,2024-03-20 04:38:33.220271+00:00,2603,SUCCESS
ACT-0000448,INV-000055,4,EVIDENCE_REVIEW,2024-03-20 05:21:56.843975+00:00,1730,FAILED
ACT-0000449,INV-000055,5,CONTEXT_REVIEW,2024-03-20 05:50:47.731777+00:00,4510,SUCCESS
ACT-0000450,INV-000055,6,ASSET_LOOKUP,2024-03-20 07:05:58.687803+00:00,691,SUCCESS
ACT-0000451,INV-000055,7,EVENT_SEARCH,2024-03-20 07:17:29.792367+00:00,115,SUCCESS
ACT-0000452,INV-000055,8,CONTEXT_REVIEW,2024-03-20 07:19:25.364690+00:00,792,SUCCESS
ACT-0000453,INV-000055,9,ESCALATE,2024-03-20 07:32:38.301347+00:00,1867,SUCCESS
ACT-0000454,INV-000055,10,CONTAINMENT_REQUEST,2024-03-20 08:03:45.798428+00:00,70,SUCCESS
ACT-0000455,INV-000055,11,REMEDIATION_REQUEST,2024-03-20 08:04:56.257104+00:00,3959,SUCCESS
ACT-0000456,INV-000055,12,VALIDATE,2024-03-20 09:10:55.292968+00:00,318,SUCCESS
ACT-0000457,INV-000055,13,CLOSE,2024-03-20 09:16:13.761874+00:00,111,
ACT-0000458,INV-000056,1,OPEN,2024-03-31 05:33:47.362461+00:00,10,
ACT-0000459,INV-000056,2,ASSET_LOOKUP,2024-03-31 05:33:58.291883+00:00,62,INCONCLUSIVE
ACT-0000460,INV-000056,3,EVENT_SEARCH,2024-03-31 05:35:01.168439+00:00,76,SUCCESS
ACT-0000461,INV-000056,4,EVIDENCE_REVIEW,2024-03-31 05:36:17.489487+00:00,75,SUCCESS
ACT-0000462,INV-000056,5,CORRELATION,2024-03-31 05:37:33.455894+00:00,94,SUCCESS
ACT-0000463,INV-000056,6,CONTAINMENT_REQUEST,2024-03-31 05:39:08.306877+00:00,139,SUCCESS
ACT-0000464,INV-000056,7,REMEDIATION_REQUEST,2024-03-31 05:41:27.646642+00:00,2,SUCCESS
ACT-0000465,INV-000056,8,VALIDATE,2024-03-31 05:41:29.721299+00:00,44,SUCCESS
ACT-0000466,INV-000056,9,CLOSE,2024-03-31 05:42:14.449855+00:00,319,
ACT-0000467,INV-000057,1,OPEN,2024-03-01 18:43:02.345218+00:00,178,
ACT-0000468,INV-000057,2,ASSET_LOOKUP,2024-03-01 18:46:00.504900+00:00,205,SUCCESS
ACT-0000469,INV-000057,3,ASSET_LOOKUP,2024-03-01 18:49:26.356835+00:00,21,INCONCLUSIVE
ACT-0000470,INV-000057,4,ESCALATE,2024-03-01 18:49:47.402823+00:00,662,SUCCESS
ACT-0000471,INV-000057,5,VALIDATE,2024-03-01 19:00:49.420195+00:00,891,SUCCESS
ACT-0000472,INV-000057,6,CLOSE,2024-03-01 19:15:40.739246+00:00,13,
ACT-0000473,INV-000058,1,OPEN,2024-03-26 06:01:44.660731+00:00,150,
ACT-0000474,INV-000058,2,ASSET_LOOKUP,2024-03-26 06:04:15.058804+00:00,23,SUCCESS
ACT-0000475,INV-000058,3,EVENT_SEARCH,2024-03-26 06:04:38.401926+00:00,88,SUCCESS
ACT-0000476,INV-000058,4,CONTEXT_REVIEW,2024-03-26 06:06:06.936967+00:00,237,SUCCESS
ACT-0000477,INV-000058,5,CLOSE,2024-03-26 06:10:04.528333+00:00,157,
ACT-0000478,INV-000059,1,OPEN,2024-03-30 03:15:05.262413+00:00,232,
ACT-0000479,INV-000059,2,ASSET_LOOKUP,2024-03-30 03:18:57.304905+00:00,1552,INCONCLUSIVE
ACT-0000480,INV-000059,3,EVENT_SEARCH,2024-03-30 03:44:50.196498+00:00,544,SUCCESS
ACT-0000481,INV-000059,4,CLOSE,2024-03-30 03:53:55.164017+00:00,749,
ACT-0000482,INV-000060,1,OPEN,2024-03-28 14:18:20.655010+00:00,39,
ACT-0000483,INV-000060,2,ASSET_LOOKUP,2024-03-28 14:19:00.145165+00:00,52,SUCCESS
ACT-0000484,INV-000060,3,EVENT_SEARCH,2024-03-28 14:19:53.008422+00:00,295,SUCCESS
ACT-0000485,INV-000060,4,CORRELATION,2024-03-28 14:24:48.395801+00:00,217,SUCCESS
ACT-0000486,INV-000060,5,VALIDATE,2024-03-28 14:28:26.008718+00:00,708,SUCCESS
ACT-0000487,INV-000060,6,CLOSE,2024-03-28 14:40:14.302125+00:00,65,
ACT-0000488,INV-000061,1,OPEN,2024-03-30 13:59:22.075420+00:00,72,
ACT-0000489,INV-000061,2,ASSET_LOOKUP,2024-03-30 14:00:34.566194+00:00,215,SUCCESS
ACT-0000490,INV-000061,3,ASSET_LOOKUP,2024-03-30 14:04:10.294614+00:00,306,SUCCESS
ACT-0000491,INV-000061,4,EVENT_SEARCH,2024-03-30 14:09:16.601626+00:00,108,FAILED
ACT-0000492,INV-000061,5,REMEDIATION_REQUEST,2024-03-30 14:11:05.497357+00:00,247,SUCCESS
ACT-0000493,INV-000061,6,VALIDATE,2024-03-30 14:15:13.140376+00:00,206,SUCCESS
ACT-0000494,INV-000061,7,CLOSE,2024-03-30 14:18:39.844687+00:00,33,
ACT-0000495,INV-000062,1,OPEN,2024-03-26 14:35:30.837537+00:00,227,
ACT-0000496,INV-000062,2,ASSET_LOOKUP,2024-03-26 14:39:18.451181+00:00,1584,INCONCLUSIVE
ACT-0000497,INV-000062,3,CORRELATION,2024-03-26 15:05:43.356469+00:00,471,SUCCESS
ACT-0000498,INV-000062,4,EVIDENCE_REVIEW,2024-03-26 15:13:35.032302+00:00,81,INCONCLUSIVE
ACT-0000499,INV-000062,5,EVENT_SEARCH,2024-03-26 15:14:57.018945+00:00,205,INCONCLUSIVE
ACT-0000500,INV-000062,6,EVIDENCE_REVIEW,2024-03-26 15:18:22.649004+00:00,40,SUCCESS
ACT-0000501,INV-000062,7,VALIDATE,2024-03-26 15:19:03.013149+00:00,1265,SUCCESS
ACT-0000502,INV-000062,8,CLOSE,2024-03-26 15:40:08.935973+00:00,1733,
ACT-0000503,INV-000063,1,OPEN,2024-03-07 14:03:28.803488+00:00,8,
ACT-0000504,INV-000063,2,ASSET_LOOKUP,2024-03-07 14:03:37.767441+00:00,26,SUCCESS
ACT-0000505,INV-000063,3,ASSET_LOOKUP,2024-03-07 14:04:04.202091+00:00,143,SUCCESS
ACT-0000506,INV-000063,4,EVENT_SEARCH,2024-03-07 14:06:27.464590+00:00,219,INCONCLUSIVE
ACT-0000507,INV-000063,5,EVENT_SEARCH,2024-03-07 14:10:06.656722+00:00,229,SUCCESS
ACT-0000508,INV-000063,6,ESCALATE,2024-03-07 14:13:56.160016+00:00,342,SUCCESS
ACT-0000509,INV-000063,7,REMEDIATION_REQUEST,2024-03-07 14:19:38.406589+00:00,22,SUCCESS
ACT-0000510,INV-000063,8,VALIDATE,2024-03-07 14:20:01.009583+00:00,105,INCONCLUSIVE
ACT-0000511,INV-000063,9,CLOSE,2024-03-07 14:21:46.854740+00:00,22,
ACT-0000512,INV-000064,1,OPEN,2024-03-05 09:40:37.390855+00:00,672,
ACT-0000513,INV-000064,2,ASSET_LOOKUP,2024-03-05 09:51:49.828375+00:00,1778,SUCCESS
ACT-0000514,INV-000064,3,CORRELATION,2024-03-05 10:21:28.510353+00:00,426,SUCCESS
ACT-0000515,INV-000064,4,EVENT_SEARCH,2024-03-05 10:28:34.990151+00:00,667,SUCCESS
ACT-0000516,INV-000064,5,ASSET_LOOKUP,2024-03-05 10:39:42.616719+00:00,722,SUCCESS
ACT-0000517,INV-000064,6,EVIDENCE_REVIEW,2024-03-05 10:51:45.239022+00:00,78,SUCCESS
ACT-0000518,INV-000064,7,VALIDATE,2024-03-05 10:53:03.735964+00:00,234,SUCCESS
ACT-0000519,INV-000064,8,CLOSE,2024-03-05 10:56:57.942567+00:00,3284,
ACT-0000520,INV-000065,1,OPEN,2024-03-18 15:41:14.285692+00:00,842,
ACT-0000521,INV-000065,2,ASSET_LOOKUP,2024-03-18 15:55:17.068470+00:00,444,SUCCESS
ACT-0000522,INV-000066,1,OPEN,2024-03-15 17:52:04.844146+00:00,463,
ACT-0000523,INV-000066,2,ASSET_LOOKUP,2024-03-15 17:59:48.249373+00:00,331,SUCCESS
ACT-0000524,INV-000066,3,ASSET_LOOKUP,2024-03-15 18:05:20.141218+00:00,84,FAILED
ACT-0000525,INV-000066,4,VALIDATE,2024-03-15 18:06:44.525538+00:00,600,SUCCESS
ACT-0000526,INV-000066,5,CLOSE,2024-03-15 18:16:45.382994+00:00,1244,
ACT-0000527,INV-000067,1,OPEN,2024-03-21 19:32:44.095700+00:00,2834,
ACT-0000528,INV-000067,2,ASSET_LOOKUP,2024-03-21 20:19:58.659648+00:00,2393,SUCCESS
ACT-0000529,INV-000067,3,EVENT_SEARCH,2024-03-21 20:59:52.134101+00:00,6204,SUCCESS
ACT-0000530,INV-000067,4,EVENT_SEARCH,2024-03-21 22:43:16.711063+00:00,3439,INCONCLUSIVE
ACT-0000531,INV-000067,5,CONTEXT_REVIEW,2024-03-21 23:40:35.866018+00:00,6337,INCONCLUSIVE
ACT-0000532,INV-000067,6,CONTEXT_REVIEW,2024-03-22 01:26:13.149968+00:00,1101,SUCCESS
ACT-0000533,INV-000067,7,ASSET_LOOKUP,2024-03-22 01:44:34.220583+00:00,2203,INCONCLUSIVE
ACT-0000534,INV-000067,8,VALIDATE,2024-03-22 02:21:17.932807+00:00,866,SUCCESS
ACT-0000535,INV-000067,9,CLOSE,2024-03-22 02:35:44.030310+00:00,42,
ACT-0000536,INV-000068,1,OPEN,2024-04-13 18:50:48.990257+00:00,163,
ACT-0000537,INV-000068,2,ASSET_LOOKUP,2024-04-13 18:53:32.692275+00:00,4293,SUCCESS
ACT-0000538,INV-000068,3,EVENT_SEARCH,2024-04-13 20:05:06.443602+00:00,653,SUCCESS
ACT-0000539,INV-000068,4,ASSET_LOOKUP,2024-04-13 20:15:59.567855+00:00,2337,INCONCLUSIVE
ACT-0000540,INV-000068,5,EVENT_SEARCH,2024-04-13 20:54:57.505638+00:00,2561,SUCCESS
ACT-0000541,INV-000068,6,EVIDENCE_REVIEW,2024-04-13 21:37:38.772219+00:00,381,SUCCESS
ACT-0000542,INV-000068,7,EVENT_SEARCH,2024-04-13 21:44:00.000529+00:00,908,SUCCESS
ACT-0000543,INV-000068,8,CORRELATION,2024-04-13 21:59:08.797753+00:00,2327,SUCCESS
ACT-0000544,INV-000068,9,ESCALATE,2024-04-13 22:37:56.170158+00:00,378,SUCCESS
ACT-0000545,INV-000068,10,REMEDIATION_REQUEST,2024-04-13 22:44:15.005184+00:00,16,SUCCESS
ACT-0000546,INV-000068,11,VALIDATE,2024-04-13 22:44:31.651346+00:00,4151,INCONCLUSIVE
ACT-0000547,INV-000068,12,CLOSE,2024-04-13 23:53:43.064132+00:00,569,
ACT-0000548,INV-000069,1,OPEN,2024-04-30 23:25:40.085343+00:00,657,
ACT-0000549,INV-000069,2,ASSET_LOOKUP,2024-04-30 23:36:37.210640+00:00,14,SUCCESS
ACT-0000550,INV-000069,3,CONTEXT_REVIEW,2024-04-30 23:36:51.457698+00:00,63,INCONCLUSIVE
ACT-0000551,INV-000069,4,CONTEXT_REVIEW,2024-04-30 23:37:54.623820+00:00,410,SUCCESS
ACT-0000552,INV-000069,5,EVENT_SEARCH,2024-04-30 23:44:45.096321+00:00,366,SUCCESS
ACT-0000553,INV-000069,6,ESCALATE,2024-04-30 23:50:51.958467+00:00,945,SUCCESS
ACT-0000554,INV-000069,7,REMEDIATION_REQUEST,2024-05-01 00:06:37.681123+00:00,385,SUCCESS
ACT-0000555,INV-000069,8,VALIDATE,2024-05-01 00:13:03.296427+00:00,1,INCONCLUSIVE
ACT-0000556,INV-000069,9,CLOSE,2024-05-01 00:13:03.297969+00:00,1671,
ACT-0000557,INV-000070,1,OPEN,2024-04-23 04:40:04.264303+00:00,412,
ACT-0000558,INV-000070,2,ASSET_LOOKUP,2024-04-23 04:46:56.277346+00:00,266,SUCCESS
ACT-0000559,INV-000070,3,CORRELATION,2024-04-23 04:51:22.499635+00:00,767,SUCCESS
ACT-0000560,INV-000070,4,EVENT_SEARCH,2024-04-23 05:04:09.524581+00:00,677,INCONCLUSIVE
ACT-0000561,INV-000070,5,EVENT_SEARCH,2024-04-23 05:15:27.036485+00:00,402,FAILED
ACT-0000562,INV-000070,6,CLOSE,2024-04-23 05:22:09.677151+00:00,1716,
ACT-0000563,INV-000071,1,OPEN,2024-04-08 10:39:30.411056+00:00,512,
ACT-0000564,INV-000071,2,ASSET_LOOKUP,2024-04-08 10:48:03.080268+00:00,313,SUCCESS
ACT-0000565,INV-000071,3,EVIDENCE_REVIEW,2024-04-08 10:53:16.741956+00:00,1194,SUCCESS
ACT-0000566,INV-000071,4,EVENT_SEARCH,2024-04-08 11:13:11.704818+00:00,46,SUCCESS
ACT-0000567,INV-000071,5,EVENT_SEARCH,2024-04-08 11:13:58.311975+00:00,98,FAILED
ACT-0000568,INV-000071,6,EVIDENCE_REVIEW,2024-04-08 11:15:37.093916+00:00,441,SUCCESS
ACT-0000569,INV-000071,7,VALIDATE,2024-04-08 11:22:58.857753+00:00,191,SUCCESS
ACT-0000570,INV-000071,8,CLOSE,2024-04-08 11:26:10.085075+00:00,775,
ACT-0000571,INV-000072,1,OPEN,2024-04-04 11:35:29.793271+00:00,302,
ACT-0000572,INV-000072,2,ASSET_LOOKUP,2024-04-04 11:40:32.447975+00:00,330,INCONCLUSIVE
ACT-0000573,INV-000073,1,OPEN,2024-04-30 11:20:58.659594+00:00,416,
ACT-0000574,INV-000073,2,ASSET_LOOKUP,2024-04-30 11:27:55.046645+00:00,946,SUCCESS
ACT-0000575,INV-000073,3,EVENT_SEARCH,2024-04-30 11:43:41.955677+00:00,636,SUCCESS
ACT-0000576,INV-000073,4,EVENT_SEARCH,2024-04-30 11:54:18.272335+00:00,54,FAILED
ACT-0000577,INV-000073,5,VALIDATE,2024-04-30 11:55:13.238921+00:00,28,SUCCESS
ACT-0000578,INV-000073,6,CLOSE,2024-04-30 11:55:41.407269+00:00,202,
ACT-0000579,INV-000074,1,OPEN,2024-04-21 11:32:34.207351+00:00,97,
ACT-0000580,INV-000074,2,ASSET_LOOKUP,2024-04-21 11:34:11.863078+00:00,304,FAILED
ACT-0000581,INV-000074,3,VALIDATE,2024-04-21 11:39:16.239194+00:00,91,SUCCESS
ACT-0000582,INV-000074,4,CLOSE,2024-04-21 11:40:47.397188+00:00,63,
ACT-0000583,INV-000075,1,OPEN,2024-04-23 11:19:02.102677+00:00,684,
ACT-0000584,INV-000075,2,ASSET_LOOKUP,2024-04-23 11:30:26.222236+00:00,1186,SUCCESS
ACT-0000585,INV-000075,3,EVENT_SEARCH,2024-04-23 11:50:12.381458+00:00,289,SUCCESS
ACT-0000586,INV-000076,1,OPEN,2024-04-21 09:07:46.477859+00:00,2567,
ACT-0000587,INV-000076,2,ASSET_LOOKUP,2024-04-21 09:50:34.298044+00:00,1433,SUCCESS
ACT-0000588,INV-000076,3,CONTEXT_REVIEW,2024-04-21 10:14:27.471372+00:00,4,SUCCESS
ACT-0000589,INV-000076,4,CORRELATION,2024-04-21 10:14:32.370208+00:00,638,SUCCESS
ACT-0000590,INV-000076,5,ASSET_LOOKUP,2024-04-21 10:25:11.121960+00:00,271,SUCCESS
ACT-0000591,INV-000076,6,CORRELATION,2024-04-21 10:29:42.793620+00:00,5516,SUCCESS
ACT-0000592,INV-000076,7,CONTEXT_REVIEW,2024-04-21 12:01:39.151995+00:00,202,SUCCESS
ACT-0000593,INV-000076,8,CONTEXT_REVIEW,2024-04-21 12:05:01.772186+00:00,1792,INCONCLUSIVE
ACT-0000594,INV-000076,9,ESCALATE,2024-04-21 12:34:54.734303+00:00,697,SUCCESS
ACT-0000595,INV-000076,10,REMEDIATION_REQUEST,2024-04-21 12:46:32.197659+00:00,143,SUCCESS
ACT-0000596,INV-000076,11,VALIDATE,2024-04-21 12:48:55.632401+00:00,37,INCONCLUSIVE
ACT-0000597,INV-000076,12,CLOSE,2024-04-21 12:49:32.804351+00:00,733,
ACT-0000598,INV-000077,1,OPEN,2024-04-07 04:19:05.391556+00:00,544,
ACT-0000599,INV-000077,2,ASSET_LOOKUP,2024-04-07 04:28:10.299519+00:00,152,SUCCESS
ACT-0000600,INV-000077,3,CLOSE,2024-04-07 04:30:42.358582+00:00,473,
ACT-0000601,INV-000078,1,OPEN,2024-04-08 09:47:58.588055+00:00,88,
ACT-0000602,INV-000078,2,ASSET_LOOKUP,2024-04-08 09:49:26.737298+00:00,1095,INCONCLUSIVE
ACT-0000603,INV-000079,1,OPEN,2024-04-27 02:36:13.734062+00:00,828,
ACT-0000604,INV-000079,2,ASSET_LOOKUP,2024-04-27 02:50:02.659478+00:00,3388,SUCCESS
ACT-0000605,INV-000079,3,CONTEXT_REVIEW,2024-04-27 03:46:30.758285+00:00,3750,INCONCLUSIVE
ACT-0000606,INV-000079,4,EVIDENCE_REVIEW,2024-04-27 04:49:00.923693+00:00,2946,SUCCESS
ACT-0000607,INV-000079,5,EVIDENCE_REVIEW,2024-04-27 05:38:07.753309+00:00,985,INCONCLUSIVE
ACT-0000608,INV-000079,6,CORRELATION,2024-04-27 05:54:33.557209+00:00,4680,SUCCESS
ACT-0000609,INV-000079,7,VALIDATE,2024-04-27 07:12:34.235198+00:00,924,FAILED
ACT-0000610,INV-000079,8,CLOSE,2024-04-27 07:27:59.055933+00:00,1398,
ACT-0000611,INV-000080,1,OPEN,2024-04-11 23:38:21.258635+00:00,960,
ACT-0000612,INV-000080,2,ASSET_LOOKUP,2024-04-11 23:54:21.283808+00:00,94,SUCCESS
ACT-0000613,INV-000080,3,ASSET_LOOKUP,2024-04-11 23:55:55.720289+00:00,338,SUCCESS
ACT-0000614,INV-000080,4,CONTEXT_REVIEW,2024-04-12 00:01:34.672267+00:00,443,SUCCESS
ACT-0000615,INV-000080,5,CLOSE,2024-04-12 00:08:58.443922+00:00,213,
ACT-0000616,INV-000081,1,OPEN,2024-04-08 12:42:37.796900+00:00,207,
ACT-0000617,INV-000081,2,ASSET_LOOKUP,2024-04-08 12:46:04.953339+00:00,71,INCONCLUSIVE
ACT-0000618,INV-000081,3,CORRELATION,2024-04-08 12:47:16.275160+00:00,265,SUCCESS
ACT-0000619,INV-000081,4,VALIDATE,2024-04-08 12:51:42.015932+00:00,516,INCONCLUSIVE
ACT-0000620,INV-000081,5,CLOSE,2024-04-08 13:00:18.794196+00:00,789,
ACT-0000621,INV-000082,1,OPEN,2024-04-27 09:22:42.205737+00:00,68,
ACT-0000622,INV-000082,2,ASSET_LOOKUP,2024-04-27 09:23:51.168265+00:00,702,SUCCESS
ACT-0000623,INV-000082,3,EVIDENCE_REVIEW,2024-04-27 09:35:33.640625+00:00,215,FAILED
ACT-0000624,INV-000082,4,EVENT_SEARCH,2024-04-27 09:39:09.280961+00:00,120,SUCCESS
ACT-0000625,INV-000082,5,CORRELATION,2024-04-27 09:41:09.854201+00:00,177,SUCCESS
ACT-0000626,INV-000082,6,ESCALATE,2024-04-27 09:44:07.148870+00:00,88,SUCCESS
ACT-0000627,INV-000082,7,VALIDATE,2024-04-27 09:45:35.555641+00:00,480,SUCCESS
ACT-0000628,INV-000082,8,CLOSE,2024-04-27 09:53:36.139964+00:00,246,
ACT-0000629,INV-000083,1,OPEN,2024-04-08 13:08:44.061305+00:00,27,
ACT-0000630,INV-000083,2,ASSET_LOOKUP,2024-04-08 13:09:11.348053+00:00,206,SUCCESS
ACT-0000631,INV-000083,3,EVENT_SEARCH,2024-04-08 13:12:37.540576+00:00,102,INCONCLUSIVE
ACT-0000632,INV-000083,4,CORRELATION,2024-04-08 13:14:19.722173+00:00,11,SUCCESS
ACT-0000633,INV-000083,5,CLOSE,2024-04-08 13:14:31.040865+00:00,17,
ACT-0000634,INV-000084,1,OPEN,2024-04-13 14:41:33.617968+00:00,1041,
ACT-0000635,INV-000084,2,ASSET_LOOKUP,2024-04-13 14:58:55.083627+00:00,2009,INCONCLUSIVE
ACT-0000636,INV-000084,3,CORRELATION,2024-04-13 15:32:24.328607+00:00,90,INCONCLUSIVE
ACT-0000637,INV-000084,4,EVIDENCE_REVIEW,2024-04-13 15:33:54.546498+00:00,858,SUCCESS
ACT-0000638,INV-000084,5,CORRELATION,2024-04-13 15:48:12.785338+00:00,1008,SUCCESS
ACT-0000639,INV-000084,6,ASSET_LOOKUP,2024-04-13 16:05:00.906798+00:00,1947,FAILED
ACT-0000640,INV-000084,7,VALIDATE,2024-04-13 16:37:28.385730+00:00,169,SUCCESS
ACT-0000641,INV-000084,8,CLOSE,2024-04-13 16:40:18.261656+00:00,1119,
ACT-0000642,INV-000085,1,OPEN,2024-04-15 16:15:49.846606+00:00,2024,
ACT-0000643,INV-000085,2,ASSET_LOOKUP,2024-04-15 16:49:34.842101+00:00,410,SUCCESS
ACT-0000644,INV-000085,3,EVIDENCE_REVIEW,2024-04-15 16:56:25.377226+00:00,706,SUCCESS
ACT-0000645,INV-000085,4,EVIDENCE_REVIEW,2024-04-15 17:08:11.497222+00:00,94,FAILED
ACT-0000646,INV-000085,5,CORRELATION,2024-04-15 17:09:46.121117+00:00,30,INCONCLUSIVE
ACT-0000647,INV-000085,6,ASSET_LOOKUP,2024-04-15 17:10:16.726917+00:00,1299,INCONCLUSIVE
ACT-0000648,INV-000085,7,EVENT_SEARCH,2024-04-15 17:31:56.319340+00:00,1359,SUCCESS
ACT-0000649,INV-000085,8,ASSET_LOOKUP,2024-04-15 17:54:35.493673+00:00,5634,INCONCLUSIVE
ACT-0000650,INV-000085,9,VALIDATE,2024-04-15 19:28:30.133258+00:00,1,SUCCESS
ACT-0000651,INV-000085,10,CLOSE,2024-04-15 19:28:30.278840+00:00,1,
ACT-0000652,INV-000086,1,OPEN,2024-04-13 08:25:32.240599+00:00,327,
ACT-0000653,INV-000086,2,ASSET_LOOKUP,2024-04-13 08:30:59.336664+00:00,1851,SUCCESS
ACT-0000654,INV-000086,3,ASSET_LOOKUP,2024-04-13 09:01:51.247952+00:00,266,SUCCESS
ACT-0000655,INV-000086,4,EVENT_SEARCH,2024-04-13 09:06:17.352551+00:00,869,INCONCLUSIVE
ACT-0000656,INV-000086,5,EVIDENCE_REVIEW,2024-04-13 09:20:47.232996+00:00,924,INCONCLUSIVE
ACT-0000657,INV-000086,6,EVENT_SEARCH,2024-04-13 09:36:12.201214+00:00,1067,SUCCESS
ACT-0000658,INV-000086,7,ESCALATE,2024-04-13 09:53:59.423351+00:00,237,SUCCESS
ACT-0000659,INV-000086,8,VALIDATE,2024-04-13 09:57:56.646961+00:00,549,SUCCESS
ACT-0000660,INV-000086,9,CLOSE,2024-04-13 10:07:05.757645+00:00,2211,
ACT-0000661,INV-000087,1,OPEN,2024-04-13 15:36:44.042866+00:00,36,
ACT-0000662,INV-000087,2,ASSET_LOOKUP,2024-04-13 15:37:20.842390+00:00,266,SUCCESS
ACT-0000663,INV-000087,3,EVIDENCE_REVIEW,2024-04-13 15:41:47.782087+00:00,559,SUCCESS
ACT-0000664,INV-000088,1,OPEN,2024-04-19 14:30:58.845068+00:00,1212,
ACT-0000665,INV-000088,2,ASSET_LOOKUP,2024-04-19 14:51:11.479302+00:00,640,SUCCESS
ACT-0000666,INV-000088,3,CONTEXT_REVIEW,2024-04-19 15:01:52.262031+00:00,615,SUCCESS
ACT-0000667,INV-000088,4,EVENT_SEARCH,2024-04-19 15:12:07.746149+00:00,1007,SUCCESS
ACT-0000668,INV-000088,5,CORRELATION,2024-04-19 15:28:55.552663+00:00,1199,SUCCESS
ACT-0000669,INV-000088,6,ESCALATE,2024-04-19 15:48:55.002149+00:00,541,SUCCESS
ACT-0000670,INV-000088,7,VALIDATE,2024-04-19 15:57:56.876407+00:00,54,SUCCESS
ACT-0000671,INV-000088,8,CLOSE,2024-04-19 15:58:51.089378+00:00,2069,
ACT-0000672,INV-000089,1,OPEN,2024-04-27 00:18:06.071985+00:00,44,
ACT-0000673,INV-000089,2,ASSET_LOOKUP,2024-04-27 00:18:50.752030+00:00,156,SUCCESS
ACT-0000674,INV-000089,3,CONTEXT_REVIEW,2024-04-27 00:21:27.277370+00:00,162,SUCCESS
ACT-0000675,INV-000089,4,EVIDENCE_REVIEW,2024-04-27 00:24:10.073371+00:00,310,INCONCLUSIVE
ACT-0000676,INV-000089,5,EVENT_SEARCH,2024-04-27 00:29:20.412715+00:00,598,SUCCESS
ACT-0000677,INV-000089,6,ESCALATE,2024-04-27 00:39:18.898635+00:00,269,SUCCESS
ACT-0000678,INV-000089,7,VALIDATE,2024-04-27 00:43:48.281250+00:00,5,SUCCESS
ACT-0000679,INV-000089,8,CLOSE,2024-04-27 00:43:53.973134+00:00,207,
ACT-0000680,INV-000090,1,OPEN,2024-04-07 02:16:22.868498+00:00,1692,
ACT-0000681,INV-000090,2,ASSET_LOOKUP,2024-04-07 02:44:34.928662+00:00,1161,INCONCLUSIVE
ACT-0000682,INV-000090,3,EVENT_SEARCH,2024-04-07 03:03:56.261276+00:00,890,INCONCLUSIVE
ACT-0000683,INV-000090,4,ASSET_LOOKUP,2024-04-07 03:18:46.653205+00:00,51,SUCCESS
ACT-0000684,INV-000090,5,EVENT_SEARCH,2024-04-07 03:19:38.524736+00:00,4815,FAILED
ACT-0000685,INV-000090,6,EVENT_SEARCH,2024-04-07 04:39:54.313507+00:00,1007,SUCCESS
ACT-0000686,INV-000090,7,ESCALATE,2024-04-07 04:56:41.732985+00:00,552,SUCCESS
ACT-0000687,INV-000090,8,CONTAINMENT_REQUEST,2024-04-07 05:05:54.008227+00:00,273,SUCCESS
ACT-0000688,INV-000090,9,REMEDIATION_REQUEST,2024-04-07 05:10:27.111477+00:00,733,SUCCESS
ACT-0000689,INV-000090,10,VALIDATE,2024-04-07 05:22:40.341851+00:00,892,SUCCESS
ACT-0000690,INV-000090,11,CLOSE,2024-04-07 05:37:32.438940+00:00,1461,
ACT-0000691,INV-000091,1,OPEN,2024-05-09 19:49:58.638184+00:00,236,
ACT-0000692,INV-000091,2,ASSET_LOOKUP,2024-05-09 19:53:54.702348+00:00,43,SUCCESS
ACT-0000693,INV-000091,3,CORRELATION,2024-05-09 19:54:38.642477+00:00,503,INCONCLUSIVE
ACT-0000694,INV-000091,4,EVIDENCE_REVIEW,2024-05-09 20:03:01.688528+00:00,80,SUCCESS
ACT-0000695,INV-000091,5,CONTEXT_REVIEW,2024-05-09 20:04:22.216249+00:00,11,SUCCESS
ACT-0000696,INV-000091,6,EVENT_SEARCH,2024-05-09 20:04:33.813523+00:00,276,SUCCESS
ACT-0000697,INV-000091,7,EVENT_SEARCH,2024-05-09 20:09:10.192125+00:00,249,SUCCESS
ACT-0000698,INV-000091,8,CONTEXT_REVIEW,2024-05-09 20:13:19.448915+00:00,98,SUCCESS
ACT-0000699,INV-000091,9,CONTAINMENT_REQUEST,2024-05-09 20:14:57.594852+00:00,1166,SUCCESS
ACT-0000700,INV-000091,10,REMEDIATION_REQUEST,2024-05-09 20:34:24.237403+00:00,126,SUCCESS
ACT-0000701,INV-000091,11,VALIDATE,2024-05-09 20:36:30.243564+00:00,1066,SUCCESS
ACT-0000702,INV-000091,12,CLOSE,2024-05-09 20:54:16.458887+00:00,994,
ACT-0000703,INV-000092,1,OPEN,2024-05-29 11:20:01.799200+00:00,49,
ACT-0000704,INV-000092,2,ASSET_LOOKUP,2024-05-29 11:20:51.440022+00:00,56,SUCCESS
ACT-0000705,INV-000092,3,ASSET_LOOKUP,2024-05-29 11:21:47.640631+00:00,410,SUCCESS
ACT-0000706,INV-000092,4,CONTEXT_REVIEW,2024-05-29 11:28:37.736733+00:00,351,INCONCLUSIVE
ACT-0000707,INV-000092,5,EVENT_SEARCH,2024-05-29 11:34:29.658754+00:00,123,SUCCESS
ACT-0000708,INV-000092,6,VALIDATE,2024-05-29 11:36:33.608686+00:00,564,INCONCLUSIVE
ACT-0000709,INV-000092,7,CLOSE,2024-05-29 11:45:57.634733+00:00,296,
ACT-0000710,INV-000093,1,OPEN,2024-05-24 12:09:43.042346+00:00,289,
ACT-0000711,INV-000093,2,ASSET_LOOKUP,2024-05-24 12:14:32.764479+00:00,229,SUCCESS
ACT-0000712,INV-000093,3,EVENT_SEARCH,2024-05-24 12:18:22.188312+00:00,926,INCONCLUSIVE
ACT-0000713,INV-000093,4,CONTEXT_REVIEW,2024-05-24 12:33:48.873153+00:00,151,SUCCESS
ACT-0000714,INV-000093,5,CORRELATION,2024-05-24 12:36:19.878033+00:00,966,INCONCLUSIVE
ACT-0000715,INV-000093,6,REMEDIATION_REQUEST,2024-05-24 12:52:25.918913+00:00,479,SUCCESS
ACT-0000716,INV-000093,7,VALIDATE,2024-05-24 13:00:25.481332+00:00,795,SUCCESS
ACT-0000717,INV-000093,8,CLOSE,2024-05-24 13:13:41.122713+00:00,1668,
ACT-0000718,INV-000094,1,OPEN,2024-05-28 11:57:46.389906+00:00,406,
ACT-0000719,INV-000094,2,ASSET_LOOKUP,2024-05-28 12:04:32.713602+00:00,72,SUCCESS
ACT-0000720,INV-000094,3,CONTEXT_REVIEW,2024-05-28 12:05:44.856462+00:00,938,SUCCESS
ACT-0000721,INV-000094,4,VALIDATE,2024-05-28 12:21:23.081680+00:00,135,SUCCESS
ACT-0000722,INV-000094,5,CLOSE,2024-05-28 12:23:38.372652+00:00,418,
ACT-0000723,INV-000095,1,OPEN,2024-05-28 12:31:38.944452+00:00,62,
ACT-0000724,INV-000095,2,ASSET_LOOKUP,2024-05-28 12:32:41.129827+00:00,46,INCONCLUSIVE
ACT-0000725,INV-000095,3,CORRELATION,2024-05-28 12:33:27.526295+00:00,7,INCONCLUSIVE
ACT-0000726,INV-000095,4,EVIDENCE_REVIEW,2024-05-28 12:33:34.723620+00:00,78,SUCCESS
ACT-0000727,INV-000095,5,VALIDATE,2024-05-28 12:34:53.307159+00:00,42,SUCCESS
ACT-0000728,INV-000095,6,CLOSE,2024-05-28 12:35:35.566727+00:00,63,
ACT-0000729,INV-000096,1,OPEN,2024-05-18 10:37:54.577948+00:00,2458,
ACT-0000730,INV-000096,2,ASSET_LOOKUP,2024-05-18 11:18:52.902250+00:00,1010,SUCCESS
ACT-0000731,INV-000096,3,CONTEXT_REVIEW,2024-05-18 11:35:43.100590+00:00,2856,SUCCESS
ACT-0000732,INV-000096,4,EVIDENCE_REVIEW,2024-05-18 12:23:19.527616+00:00,507,SUCCESS
ACT-0000733,INV-000096,5,ASSET_LOOKUP,2024-05-18 12:31:47.492434+00:00,980,SUCCESS
ACT-0000734,INV-000096,6,CONTEXT_REVIEW,2024-05-18 12:48:08.462996+00:00,230,INCONCLUSIVE
ACT-0000735,INV-000096,7,REMEDIATION_REQUEST,2024-05-18 12:51:59.439663+00:00,1665,SUCCESS
ACT-0000736,INV-000096,8,VALIDATE,2024-05-18 13:19:45.017623+00:00,645,SUCCESS
ACT-0000737,INV-000096,9,CLOSE,2024-05-18 13:30:30.529079+00:00,3875,
ACT-0000738,INV-000097,1,OPEN,2024-05-08 19:57:32.532472+00:00,70,
ACT-0000739,INV-000097,2,ASSET_LOOKUP,2024-05-08 19:58:43.155707+00:00,458,INCONCLUSIVE
ACT-0000740,INV-000097,3,CONTEXT_REVIEW,2024-05-08 20:06:21.654896+00:00,80,SUCCESS
ACT-0000741,INV-000097,4,EVENT_SEARCH,2024-05-08 20:07:42.142073+00:00,1920,SUCCESS
ACT-0000742,INV-000097,5,CONTEXT_REVIEW,2024-05-08 20:39:42.320022+00:00,158,SUCCESS
ACT-0000743,INV-000097,6,ASSET_LOOKUP,2024-05-08 20:42:21.122295+00:00,977,INCONCLUSIVE
ACT-0000744,INV-000097,7,CORRELATION,2024-05-08 20:58:38.254729+00:00,1784,SUCCESS
ACT-0000745,INV-000097,8,CONTAINMENT_REQUEST,2024-05-08 21:28:22.546920+00:00,35,SUCCESS
ACT-0000746,INV-000097,9,REMEDIATION_REQUEST,2024-05-08 21:28:58.396621+00:00,1183,SUCCESS
ACT-0000747,INV-000097,10,VALIDATE,2024-05-08 21:48:41.513574+00:00,898,INCONCLUSIVE
ACT-0000748,INV-000097,11,CLOSE,2024-05-08 22:03:40.017451+00:00,436,
ACT-0000749,INV-000098,1,OPEN,2024-05-08 03:15:17.044974+00:00,190,
ACT-0000750,INV-000098,2,ASSET_LOOKUP,2024-05-08 03:18:27.622245+00:00,1933,SUCCESS
ACT-0000751,INV-000098,3,CORRELATION,2024-05-08 03:50:41.155753+00:00,304,FAILED
ACT-0000752,INV-000098,4,EVENT_SEARCH,2024-05-08 03:55:45.279438+00:00,1038,SUCCESS
ACT-0000753,INV-000098,5,VALIDATE,2024-05-08 04:13:03.838210+00:00,334,INCONCLUSIVE
ACT-0000754,INV-000098,6,CLOSE,2024-05-08 04:18:38.808300+00:00,565,
ACT-0000755,INV-000099,1,OPEN,2024-05-08 10:12:31.626611+00:00,1598,
ACT-0000756,INV-000099,2,ASSET_LOOKUP,2024-05-08 10:39:10.185640+00:00,2,SUCCESS
ACT-0000757,INV-000099,3,EVIDENCE_REVIEW,2024-05-08 10:39:13.107463+00:00,852,INCONCLUSIVE
ACT-0000758,INV-000099,4,CORRELATION,2024-05-08 10:53:25.158947+00:00,1389,SUCCESS
ACT-0000759,INV-000099,5,EVENT_SEARCH,2024-05-08 11:16:34.914117+00:00,1715,SUCCESS
ACT-0000760,INV-000099,6,CORRELATION,2024-05-08 11:45:10.427652+00:00,1795,SUCCESS
ACT-0000761,INV-000099,7,EVENT_SEARCH,2024-05-08 12:15:06.176013+00:00,208,FAILED
ACT-0000762,INV-000099,8,EVIDENCE_REVIEW,2024-05-08 12:18:34.771978+00:00,382,SUCCESS
ACT-0000763,INV-000099,9,ESCALATE,2024-05-08 12:24:57.410467+00:00,651,SUCCESS
ACT-0000764,INV-000099,10,CONTAINMENT_REQUEST,2024-05-08 12:35:49.174500+00:00,557,SUCCESS
ACT-0000765,INV-000099,11,REMEDIATION_REQUEST,2024-05-08 12:45:06.683737+00:00,857,SUCCESS
ACT-0000766,INV-000099,12,VALIDATE,2024-05-08 12:59:24.549173+00:00,329,SUCCESS
ACT-0000767,INV-000099,13,CLOSE,2024-05-08 13:04:54.063746+00:00,188,
ACT-0000768,INV-000100,1,OPEN,2024-05-10 06:29:39.150532+00:00,280,
ACT-0000769,INV-000100,2,ASSET_LOOKUP,2024-05-10 06:34:20.113072+00:00,611,FAILED
ACT-0000770,INV-000100,3,CONTEXT_REVIEW,2024-05-10 06:44:31.765001+00:00,819,SUCCESS
ACT-0000771,INV-000100,4,VALIDATE,2024-05-10 06:58:11.145028+00:00,22,SUCCESS
ACT-0000772,INV-000100,5,CLOSE,2024-05-10 06:58:33.747921+00:00,256,
ACT-0000773,INV-000101,1,OPEN,2024-05-04 23:04:25.694719+00:00,132,
ACT-0000774,INV-000101,2,ASSET_LOOKUP,2024-05-04 23:06:37.874521+00:00,28,SUCCESS
ACT-0000775,INV-000101,3,CONTEXT_REVIEW,2024-05-04 23:07:06.583242+00:00,3562,SUCCESS
ACT-0000776,INV-000101,4,EVENT_SEARCH,2024-05-05 00:06:29.353449+00:00,1070,INCONCLUSIVE
ACT-0000777,INV-000101,5,EVENT_SEARCH,2024-05-05 00:24:20.176579+00:00,493,INCONCLUSIVE
ACT-0000778,INV-000101,6,EVENT_SEARCH,2024-05-05 00:32:33.916222+00:00,475,INCONCLUSIVE
ACT-0000779,INV-000101,7,VALIDATE,2024-05-05 00:40:29.058599+00:00,247,INCONCLUSIVE
ACT-0000780,INV-000101,8,CLOSE,2024-05-05 00:44:36.964911+00:00,130,
ACT-0000781,INV-000102,1,OPEN,2024-05-14 17:51:53.763504+00:00,238,
ACT-0000782,INV-000102,2,ASSET_LOOKUP,2024-05-14 17:55:52.756060+00:00,242,SUCCESS
ACT-0000783,INV-000102,3,EVENT_SEARCH,2024-05-14 17:59:55.410133+00:00,5,SUCCESS
ACT-0000784,INV-000102,4,ASSET_LOOKUP,2024-05-14 18:00:00.622432+00:00,200,INCONCLUSIVE
ACT-0000785,INV-000102,5,EVIDENCE_REVIEW,2024-05-14 18:03:20.663388+00:00,1775,SUCCESS
ACT-0000786,INV-000102,6,EVIDENCE_REVIEW,2024-05-14 18:32:56.163549+00:00,74,SUCCESS
ACT-0000787,INV-000102,7,ESCALATE,2024-05-14 18:34:10.701190+00:00,1101,SUCCESS
ACT-0000788,INV-000102,8,CONTAINMENT_REQUEST,2024-05-14 18:52:31.925314+00:00,285,SUCCESS
ACT-0000789,INV-000102,9,REMEDIATION_REQUEST,2024-05-14 18:57:17.604620+00:00,568,SUCCESS
ACT-0000790,INV-000102,10,VALIDATE,2024-05-14 19:06:45.855728+00:00,567,SUCCESS
ACT-0000791,INV-000102,11,CLOSE,2024-05-14 19:16:13.115374+00:00,152,
ACT-0000792,INV-000103,1,OPEN,2024-05-15 01:06:59.533499+00:00,2959,
ACT-0000793,INV-000103,2,ASSET_LOOKUP,2024-05-15 01:56:19.028980+00:00,146,SUCCESS
ACT-0000794,INV-000103,3,CORRELATION,2024-05-15 01:58:45.267520+00:00,684,SUCCESS
ACT-0000795,INV-000103,4,EVIDENCE_REVIEW,2024-05-15 02:10:09.673733+00:00,229,SUCCESS
ACT-0000796,INV-000103,5,CONTEXT_REVIEW,2024-05-15 02:13:59.422948+00:00,845,INCONCLUSIVE
ACT-0000797,INV-000103,6,ESCALATE,2024-05-15 02:28:05.354255+00:00,536,SUCCESS
ACT-0000798,INV-000103,7,VALIDATE,2024-05-15 02:37:01.367546+00:00,324,INCONCLUSIVE
ACT-0000799,INV-000103,8,CLOSE,2024-05-15 02:42:26.149265+00:00,928,
ACT-0000800,INV-000104,1,OPEN,2024-05-19 15:33:12.877777+00:00,178,
ACT-0000801,INV-000104,2,ASSET_LOOKUP,2024-05-19 15:36:11.761998+00:00,362,SUCCESS
ACT-0000802,INV-000104,3,ASSET_LOOKUP,2024-05-19 15:42:13.897289+00:00,161,SUCCESS
ACT-0000803,INV-000104,4,EVENT_SEARCH,2024-05-19 15:44:55.485960+00:00,175,SUCCESS
ACT-0000804,INV-000104,5,CLOSE,2024-05-19 15:47:50.926967+00:00,8,
ACT-0000805,INV-000105,1,OPEN,2024-05-06 06:17:48.947005+00:00,181,
ACT-0000806,INV-000105,2,ASSET_LOOKUP,2024-05-06 06:20:50.882548+00:00,645,INCONCLUSIVE
ACT-0000807,INV-000105,3,EVIDENCE_REVIEW,2024-05-06 06:31:36.400030+00:00,74,SUCCESS
ACT-0000808,INV-000105,4,CONTEXT_REVIEW,2024-05-06 06:32:51.142695+00:00,138,SUCCESS
ACT-0000809,INV-000105,5,EVENT_SEARCH,2024-05-06 06:35:09.871685+00:00,162,SUCCESS
ACT-0000810,INV-000105,6,CONTEXT_REVIEW,2024-05-06 06:37:52.785634+00:00,415,SUCCESS
ACT-0000811,INV-000105,7,EVENT_SEARCH,2024-05-06 06:44:48.285680+00:00,91,SUCCESS
ACT-0000812,INV-000105,8,ESCALATE,2024-05-06 06:46:19.566833+00:00,27,SUCCESS
ACT-0000813,INV-000105,9,REMEDIATION_REQUEST,2024-05-06 06:46:46.726131+00:00,326,SUCCESS
ACT-0000814,INV-000105,10,VALIDATE,2024-05-06 06:52:13.613120+00:00,24,SUCCESS
ACT-0000815,INV-000105,11,CLOSE,2024-05-06 06:52:37.815934+00:00,716,
ACT-0000816,INV-000106,1,OPEN,2024-05-04 14:56:51.938849+00:00,74,
ACT-0000817,INV-000106,2,ASSET_LOOKUP,2024-05-04 14:58:06.035253+00:00,135,INCONCLUSIVE
ACT-0000818,INV-000106,3,CONTEXT_REVIEW,2024-05-04 15:00:21.603510+00:00,747,SUCCESS
ACT-0000819,INV-000106,4,EVENT_SEARCH,2024-05-04 15:12:48.735449+00:00,309,SUCCESS
ACT-0000820,INV-000106,5,VALIDATE,2024-05-04 15:17:58.615691+00:00,41,SUCCESS
ACT-0000821,INV-000106,6,CLOSE,2024-05-04 15:18:40.047115+00:00,305,
ACT-0000822,INV-000107,1,OPEN,2024-06-12 03:06:57.300313+00:00,637,
ACT-0000823,INV-000107,2,ASSET_LOOKUP,2024-06-12 03:17:35.189722+00:00,173,SUCCESS
ACT-0000824,INV-000107,3,EVENT_SEARCH,2024-06-12 03:20:28.912844+00:00,162,INCONCLUSIVE
ACT-0000825,INV-000107,4,CORRELATION,2024-06-12 03:23:11.581070+00:00,997,SUCCESS
ACT-0000826,INV-000107,5,CONTEXT_REVIEW,2024-06-12 03:39:49.377832+00:00,187,SUCCESS
ACT-0000827,INV-000108,1,OPEN,2024-06-07 19:57:58.154629+00:00,506,
ACT-0000828,INV-000108,2,ASSET_LOOKUP,2024-06-07 20:06:25.124536+00:00,50,INCONCLUSIVE
ACT-0000829,INV-000108,3,EVIDENCE_REVIEW,2024-06-07 20:07:16.084150+00:00,153,INCONCLUSIVE
ACT-0000830,INV-000108,4,CONTEXT_REVIEW,2024-06-07 20:09:49.705883+00:00,65,SUCCESS
ACT-0000831,INV-000108,5,VALIDATE,2024-06-07 20:10:55.698616+00:00,147,INCONCLUSIVE
ACT-0000832,INV-000108,6,CLOSE,2024-06-07 20:13:23.303173+00:00,60,
ACT-0000833,INV-000109,1,OPEN,2024-06-15 08:39:35.103686+00:00,150,
ACT-0000834,INV-000109,2,ASSET_LOOKUP,2024-06-15 08:42:05.230832+00:00,135,SUCCESS
ACT-0000835,INV-000109,3,EVENT_SEARCH,2024-06-15 08:44:20.563693+00:00,98,INCONCLUSIVE
ACT-0000836,INV-000109,4,CORRELATION,2024-06-15 08:45:59.161179+00:00,141,SUCCESS
ACT-0000837,INV-000109,5,VALIDATE,2024-06-15 08:48:21.126418+00:00,106,SUCCESS
ACT-0000838,INV-000109,6,CLOSE,2024-06-15 08:50:08.067136+00:00,114,
ACT-0000839,INV-000110,1,OPEN,2024-06-28 22:11:59.455535+00:00,990,
ACT-0000840,INV-000110,2,ASSET_LOOKUP,2024-06-28 22:28:29.484772+00:00,116,INCONCLUSIVE
ACT-0000841,INV-000110,3,EVENT_SEARCH,2024-06-28 22:30:26.195113+00:00,146,SUCCESS
ACT-0000842,INV-000110,4,EVENT_SEARCH,2024-06-28 22:32:53.142126+00:00,1120,SUCCESS
ACT-0000843,INV-000110,5,ASSET_LOOKUP,2024-06-28 22:51:33.187853+00:00,634,SUCCESS
ACT-0000844,INV-000110,6,EVENT_SEARCH,2024-06-28 23:02:07.509087+00:00,347,SUCCESS
ACT-0000845,INV-000110,7,VALIDATE,2024-06-28 23:07:55.047502+00:00,223,SUCCESS
ACT-0000846,INV-000110,8,CLOSE,2024-06-28 23:11:38.449080+00:00,1390,
ACT-0000847,INV-000111,1,OPEN,2024-06-19 18:29:43.744523+00:00,697,
ACT-0000848,INV-000111,2,ASSET_LOOKUP,2024-06-19 18:41:20.818415+00:00,609,SUCCESS
ACT-0000849,INV-000111,3,EVENT_SEARCH,2024-06-19 18:51:29.953420+00:00,545,FAILED
ACT-0000850,INV-000111,4,EVENT_SEARCH,2024-06-19 19:00:35.249411+00:00,522,SUCCESS
ACT-0000851,INV-000111,5,CONTEXT_REVIEW,2024-06-19 19:09:18.181218+00:00,542,INCONCLUSIVE
ACT-0000852,INV-000111,6,CONTEXT_REVIEW,2024-06-19 19:18:21.063961+00:00,211,SUCCESS
ACT-0000853,INV-000111,7,CORRELATION,2024-06-19 19:21:52.745574+00:00,39,FAILED
ACT-0000854,INV-000111,8,ESCALATE,2024-06-19 19:22:31.881783+00:00,110,SUCCESS
ACT-0000855,INV-000111,9,VALIDATE,2024-06-19 19:24:22.046744+00:00,954,SUCCESS
ACT-0000856,INV-000111,10,CLOSE,2024-06-19 19:40:16.668356+00:00,715,
ACT-0000857,INV-000112,1,OPEN,2024-06-25 21:01:57.266761+00:00,863,
ACT-0000858,INV-000112,2,ASSET_LOOKUP,2024-06-25 21:16:20.658471+00:00,535,SUCCESS
ACT-0000859,INV-000112,3,EVENT_SEARCH,2024-06-25 21:25:16.440478+00:00,789,SUCCESS
ACT-0000860,INV-000112,4,EVENT_SEARCH,2024-06-25 21:38:25.797416+00:00,87,SUCCESS
ACT-0000861,INV-000112,5,REMEDIATION_REQUEST,2024-06-25 21:39:53.115812+00:00,351,SUCCESS
ACT-0000862,INV-000112,6,VALIDATE,2024-06-25 21:45:44.704051+00:00,584,SUCCESS
ACT-0000863,INV-000112,7,CLOSE,2024-06-25 21:55:29.664310+00:00,18,
ACT-0000864,INV-000113,1,OPEN,2024-06-01 00:40:37.628220+00:00,1176,
ACT-0000865,INV-000113,2,ASSET_LOOKUP,2024-06-01 01:00:14.555134+00:00,27,SUCCESS
ACT-0000866,INV-000113,3,CORRELATION,2024-06-01 01:00:42.131055+00:00,999,SUCCESS
ACT-0000867,INV-000113,4,EVENT_SEARCH,2024-06-01 01:17:21.625739+00:00,629,SUCCESS
ACT-0000868,INV-000113,5,CONTEXT_REVIEW,2024-06-01 01:27:51.563333+00:00,663,INCONCLUSIVE
ACT-0000869,INV-000113,6,EVIDENCE_REVIEW,2024-06-01 01:38:55.003468+00:00,1484,INCONCLUSIVE
ACT-0000870,INV-000113,7,ASSET_LOOKUP,2024-06-01 02:03:39.265746+00:00,244,SUCCESS
ACT-0000871,INV-000113,8,ESCALATE,2024-06-01 02:07:43.601194+00:00,1509,SUCCESS
ACT-0000872,INV-000113,9,REMEDIATION_REQUEST,2024-06-01 02:32:53.344436+00:00,1,SUCCESS
ACT-0000873,INV-000113,10,VALIDATE,2024-06-01 02:32:55.130984+00:00,13,INCONCLUSIVE
ACT-0000874,INV-000113,11,CLOSE,2024-06-01 02:33:08.356053+00:00,162,
ACT-0000875,INV-000114,1,OPEN,2024-06-15 20:08:09.046822+00:00,7,
ACT-0000876,INV-000114,2,ASSET_LOOKUP,2024-06-15 20:08:16.970669+00:00,200,SUCCESS
ACT-0000877,INV-000114,3,CORRELATION,2024-06-15 20:11:37.911337+00:00,849,SUCCESS
ACT-0000878,INV-000114,4,CORRELATION,2024-06-15 20:25:47.053175+00:00,157,SUCCESS
ACT-0000879,INV-000114,5,CLOSE,2024-06-15 20:28:24.318300+00:00,287,
ACT-0000880,INV-000115,1,OPEN,2024-06-11 04:52:29.746957+00:00,250,
ACT-0000881,INV-000115,2,ASSET_LOOKUP,2024-06-11 04:56:40.315589+00:00,151,SUCCESS
ACT-0000882,INV-000115,3,ASSET_LOOKUP,2024-06-11 04:59:12.160097+00:00,438,SUCCESS
ACT-0000883,INV-000116,1,OPEN,2024-06-12 22:25:23.635321+00:00,3772,
ACT-0000884,INV-000116,2,ASSET_LOOKUP,2024-06-12 23:28:15.640712+00:00,398,INCONCLUSIVE
ACT-0000885,INV-000116,3,EVENT_SEARCH,2024-06-12 23:34:54.224903+00:00,661,INCONCLUSIVE
ACT-0000886,INV-000116,4,CORRELATION,2024-06-12 23:45:56.188865+00:00,135,INCONCLUSIVE
ACT-0000887,INV-000116,5,ASSET_LOOKUP,2024-06-12 23:48:11.890677+00:00,148,SUCCESS
ACT-0000888,INV-000116,6,EVIDENCE_REVIEW,2024-06-12 23:50:40.698836+00:00,691,SUCCESS
ACT-0000889,INV-000116,7,CORRELATION,2024-06-13 00:02:12.208499+00:00,4576,SUCCESS
ACT-0000890,INV-000116,8,CONTAINMENT_REQUEST,2024-06-13 01:18:29.175703+00:00,182,SUCCESS
ACT-0000891,INV-000116,9,REMEDIATION_REQUEST,2024-06-13 01:21:31.298592+00:00,3368,SUCCESS
ACT-0000892,INV-000116,10,VALIDATE,2024-06-13 02:17:39.761800+00:00,2716,SUCCESS
ACT-0000893,INV-000116,11,CLOSE,2024-06-13 03:02:56.455637+00:00,787,
ACT-0000894,INV-000117,1,OPEN,2024-06-07 10:03:13.101816+00:00,128,
ACT-0000895,INV-000117,2,ASSET_LOOKUP,2024-06-07 10:05:21.976982+00:00,139,SUCCESS
ACT-0000896,INV-000117,3,ASSET_LOOKUP,2024-06-07 10:07:41.488524+00:00,924,SUCCESS
ACT-0000897,INV-000117,4,EVIDENCE_REVIEW,2024-06-07 10:23:06.426629+00:00,866,SUCCESS
ACT-0000898,INV-000117,5,EVENT_SEARCH,2024-06-07 10:37:32.690660+00:00,100,SUCCESS
ACT-0000899,INV-000118,1,OPEN,2024-06-13 11:23:42.880194+00:00,735,
ACT-0000900,INV-000118,2,ASSET_LOOKUP,2024-06-13 11:35:58.091846+00:00,125,SUCCESS
ACT-0000901,INV-000118,3,EVENT_SEARCH,2024-06-13 11:38:03.590592+00:00,1185,INCONCLUSIVE
ACT-0000902,INV-000118,4,EVENT_SEARCH,2024-06-13 11:57:49.489723+00:00,215,SUCCESS
ACT-0000903,INV-000118,5,EVENT_SEARCH,2024-06-13 12:01:25.401277+00:00,878,SUCCESS
ACT-0000904,INV-000118,6,ESCALATE,2024-06-13 12:16:03.721669+00:00,1385,SUCCESS
ACT-0000905,INV-000118,7,CLOSE,2024-06-13 12:39:09.168418+00:00,186,
ACT-0000906,INV-000119,1,OPEN,2024-06-17 22:01:36.151550+00:00,2491,
ACT-0000907,INV-000119,2,ASSET_LOOKUP,2024-06-17 22:43:07.876193+00:00,250,FAILED
ACT-0000908,INV-000119,3,ASSET_LOOKUP,2024-06-17 22:47:18.084030+00:00,1683,INCONCLUSIVE
ACT-0000909,INV-000119,4,CORRELATION,2024-06-17 23:15:21.794864+00:00,1157,SUCCESS
ACT-0000910,INV-000119,5,CORRELATION,2024-06-17 23:34:39.411747+00:00,1875,SUCCESS
ACT-0000911,INV-000119,6,EVIDENCE_REVIEW,2024-06-18 00:05:55.121711+00:00,2878,SUCCESS
ACT-0000912,INV-000119,7,ASSET_LOOKUP,2024-06-18 00:53:53.633084+00:00,871,FAILED
ACT-0000913,INV-000119,8,ESCALATE,2024-06-18 01:08:24.921452+00:00,144,SUCCESS
ACT-0000914,INV-000119,9,VALIDATE,2024-06-18 01:10:49.181408+00:00,2374,SUCCESS
ACT-0000915,INV-000119,10,CLOSE,2024-06-18 01:50:23.577078+00:00,1973,
ACT-0000916,INV-000120,1,OPEN,2024-06-16 07:49:07.794196+00:00,137,
ACT-0000917,INV-000120,2,ASSET_LOOKUP,2024-06-16 07:51:25.583963+00:00,125,SUCCESS
ACT-0000918,INV-000120,3,EVENT_SEARCH,2024-06-16 07:53:31.331095+00:00,832,SUCCESS
ACT-0000919,INV-000120,4,EVENT_SEARCH,2024-06-16 08:07:23.490290+00:00,320,SUCCESS
ACT-0000920,INV-000120,5,VALIDATE,2024-06-16 08:12:44.302730+00:00,443,FAILED
ACT-0000921,INV-000120,6,CLOSE,2024-06-16 08:20:07.428830+00:00,99,
ACT-0000922,INV-000121,1,OPEN,2024-06-22 14:40:22.979370+00:00,1594,
ACT-0000923,INV-000121,2,ASSET_LOOKUP,2024-06-22 15:06:57.177002+00:00,8,SUCCESS
ACT-0000924,INV-000121,3,ASSET_LOOKUP,2024-06-22 15:07:05.812581+00:00,473,INCONCLUSIVE
ACT-0000925,INV-000121,4,ASSET_LOOKUP,2024-06-22 15:14:58.886784+00:00,234,SUCCESS
ACT-0000926,INV-000121,5,VALIDATE,2024-06-22 15:18:53.446755+00:00,330,SUCCESS
ACT-0000927,INV-000121,6,CLOSE,2024-06-22 15:24:23.986123+00:00,252,
ACT-0000928,INV-000122,1,OPEN,2024-06-21 03:03:17.627918+00:00,34,
ACT-0000929,INV-000122,2,ASSET_LOOKUP,2024-06-21 03:03:52.402763+00:00,579,SUCCESS
ACT-0000930,INV-000122,3,CORRELATION,2024-06-21 03:13:32.356379+00:00,3187,SUCCESS
ACT-0000931,INV-000122,4,EVENT_SEARCH,2024-06-21 04:06:39.671818+00:00,999,SUCCESS
ACT-0000932,INV-000122,5,EVENT_SEARCH,2024-06-21 04:23:18.748472+00:00,367,INCONCLUSIVE
ACT-0000933,INV-000122,6,ASSET_LOOKUP,2024-06-21 04:29:26.490983+00:00,810,SUCCESS
ACT-0000934,INV-000122,7,ESCALATE,2024-06-21 04:42:57.200483+00:00,1533,SUCCESS
ACT-0000935,INV-000122,8,CONTAINMENT_REQUEST,2024-06-21 05:08:30.934700+00:00,19,SUCCESS
ACT-0000936,INV-000122,9,REMEDIATION_REQUEST,2024-06-21 05:08:50.733506+00:00,537,SUCCESS
ACT-0000937,INV-000122,10,VALIDATE,2024-06-21 05:17:47.861241+00:00,435,INCONCLUSIVE
ACT-0000938,INV-000122,11,CLOSE,2024-06-21 05:25:03.551380+00:00,618,
ACT-0000939,INV-000123,1,OPEN,2024-06-03 15:48:52.190548+00:00,43,
ACT-0000940,INV-000123,2,ASSET_LOOKUP,2024-06-03 15:49:35.725797+00:00,360,SUCCESS
ACT-0000941,INV-000123,3,EVIDENCE_REVIEW,2024-06-03 15:55:36.306246+00:00,680,SUCCESS
ACT-0000942,INV-000123,4,EVENT_SEARCH,2024-06-03 16:06:56.618220+00:00,158,FAILED
ACT-0000943,INV-000123,5,VALIDATE,2024-06-03 16:09:35.090463+00:00,669,INCONCLUSIVE
ACT-0000944,INV-000123,6,CLOSE,2024-06-03 16:20:44.957266+00:00,51,
ACT-0000945,INV-000124,1,OPEN,2024-06-16 00:43:15.816572+00:00,459,
ACT-0000946,INV-000124,2,ASSET_LOOKUP,2024-06-16 00:50:55.442705+00:00,149,SUCCESS
ACT-0000947,INV-000124,3,CONTEXT_REVIEW,2024-06-16 00:53:24.946681+00:00,1915,INCONCLUSIVE
ACT-0000948,INV-000124,4,EVIDENCE_REVIEW,2024-06-16 01:25:20.030654+00:00,1669,SUCCESS
ACT-0000949,INV-000124,5,EVENT_SEARCH,2024-06-16 01:53:09.275990+00:00,337,SUCCESS
ACT-0000950,INV-000124,6,EVENT_SEARCH,2024-06-16 01:58:46.610958+00:00,1834,SUCCESS
ACT-0000951,INV-000124,7,ESCALATE,2024-06-16 02:29:21.058351+00:00,3094,SUCCESS
ACT-0000952,INV-000124,8,REMEDIATION_REQUEST,2024-06-16 03:20:55.144412+00:00,1490,SUCCESS
ACT-0000953,INV-000124,9,VALIDATE,2024-06-16 03:45:46.035196+00:00,1920,INCONCLUSIVE
ACT-0000954,INV-000124,10,CLOSE,2024-06-16 04:17:46.831184+00:00,44,
ACT-0000955,INV-000125,1,OPEN,2024-06-20 21:38:55.571990+00:00,103,
ACT-0000956,INV-000125,2,ASSET_LOOKUP,2024-06-20 21:40:38.718933+00:00,102,INCONCLUSIVE
ACT-0000957,INV-000125,3,CONTEXT_REVIEW,2024-06-20 21:42:21.058525+00:00,200,SUCCESS
ACT-0000958,INV-000125,4,ASSET_LOOKUP,2024-06-20 21:45:41.903347+00:00,45,SUCCESS
ACT-0000959,INV-000125,5,VALIDATE,2024-06-20 21:46:26.906859+00:00,782,INCONCLUSIVE
ACT-0000960,INV-000125,6,CLOSE,2024-06-20 21:59:28.974415+00:00,97,
ACT-0000961,INV-000126,1,OPEN,2024-06-28 15:45:50.786074+00:00,907,
ACT-0000962,INV-000126,2,ASSET_LOOKUP,2024-06-28 16:00:58.291107+00:00,19,SUCCESS
ACT-0000963,INV-000126,3,ASSET_LOOKUP,2024-06-28 16:01:17.430536+00:00,975,INCONCLUSIVE
ACT-0000964,INV-000126,4,CONTEXT_REVIEW,2024-06-28 16:17:32.585622+00:00,49,SUCCESS
ACT-0000965,INV-000126,5,EVENT_SEARCH,2024-06-28 16:18:22.007303+00:00,190,SUCCESS
ACT-0000966,INV-000126,6,CONTEXT_REVIEW,2024-06-28 16:21:32.878515+00:00,47,FAILED
ACT-0000967,INV-000126,7,ESCALATE,2024-06-28 16:22:20.850385+00:00,108,SUCCESS
ACT-0000968,INV-000126,8,CONTAINMENT_REQUEST,2024-06-28 16:24:09.662590+00:00,811,SUCCESS
ACT-0000969,INV-000126,9,REMEDIATION_REQUEST,2024-06-28 16:37:41.536528+00:00,1966,SUCCESS
ACT-0000970,INV-000126,10,VALIDATE,2024-06-28 17:10:27.822967+00:00,387,SUCCESS
ACT-0000971,INV-000126,11,CLOSE,2024-06-28 17:16:55.726691+00:00,3591,
ACT-0000972,INV-000127,1,OPEN,2024-06-09 21:18:44.170908+00:00,205,
ACT-0000973,INV-000127,2,ASSET_LOOKUP,2024-06-09 21:22:09.631040+00:00,1290,SUCCESS
ACT-0000974,INV-000127,3,EVIDENCE_REVIEW,2024-06-09 21:43:40.358412+00:00,1273,SUCCESS
ACT-0000975,INV-000127,4,EVENT_SEARCH,2024-06-09 22:04:53.473524+00:00,169,SUCCESS
ACT-0000976,INV-000127,5,ASSET_LOOKUP,2024-06-09 22:07:43.230495+00:00,89,SUCCESS
ACT-0000977,INV-000127,6,ASSET_LOOKUP,2024-06-09 22:09:12.430150+00:00,40,SUCCESS
ACT-0000978,INV-000127,7,EVIDENCE_REVIEW,2024-06-09 22:09:52.519223+00:00,70,SUCCESS
ACT-0000979,INV-000127,8,EVENT_SEARCH,2024-06-09 22:11:02.911888+00:00,1101,INCONCLUSIVE
ACT-0000980,INV-000127,9,ESCALATE,2024-06-09 22:29:24.409077+00:00,2250,SUCCESS
ACT-0000981,INV-000127,10,CONTAINMENT_REQUEST,2024-06-09 23:06:55.007029+00:00,136,SUCCESS
ACT-0000982,INV-000127,11,REMEDIATION_REQUEST,2024-06-09 23:09:11.635138+00:00,1036,SUCCESS
ACT-0000983,INV-000127,12,VALIDATE,2024-06-09 23:26:27.816790+00:00,702,SUCCESS
ACT-0000984,INV-000127,13,CLOSE,2024-06-09 23:38:10.468485+00:00,1093,
ACT-0000985,INV-000128,1,OPEN,2024-06-19 09:58:57.956160+00:00,4,
ACT-0000986,INV-000128,2,ASSET_LOOKUP,2024-06-19 09:59:02.042166+00:00,953,SUCCESS
ACT-0000987,INV-000128,3,EVENT_SEARCH,2024-06-19 10:14:55.294520+00:00,1291,SUCCESS
ACT-0000988,INV-000128,4,ASSET_LOOKUP,2024-06-19 10:36:26.777416+00:00,320,SUCCESS
ACT-0000989,INV-000128,5,EVIDENCE_REVIEW,2024-06-19 10:41:47.100827+00:00,800,INCONCLUSIVE
ACT-0000990,INV-000128,6,EVIDENCE_REVIEW,2024-06-19 10:55:07.809511+00:00,1297,SUCCESS
ACT-0000991,INV-000128,7,ESCALATE,2024-06-19 11:16:45.083305+00:00,771,SUCCESS
ACT-0000992,INV-000128,8,REMEDIATION_REQUEST,2024-06-19 11:29:36.748584+00:00,228,SUCCESS
ACT-0000993,INV-000128,9,VALIDATE,2024-06-19 11:33:24.949949+00:00,12,SUCCESS
ACT-0000994,INV-000128,10,CLOSE,2024-06-19 11:33:36.970801+00:00,300,
ACT-0000995,INV-000129,1,OPEN,2024-01-29 00:59:22.830561+00:00,45,
ACT-0000996,INV-000129,2,ASSET_LOOKUP,2024-01-29 01:00:08.452087+00:00,282,FAILED
ACT-0000997,INV-000129,3,EVIDENCE_REVIEW,2024-01-29 01:04:51.191560+00:00,392,INCONCLUSIVE
ACT-0000998,INV-000129,4,EVENT_SEARCH,2024-01-29 01:11:23.756915+00:00,790,INCONCLUSIVE
ACT-0000999,INV-000129,5,CORRELATION,2024-01-29 01:24:34.618025+00:00,14,SUCCESS
ACT-0001000,INV-000129,6,ESCALATE,2024-01-29 01:24:49.411654+00:00,633,SUCCESS
ACT-0001001,INV-000130,1,OPEN,2024-01-24 19:58:50.083034+00:00,713,
ACT-0001002,INV-000130,2,ASSET_LOOKUP,2024-01-24 20:10:43.206749+00:00,1350,SUCCESS
ACT-0001003,INV-000130,3,EVENT_SEARCH,2024-01-24 20:33:13.728654+00:00,443,INCONCLUSIVE
ACT-0001004,INV-000130,4,EVENT_SEARCH,2024-01-24 20:40:36.854605+00:00,103,INCONCLUSIVE
ACT-0001005,INV-000130,5,EVENT_SEARCH,2024-01-24 20:42:20.012102+00:00,1002,SUCCESS
ACT-0001006,INV-000130,6,EVIDENCE_REVIEW,2024-01-24 20:59:02.419699+00:00,342,SUCCESS
ACT-0001007,INV-000130,7,ASSET_LOOKUP,2024-01-24 21:04:45.194928+00:00,82,SUCCESS
ACT-0001008,INV-000130,8,VALIDATE,2024-01-24 21:06:07.707348+00:00,2642,INCONCLUSIVE
ACT-0001009,INV-000130,9,CLOSE,2024-01-24 21:50:09.880556+00:00,128,
ACT-0001010,INV-000131,1,OPEN,2024-01-07 17:42:24.362722+00:00,2279,
ACT-0001011,INV-000131,2,ASSET_LOOKUP,2024-01-07 18:20:24.245764+00:00,302,SUCCESS
ACT-0001012,INV-000131,3,CONTEXT_REVIEW,2024-01-07 18:25:26.318277+00:00,663,SUCCESS
ACT-0001013,INV-000131,4,EVENT_SEARCH,2024-01-07 18:36:29.804599+00:00,20,SUCCESS
ACT-0001014,INV-000131,5,CORRELATION,2024-01-07 18:36:50.793806+00:00,293,INCONCLUSIVE
ACT-0001015,INV-000131,6,EVENT_SEARCH,2024-01-07 18:41:43.919793+00:00,798,SUCCESS
ACT-0001016,INV-000131,7,CORRELATION,2024-01-07 18:55:02.722841+00:00,73,SUCCESS
ACT-0001017,INV-000131,8,CORRELATION,2024-01-07 18:56:16.038354+00:00,1109,SUCCESS
ACT-0001018,INV-000131,9,REMEDIATION_REQUEST,2024-01-07 19:14:45.923813+00:00,181,SUCCESS
ACT-0001019,INV-000131,10,VALIDATE,2024-01-07 19:17:47.165485+00:00,354,SUCCESS
ACT-0001020,INV-000131,11,CLOSE,2024-01-07 19:23:41.793708+00:00,506,
ACT-0001021,INV-000132,1,OPEN,2024-01-26 06:16:11.207901+00:00,367,
ACT-0001022,INV-000132,2,ASSET_LOOKUP,2024-01-26 06:22:18.337262+00:00,760,SUCCESS
ACT-0001023,INV-000132,3,EVENT_SEARCH,2024-01-26 06:34:58.855344+00:00,971,SUCCESS
ACT-0001024,INV-000132,4,ASSET_LOOKUP,2024-01-26 06:51:10.826518+00:00,358,SUCCESS
ACT-0001025,INV-000132,5,CONTEXT_REVIEW,2024-01-26 06:57:09.337396+00:00,1298,FAILED
ACT-0001026,INV-000132,6,EVIDENCE_REVIEW,2024-01-26 07:18:47.512517+00:00,693,INCONCLUSIVE
ACT-0001027,INV-000132,7,EVIDENCE_REVIEW,2024-01-26 07:30:21.258671+00:00,38,SUCCESS
ACT-0001028,INV-000132,8,ESCALATE,2024-01-26 07:30:59.447874+00:00,568,SUCCESS
ACT-0001029,INV-000132,9,CONTAINMENT_REQUEST,2024-01-26 07:40:27.965606+00:00,148,SUCCESS
ACT-0001030,INV-000132,10,REMEDIATION_REQUEST,2024-01-26 07:42:56.111525+00:00,1552,SUCCESS
ACT-0001031,INV-000132,11,VALIDATE,2024-01-26 08:08:48.790450+00:00,1268,SUCCESS
ACT-0001032,INV-000132,12,CLOSE,2024-01-26 08:29:57.405484+00:00,69,
ACT-0001033,INV-000133,1,OPEN,2024-01-06 11:11:39.905232+00:00,72,
ACT-0001034,INV-000133,2,ASSET_LOOKUP,2024-01-06 11:12:52.712710+00:00,523,INCONCLUSIVE
ACT-0001035,INV-000133,3,CORRELATION,2024-01-06 11:21:36.008485+00:00,45,INCONCLUSIVE
ACT-0001036,INV-000134,1,OPEN,2024-01-09 10:18:44.610419+00:00,6745,
ACT-0001037,INV-000134,2,ASSET_LOOKUP,2024-01-09 12:11:09.923680+00:00,3124,SUCCESS
ACT-0001038,INV-000134,3,CORRELATION,2024-01-09 13:03:14.735032+00:00,2704,INCONCLUSIVE
ACT-0001039,INV-000134,4,CORRELATION,2024-01-09 13:48:18.817625+00:00,2501,SUCCESS
ACT-0001040,INV-000134,5,CONTEXT_REVIEW,2024-01-09 14:30:00.462714+00:00,1830,SUCCESS
ACT-0001041,INV-000134,6,CONTEXT_REVIEW,2024-01-09 15:00:30.726663+00:00,6219,SUCCESS
ACT-0001042,INV-000134,7,EVIDENCE_REVIEW,2024-01-09 16:44:10.696231+00:00,235,SUCCESS
ACT-0001043,INV-000134,8,ESCALATE,2024-01-09 16:48:06.385155+00:00,619,SUCCESS
ACT-0001044,INV-000134,9,VALIDATE,2024-01-09 16:58:25.716914+00:00,1699,SUCCESS
ACT-0001045,INV-000134,10,CLOSE,2024-01-09 17:26:45.616497+00:00,514,
ACT-0001046,INV-000135,1,OPEN,2024-01-18 15:06:39.680609+00:00,1234,
ACT-0001047,INV-000135,2,ASSET_LOOKUP,2024-01-18 15:27:14.254494+00:00,735,SUCCESS
ACT-0001048,INV-000135,3,EVENT_SEARCH,2024-01-18 15:39:29.419501+00:00,831,INCONCLUSIVE
ACT-0001049,INV-000135,4,ASSET_LOOKUP,2024-01-18 15:53:21.116711+00:00,5100,SUCCESS
ACT-0001050,INV-000135,5,CONTEXT_REVIEW,2024-01-18 17:18:21.853570+00:00,72,SUCCESS
ACT-0001051,INV-000135,6,CONTEXT_REVIEW,2024-01-18 17:19:34.192491+00:00,1661,INCONCLUSIVE
ACT-0001052,INV-000135,7,EVIDENCE_REVIEW,2024-01-18 17:47:15.387921+00:00,184,SUCCESS
ACT-0001053,INV-000135,8,ESCALATE,2024-01-18 17:50:19.758487+00:00,1346,SUCCESS
ACT-0001054,INV-000135,9,CONTAINMENT_REQUEST,2024-01-18 18:12:46.382414+00:00,562,SUCCESS
ACT-0001055,INV-000135,10,REMEDIATION_REQUEST,2024-01-18 18:22:08.948977+00:00,1525,SUCCESS
ACT-0001056,INV-000135,11,VALIDATE,2024-01-18 18:47:34.568975+00:00,320,INCONCLUSIVE
ACT-0001057,INV-000135,12,CLOSE,2024-01-18 18:52:54.935848+00:00,265,
ACT-0001058,INV-000136,1,OPEN,2024-01-19 21:11:47.816352+00:00,1360,
ACT-0001059,INV-000136,2,ASSET_LOOKUP,2024-01-19 21:34:28.780873+00:00,90,SUCCESS
ACT-0001060,INV-000136,3,EVIDENCE_REVIEW,2024-01-19 21:35:59.187316+00:00,98,SUCCESS
ACT-0001061,INV-000136,4,CLOSE,2024-01-19 21:37:38.073433+00:00,307,
ACT-0001062,INV-000137,1,OPEN,2024-02-10 18:53:40.734763+00:00,486,
ACT-0001063,INV-000137,2,ASSET_LOOKUP,2024-02-10 19:01:47.417979+00:00,81,SUCCESS
ACT-0001064,INV-000137,3,EVENT_SEARCH,2024-02-10 19:03:08.579344+00:00,192,INCONCLUSIVE
ACT-0001065,INV-000137,4,CORRELATION,2024-02-10 19:06:21.049792+00:00,1,SUCCESS
ACT-0001066,INV-000137,5,CONTEXT_REVIEW,2024-02-10 19:06:21.337218+00:00,54,INCONCLUSIVE
ACT-0001067,INV-000137,6,VALIDATE,2024-02-10 19:07:15.583419+00:00,394,INCONCLUSIVE
ACT-0001068,INV-000137,7,CLOSE,2024-02-10 19:13:50.098533+00:00,281,
ACT-0001069,INV-000138,1,OPEN,2024-02-12 10:37:58.638224+00:00,176,
ACT-0001070,INV-000138,2,ASSET_LOOKUP,2024-02-12 10:40:55.268883+00:00,143,SUCCESS
ACT-0001071,INV-000138,3,CONTEXT_REVIEW,2024-02-12 10:43:18.983623+00:00,11,SUCCESS
ACT-0001072,INV-000138,4,EVENT_SEARCH,2024-02-12 10:43:30.451155+00:00,815,SUCCESS
ACT-0001073,INV-000138,5,ESCALATE,2024-02-12 10:57:06.310516+00:00,693,SUCCESS
ACT-0001074,INV-000138,6,CLOSE,2024-02-12 11:08:39.958272+00:00,323,
ACT-0001075,INV-000139,1,OPEN,2024-02-04 04:55:40.906313+00:00,385,
ACT-0001076,INV-000139,2,ASSET_LOOKUP,2024-02-04 05:02:06.469976+00:00,805,SUCCESS
ACT-0001077,INV-000139,3,EVIDENCE_REVIEW,2024-02-04 05:15:32.155944+00:00,215,SUCCESS
ACT-0001078,INV-000139,4,CORRELATION,2024-02-04 05:19:07.215419+00:00,239,FAILED
ACT-0001079,INV-000139,5,EVENT_SEARCH,2024-02-04 05:23:06.339519+00:00,304,INCONCLUSIVE
ACT-0001080,INV-000139,6,CORRELATION,2024-02-04 05:28:10.825261+00:00,1196,SUCCESS
ACT-0001081,INV-000139,7,EVENT_SEARCH,2024-02-04 05:48:07.657782+00:00,1697,SUCCESS
ACT-0001082,INV-000139,8,EVENT_SEARCH,2024-02-04 06:16:25.347708+00:00,986,SUCCESS
ACT-0001083,INV-000139,9,ESCALATE,2024-02-04 06:32:51.657907+00:00,647,SUCCESS
ACT-0001084,INV-000139,10,REMEDIATION_REQUEST,2024-02-04 06:43:39.041897+00:00,44,SUCCESS
ACT-0001085,INV-000139,11,VALIDATE,2024-02-04 06:44:23.887960+00:00,885,SUCCESS
ACT-0001086,INV-000139,12,CLOSE,2024-02-04 06:59:09.273926+00:00,144,
ACT-0001087,INV-000140,1,OPEN,2024-02-28 05:52:01.426012+00:00,887,
ACT-0001088,INV-000140,2,ASSET_LOOKUP,2024-02-28 06:06:49.224839+00:00,1243,SUCCESS
ACT-0001089,INV-000140,3,CORRELATION,2024-02-28 06:27:32.640062+00:00,79,INCONCLUSIVE
ACT-0001090,INV-000140,4,CONTEXT_REVIEW,2024-02-28 06:28:51.834094+00:00,109,SUCCESS
ACT-0001091,INV-000140,5,CORRELATION,2024-02-28 06:30:41.297665+00:00,1669,SUCCESS
ACT-0001092,INV-000140,6,EVENT_SEARCH,2024-02-28 06:58:30.551769+00:00,714,SUCCESS
ACT-0001093,INV-000140,7,ESCALATE,2024-02-28 07:10:25.238617+00:00,1002,SUCCESS
ACT-0001094,INV-000140,8,VALIDATE,2024-02-28 07:27:07.939348+00:00,50,SUCCESS
ACT-0001095,INV-000140,9,CLOSE,2024-02-28 07:27:58.105724+00:00,23,
ACT-0001096,INV-000141,1,OPEN,2024-02-06 07:37:47.280738+00:00,1592,
ACT-0001097,INV-000141,2,ASSET_LOOKUP,2024-02-06 08:04:19.661599+00:00,567,FAILED
ACT-0001098,INV-000142,1,OPEN,2024-02-21 18:57:07.464977+00:00,492,
ACT-0001099,INV-000142,2,ASSET_LOOKUP,2024-02-21 19:05:20.348051+00:00,256,SUCCESS
ACT-0001100,INV-000142,3,EVENT_SEARCH,2024-02-21 19:09:37.112011+00:00,1644,FAILED
ACT-0001101,INV-000142,4,CORRELATION,2024-02-21 19:37:01.897752+00:00,2076,INCONCLUSIVE
ACT-0001102,INV-000142,5,CLOSE,2024-02-21 20:11:38.530423+00:00,3817,
ACT-0001103,INV-000143,1,OPEN,2024-02-07 07:03:31.928274+00:00,544,
ACT-0001104,INV-000143,2,ASSET_LOOKUP,2024-02-07 07:12:36.067124+00:00,208,INCONCLUSIVE
ACT-0001105,INV-000143,3,EVIDENCE_REVIEW,2024-02-07 07:16:04.826106+00:00,660,SUCCESS
ACT-0001106,INV-000143,4,VALIDATE,2024-02-07 07:27:05.525748+00:00,259,SUCCESS
ACT-0001107,INV-000143,5,CLOSE,2024-02-07 07:31:25.307953+00:00,100,
ACT-0001108,INV-000144,1,OPEN,2024-02-20 17:51:35.956098+00:00,164,
ACT-0001109,INV-000144,2,ASSET_LOOKUP,2024-02-20 17:54:20.484527+00:00,46,INCONCLUSIVE
ACT-0001110,INV-000144,3,CORRELATION,2024-02-20 17:55:06.942286+00:00,338,SUCCESS
ACT-0001111,INV-000144,4,CONTEXT_REVIEW,2024-02-20 18:00:45.617845+00:00,243,INCONCLUSIVE
ACT-0001112,INV-000144,5,EVENT_SEARCH,2024-02-20 18:04:49.426558+00:00,497,SUCCESS
ACT-0001113,INV-000144,6,CONTAINMENT_REQUEST,2024-02-20 18:13:06.732621+00:00,280,SUCCESS
ACT-0001114,INV-000144,7,REMEDIATION_REQUEST,2024-02-20 18:17:46.923715+00:00,259,SUCCESS
ACT-0001115,INV-000144,8,CLOSE,2024-02-20 18:22:06.849490+00:00,212,
ACT-0001116,INV-000145,1,OPEN,2024-02-04 04:23:55.671518+00:00,62,
ACT-0001117,INV-000145,2,ASSET_LOOKUP,2024-02-04 04:24:58.599650+00:00,115,SUCCESS
ACT-0001118,INV-000145,3,ASSET_LOOKUP,2024-02-04 04:26:54.477259+00:00,211,FAILED
ACT-0001119,INV-000145,4,VALIDATE,2024-02-04 04:30:26.330702+00:00,10,SUCCESS
ACT-0001120,INV-000145,5,CLOSE,2024-02-04 04:30:36.405182+00:00,25,
ACT-0001121,INV-000146,1,OPEN,2024-02-18 20:18:14.484875+00:00,212,
ACT-0001122,INV-000146,2,ASSET_LOOKUP,2024-02-18 20:21:47.124419+00:00,644,SUCCESS
ACT-0001123,INV-000146,3,CORRELATION,2024-02-18 20:32:32.110604+00:00,427,SUCCESS
ACT-0001124,INV-000146,4,EVENT_SEARCH,2024-02-18 20:39:39.649471+00:00,228,SUCCESS
ACT-0001125,INV-000146,5,EVENT_SEARCH,2024-02-18 20:43:27.843309+00:00,965,SUCCESS
ACT-0001126,INV-000146,6,CONTAINMENT_REQUEST,2024-02-18 20:59:33.561247+00:00,570,SUCCESS
ACT-0001127,INV-000146,7,REMEDIATION_REQUEST,2024-02-18 21:09:04.485990+00:00,219,SUCCESS
ACT-0001128,INV-000146,8,VALIDATE,2024-02-18 21:12:43.537615+00:00,465,SUCCESS
ACT-0001129,INV-000146,9,CLOSE,2024-02-18 21:20:29.532159+00:00,39,
ACT-0001130,INV-000147,1,OPEN,2024-03-25 22:36:12.225743+00:00,103,
ACT-0001131,INV-000147,2,ASSET_LOOKUP,2024-03-25 22:37:55.614604+00:00,1622,SUCCESS
ACT-0001132,INV-000147,3,CORRELATION,2024-03-25 23:04:58.365119+00:00,461,SUCCESS
ACT-0001133,INV-000147,4,EVENT_SEARCH,2024-03-25 23:12:40.305826+00:00,990,SUCCESS
ACT-0001134,INV-000147,5,EVIDENCE_REVIEW,2024-03-25 23:29:10.703872+00:00,133,INCONCLUSIVE
ACT-0001135,INV-000147,6,VALIDATE,2024-03-25 23:31:24.407041+00:00,171,SUCCESS
ACT-0001136,INV-000147,7,CLOSE,2024-03-25 23:34:16.314922+00:00,328,
ACT-0001137,INV-000148,1,OPEN,2024-03-09 04:10:21.659841+00:00,251,
ACT-0001138,INV-000148,2,ASSET_LOOKUP,2024-03-09 04:14:33.268773+00:00,2047,SUCCESS
ACT-0001139,INV-000148,3,CONTEXT_REVIEW,2024-03-09 04:48:40.653462+00:00,1573,FAILED
ACT-0001140,INV-000148,4,CONTEXT_REVIEW,2024-03-09 05:14:54.372582+00:00,886,SUCCESS
ACT-0001141,INV-000148,5,CONTEXT_REVIEW,2024-03-09 05:29:40.661720+00:00,1458,INCONCLUSIVE
ACT-0001142,INV-000148,6,CORRELATION,2024-03-09 05:53:58.783562+00:00,278,SUCCESS
ACT-0001143,INV-000148,7,EVIDENCE_REVIEW,2024-03-09 05:58:37.480336+00:00,656,INCONCLUSIVE
ACT-0001144,INV-000148,8,CORRELATION,2024-03-09 06:09:33.831313+00:00,116,INCONCLUSIVE
ACT-0001145,INV-000148,9,VALIDATE,2024-03-09 06:11:30.365133+00:00,395,SUCCESS
ACT-0001146,INV-000148,10,CLOSE,2024-03-09 06:18:05.632574+00:00,2204,
ACT-0001147,INV-000149,1,OPEN,2024-03-28 03:08:52.923572+00:00,1606,
ACT-0001148,INV-000149,2,ASSET_LOOKUP,2024-03-28 03:35:39.741586+00:00,703,SUCCESS
ACT-0001149,INV-000149,3,ASSET_LOOKUP,2024-03-28 03:47:23.556555+00:00,730,SUCCESS
ACT-0001150,INV-000149,4,EVENT_SEARCH,2024-03-28 03:59:33.642407+00:00,849,SUCCESS
ACT-0001151,INV-000149,5,ASSET_LOOKUP,2024-03-28 04:13:42.799203+00:00,383,SUCCESS
ACT-0001152,INV-000149,6,ESCALATE,2024-03-28 04:20:06.192502+00:00,778,SUCCESS
ACT-0001153,INV-000149,7,VALIDATE,2024-03-28 04:33:04.308326+00:00,135,SUCCESS
ACT-0001154,INV-000149,8,CLOSE,2024-03-28 04:35:19.970143+00:00,213,
ACT-0001155,INV-000150,1,OPEN,2024-03-22 09:47:26.358863+00:00,245,
ACT-0001156,INV-000150,2,ASSET_LOOKUP,2024-03-22 09:51:31.573775+00:00,86,SUCCESS
ACT-0001157,INV-000150,3,CONTEXT_REVIEW,2024-03-22 09:52:57.980705+00:00,309,INCONCLUSIVE
ACT-0001158,INV-000150,4,EVENT_SEARCH,2024-03-22 09:58:07.095910+00:00,96,SUCCESS
ACT-0001159,INV-000150,5,CORRELATION,2024-03-22 09:59:43.834139+00:00,248,INCONCLUSIVE
ACT-0001160,INV-000150,6,EVENT_SEARCH,2024-03-22 10:03:52.454093+00:00,711,INCONCLUSIVE
ACT-0001161,INV-000150,7,CORRELATION,2024-03-22 10:15:43.477598+00:00,809,SUCCESS
ACT-0001162,INV-000150,8,ESCALATE,2024-03-22 10:29:12.656597+00:00,242,SUCCESS
ACT-0001163,INV-000150,9,VALIDATE,2024-03-22 10:33:14.972435+00:00,823,INCONCLUSIVE
ACT-0001164,INV-000150,10,CLOSE,2024-03-22 10:46:58.693682+00:00,243,
ACT-0001165,INV-000151,1,OPEN,2024-03-18 07:38:21.209738+00:00,663,
ACT-0001166,INV-000151,2,ASSET_LOOKUP,2024-03-18 07:49:24.424297+00:00,83,SUCCESS
ACT-0001167,INV-000151,3,EVENT_SEARCH,2024-03-18 07:50:47.983861+00:00,15,SUCCESS
ACT-0001168,INV-000151,4,CONTEXT_REVIEW,2024-03-18 07:51:03.916116+00:00,24,INCONCLUSIVE
ACT-0001169,INV-000151,5,VALIDATE,2024-03-18 07:51:27.930619+00:00,97,SUCCESS
ACT-0001170,INV-000151,6,CLOSE,2024-03-18 07:53:05.231455+00:00,601,
ACT-0001171,INV-000152,1,OPEN,2024-03-28 00:08:27.336875+00:00,544,
ACT-0001172,INV-000152,2,ASSET_LOOKUP,2024-03-28 00:17:31.576119+00:00,36,SUCCESS
ACT-0001173,INV-000152,3,CORRELATION,2024-03-28 00:18:08.276252+00:00,1327,SUCCESS
ACT-0001174,INV-000152,4,CORRELATION,2024-03-28 00:40:16.035570+00:00,2532,SUCCESS
ACT-0001175,INV-000152,5,CONTEXT_REVIEW,2024-03-28 01:22:28.177169+00:00,827,SUCCESS
ACT-0001176,INV-000152,6,CORRELATION,2024-03-28 01:36:15.555278+00:00,1190,SUCCESS
ACT-0001177,INV-000152,7,ASSET_LOOKUP,2024-03-28 01:56:05.753809+00:00,2052,SUCCESS
ACT-0001178,INV-000152,8,CORRELATION,2024-03-28 02:30:17.867698+00:00,1496,FAILED
ACT-0001179,INV-000152,9,ESCALATE,2024-03-28 02:55:14.458939+00:00,140,SUCCESS
ACT-0001180,INV-000152,10,REMEDIATION_REQUEST,2024-03-28 02:57:34.545910+00:00,742,SUCCESS
ACT-0001181,INV-000152,11,VALIDATE,2024-03-28 03:09:56.679150+00:00,1077,SUCCESS
ACT-0001182,INV-000152,12,CLOSE,2024-03-28 03:27:53.985573+00:00,2028,
ACT-0001183,INV-000153,1,OPEN,2024-03-30 16:29:06.173666+00:00,231,
ACT-0001184,INV-000153,2,ASSET_LOOKUP,2024-03-30 16:32:57.545444+00:00,846,SUCCESS
ACT-0001185,INV-000153,3,ASSET_LOOKUP,2024-03-30 16:47:04.054827+00:00,383,INCONCLUSIVE
ACT-0001186,INV-000153,4,CONTEXT_REVIEW,2024-03-30 16:53:27.868009+00:00,1671,SUCCESS
ACT-0001187,INV-000153,5,CONTEXT_REVIEW,2024-03-30 17:21:18.882430+00:00,907,SUCCESS
ACT-0001188,INV-000153,6,CORRELATION,2024-03-30 17:36:26.545982+00:00,187,SUCCESS
ACT-0001189,INV-000153,7,ESCALATE,2024-03-30 17:39:34.387861+00:00,1452,SUCCESS
ACT-0001190,INV-000153,8,CONTAINMENT_REQUEST,2024-03-30 18:03:47.273931+00:00,507,SUCCESS
ACT-0001191,INV-000153,9,REMEDIATION_REQUEST,2024-03-30 18:12:14.311166+00:00,185,SUCCESS
ACT-0001192,INV-000153,10,VALIDATE,2024-03-30 18:15:19.394435+00:00,1149,SUCCESS
ACT-0001193,INV-000153,11,CLOSE,2024-03-30 18:34:28.673487+00:00,693,
ACT-0001194,INV-000154,1,OPEN,2024-03-25 03:50:44.301889+00:00,3352,
ACT-0001195,INV-000154,2,ASSET_LOOKUP,2024-03-25 04:46:36.759429+00:00,622,SUCCESS
ACT-0001196,INV-000154,3,CONTEXT_REVIEW,2024-03-25 04:56:59.645508+00:00,1246,SUCCESS
ACT-0001197,INV-000154,4,EVIDENCE_REVIEW,2024-03-25 05:17:45.955014+00:00,449,FAILED
ACT-0001198,INV-000154,5,EVENT_SEARCH,2024-03-25 05:25:15.343680+00:00,175,SUCCESS
ACT-0001199,INV-000154,6,VALIDATE,2024-03-25 05:28:11.144810+00:00,50,SUCCESS
ACT-0001200,INV-000154,7,CLOSE,2024-03-25 05:29:01.504694+00:00,1286,
ACT-0001201,INV-000155,1,OPEN,2024-03-09 09:14:44.431065+00:00,587,
ACT-0001202,INV-000155,2,ASSET_LOOKUP,2024-03-09 09:24:32.044358+00:00,115,SUCCESS
ACT-0001203,INV-000155,3,ASSET_LOOKUP,2024-03-09 09:26:27.866029+00:00,1241,INCONCLUSIVE
ACT-0001204,INV-000155,4,CORRELATION,2024-03-09 09:47:09.593302+00:00,98,SUCCESS
ACT-0001205,INV-000155,5,ASSET_LOOKUP,2024-03-09 09:48:47.873969+00:00,116,SUCCESS
ACT-0001206,INV-000156,1,OPEN,2024-03-29 13:47:45.607231+00:00,1235,
ACT-0001207,INV-000156,2,ASSET_LOOKUP,2024-03-29 14:08:20.956541+00:00,591,SUCCESS
ACT-0001208,INV-000156,3,CONTEXT_REVIEW,2024-03-29 14:18:12.257186+00:00,333,INCONCLUSIVE
ACT-0001209,INV-000157,1,OPEN,2024-03-12 21:21:18.784126+00:00,2863,
ACT-0001210,INV-000157,2,ASSET_LOOKUP,2024-03-12 22:09:01.986336+00:00,610,SUCCESS
ACT-0001211,INV-000157,3,CORRELATION,2024-03-12 22:19:12.866851+00:00,3314,SUCCESS
ACT-0001212,INV-000157,4,CONTEXT_REVIEW,2024-03-12 23:14:27.848539+00:00,1351,SUCCESS
ACT-0001213,INV-000157,5,EVENT_SEARCH,2024-03-12 23:36:58.997596+00:00,2161,SUCCESS
ACT-0001214,INV-000157,6,EVIDENCE_REVIEW,2024-03-13 00:13:00.697272+00:00,219,SUCCESS
ACT-0001215,INV-000157,7,EVIDENCE_REVIEW,2024-03-13 00:16:40.614425+00:00,229,FAILED
ACT-0001216,INV-000157,8,EVIDENCE_REVIEW,2024-03-13 00:20:29.740561+00:00,457,INCONCLUSIVE
ACT-0001217,INV-000157,9,VALIDATE,2024-03-13 00:28:06.936224+00:00,3044,INCONCLUSIVE
ACT-0001218,INV-000157,10,CLOSE,2024-03-13 01:18:51.158075+00:00,855,
ACT-0001219,INV-000158,1,OPEN,2024-03-03 17:20:36.888316+00:00,859,
ACT-0001220,INV-000158,2,ASSET_LOOKUP,2024-03-03 17:34:55.975936+00:00,1177,INCONCLUSIVE
ACT-0001221,INV-000158,3,EVIDENCE_REVIEW,2024-03-03 17:54:33.110189+00:00,44,SUCCESS
ACT-0001222,INV-000158,4,EVENT_SEARCH,2024-03-03 17:55:17.279307+00:00,159,INCONCLUSIVE
ACT-0001223,INV-000158,5,EVENT_SEARCH,2024-03-03 17:57:56.465185+00:00,91,SUCCESS
ACT-0001224,INV-000158,6,ASSET_LOOKUP,2024-03-03 17:59:27.847162+00:00,144,SUCCESS
ACT-0001225,INV-000158,7,CORRELATION,2024-03-03 18:01:52.354451+00:00,535,SUCCESS
ACT-0001226,INV-000158,8,ESCALATE,2024-03-03 18:10:47.428485+00:00,333,SUCCESS
ACT-0001227,INV-000158,9,REMEDIATION_REQUEST,2024-03-03 18:16:21.192537+00:00,435,SUCCESS
ACT-0001228,INV-000158,10,VALIDATE,2024-03-03 18:23:36.673208+00:00,508,SUCCESS
ACT-0001229,INV-000158,11,CLOSE,2024-03-03 18:32:05.618541+00:00,512,
ACT-0001230,INV-000159,1,OPEN,2024-03-01 02:25:02.886752+00:00,774,
ACT-0001231,INV-000159,2,ASSET_LOOKUP,2024-03-01 02:37:57.802476+00:00,415,SUCCESS
ACT-0001232,INV-000159,3,CORRELATION,2024-03-01 02:44:53.452693+00:00,182,INCONCLUSIVE
ACT-0001233,INV-000159,4,EVENT_SEARCH,2024-03-01 02:47:55.931131+00:00,27,INCONCLUSIVE
ACT-0001234,INV-000159,5,VALIDATE,2024-03-01 02:48:23.435533+00:00,284,SUCCESS
ACT-0001235,INV-000159,6,CLOSE,2024-03-01 02:53:07.729941+00:00,474,
ACT-0001236,INV-000160,1,OPEN,2024-03-05 11:47:53.201935+00:00,92,
ACT-0001237,INV-000160,2,ASSET_LOOKUP,2024-03-05 11:49:25.635844+00:00,1813,SUCCESS
ACT-0001238,INV-000160,3,CORRELATION,2024-03-05 12:19:38.797363+00:00,101,SUCCESS
ACT-0001239,INV-000160,4,EVENT_SEARCH,2024-03-05 12:21:20.433724+00:00,522,SUCCESS
ACT-0001240,INV-000160,5,CORRELATION,2024-03-05 12:30:03.112980+00:00,359,SUCCESS
ACT-0001241,INV-000160,6,CLOSE,2024-03-05 12:36:03.034425+00:00,48,
ACT-0001242,INV-000161,1,OPEN,2024-04-08 17:16:58.953038+00:00,171,
ACT-0001243,INV-000161,2,ASSET_LOOKUP,2024-04-08 17:19:50.695015+00:00,563,INCONCLUSIVE
ACT-0001244,INV-000161,3,EVIDENCE_REVIEW,2024-04-08 17:29:14.219196+00:00,459,INCONCLUSIVE
ACT-0001245,INV-000161,4,EVENT_SEARCH,2024-04-08 17:36:53.896789+00:00,157,SUCCESS
ACT-0001246,INV-000161,5,EVIDENCE_REVIEW,2024-04-08 17:39:31.457903+00:00,50,INCONCLUSIVE
ACT-0001247,INV-000161,6,VALIDATE,2024-04-08 17:40:21.767392+00:00,359,SUCCESS
ACT-0001248,INV-000161,7,CLOSE,2024-04-08 17:46:21.600088+00:00,1209,
ACT-0001249,INV-000162,1,OPEN,2024-04-10 14:13:17.175124+00:00,529,
ACT-0001250,INV-000162,2,ASSET_LOOKUP,2024-04-10 14:22:06.508056+00:00,575,INCONCLUSIVE
ACT-0001251,INV-000162,3,EVIDENCE_REVIEW,2024-04-10 14:31:42.029147+00:00,473,INCONCLUSIVE
ACT-0001252,INV-000162,4,ASSET_LOOKUP,2024-04-10 14:39:35.534747+00:00,273,INCONCLUSIVE
ACT-0001253,INV-000162,5,VALIDATE,2024-04-10 14:44:09.141887+00:00,409,SUCCESS
ACT-0001254,INV-000162,6,CLOSE,2024-04-10 14:50:58.808225+00:00,22,
ACT-0001255,INV-000163,1,OPEN,2024-04-09 18:18:27.935510+00:00,294,
ACT-0001256,INV-000163,2,ASSET_LOOKUP,2024-04-09 18:23:22.867098+00:00,966,SUCCESS
ACT-0001257,INV-000163,3,CORRELATION,2024-04-09 18:39:28.910522+00:00,1,SUCCESS
ACT-0001258,INV-000163,4,EVIDENCE_REVIEW,2024-04-09 18:39:30.559563+00:00,743,INCONCLUSIVE
ACT-0001259,INV-000163,5,ASSET_LOOKUP,2024-04-09 18:51:53.929887+00:00,537,INCONCLUSIVE
ACT-0001260,INV-000163,6,EVENT_SEARCH,2024-04-09 19:00:51.027108+00:00,926,SUCCESS
ACT-0001261,INV-000163,7,EVENT_SEARCH,2024-04-09 19:16:17.109447+00:00,744,SUCCESS
ACT-0001262,INV-000163,8,ASSET_LOOKUP,2024-04-09 19:28:41.585569+00:00,3876,FAILED
ACT-0001263,INV-000163,9,ESCALATE,2024-04-09 20:33:17.627859+00:00,699,SUCCESS
ACT-0001264,INV-000163,10,REMEDIATION_REQUEST,2024-04-09 20:44:56.747636+00:00,2228,SUCCESS
ACT-0001265,INV-000163,11,VALIDATE,2024-04-09 21:22:04.788303+00:00,285,SUCCESS
ACT-0001266,INV-000163,12,CLOSE,2024-04-09 21:26:50.170705+00:00,921,
ACT-0001267,INV-000164,1,OPEN,2024-04-25 10:59:02.945549+00:00,382,
ACT-0001268,INV-000164,2,ASSET_LOOKUP,2024-04-25 11:05:25.317342+00:00,647,SUCCESS
ACT-0001269,INV-000164,3,EVENT_SEARCH,2024-04-25 11:16:12.671091+00:00,241,FAILED
ACT-0001270,INV-000164,4,ASSET_LOOKUP,2024-04-25 11:20:14.242123+00:00,129,SUCCESS
ACT-0001271,INV-000164,5,CORRELATION,2024-04-25 11:22:23.545090+00:00,406,SUCCESS
ACT-0001272,INV-000164,6,VALIDATE,2024-04-25 11:29:10.433809+00:00,345,INCONCLUSIVE
ACT-0001273,INV-000164,7,CLOSE,2024-04-25 11:34:55.759959+00:00,130,
ACT-0001274,INV-000165,1,OPEN,2024-04-27 21:49:03.506130+00:00,109,
ACT-0001275,INV-000165,2,ASSET_LOOKUP,2024-04-27 21:50:53.017235+00:00,138,SUCCESS
ACT-0001276,INV-000165,3,EVIDENCE_REVIEW,2024-04-27 21:53:11.823471+00:00,599,SUCCESS
ACT-0001277,INV-000165,4,EVENT_SEARCH,2024-04-27 22:03:10.960380+00:00,129,SUCCESS
ACT-0001278,INV-000165,5,CONTEXT_REVIEW,2024-04-27 22:05:20.311186+00:00,206,SUCCESS
ACT-0001279,INV-000165,6,CONTEXT_REVIEW,2024-04-27 22:08:46.640087+00:00,72,INCONCLUSIVE
ACT-0001280,INV-000165,7,ESCALATE,2024-04-27 22:09:58.915365+00:00,262,SUCCESS
ACT-0001281,INV-000165,8,VALIDATE,2024-04-27 22:14:21.799807+00:00,226,SUCCESS
ACT-0001282,INV-000165,9,CLOSE,2024-04-27 22:18:07.804543+00:00,75,
ACT-0001283,INV-000166,1,OPEN,2024-04-11 14:06:06.133471+00:00,421,
ACT-0001284,INV-000166,2,ASSET_LOOKUP,2024-04-11 14:13:07.714247+00:00,670,SUCCESS
ACT-0001285,INV-000166,3,CORRELATION,2024-04-11 14:24:18.384705+00:00,126,SUCCESS
ACT-0001286,INV-000166,4,EVIDENCE_REVIEW,2024-04-11 14:26:24.800195+00:00,336,SUCCESS
ACT-0001287,INV-000166,5,EVIDENCE_REVIEW,2024-04-11 14:32:01.444109+00:00,873,SUCCESS
ACT-0001288,INV-000166,6,EVENT_SEARCH,2024-04-11 14:46:34.453299+00:00,2,SUCCESS
ACT-0001289,INV-000166,7,ASSET_LOOKUP,2024-04-11 14:46:36.994372+00:00,548,INCONCLUSIVE
ACT-0001290,INV-000166,8,ESCALATE,2024-04-11 14:55:45.734250+00:00,8,SUCCESS
ACT-0001291,INV-000166,9,VALIDATE,2024-04-11 14:55:54.435476+00:00,139,INCONCLUSIVE
ACT-0001292,INV-000166,10,CLOSE,2024-04-11 14:58:13.814979+00:00,651,
ACT-0001293,INV-000167,1,OPEN,2024-04-22 21:13:42.490059+00:00,130,
ACT-0001294,INV-000167,2,ASSET_LOOKUP,2024-04-22 21:15:52.749618+00:00,1100,SUCCESS
ACT-0001295,INV-000167,3,CONTEXT_REVIEW,2024-04-22 21:34:13.496592+00:00,564,SUCCESS
ACT-0001296,INV-000167,4,ASSET_LOOKUP,2024-04-22 21:43:37.908714+00:00,1418,SUCCESS
ACT-0001297,INV-000167,5,CONTEXT_REVIEW,2024-04-22 22:07:16.237888+00:00,292,INCONCLUSIVE
ACT-0001298,INV-000167,6,EVENT_SEARCH,2024-04-22 22:12:08.428957+00:00,338,SUCCESS
ACT-0001299,INV-000167,7,CORRELATION,2024-04-22 22:17:46.627733+00:00,186,INCONCLUSIVE
ACT-0001300,INV-000167,8,EVENT_SEARCH,2024-04-22 22:20:53.129236+00:00,102,SUCCESS
ACT-0001301,INV-000167,9,ESCALATE,2024-04-22 22:22:35.342581+00:00,47,SUCCESS
ACT-0001302,INV-000167,10,VALIDATE,2024-04-22 22:23:23.185980+00:00,1842,SUCCESS
ACT-0001303,INV-000167,11,CLOSE,2024-04-22 22:54:05.400581+00:00,1154,
ACT-0001304,INV-000168,1,OPEN,2024-04-10 15:58:15.593393+00:00,41,
ACT-0001305,INV-000168,2,ASSET_LOOKUP,2024-04-10 15:58:56.616384+00:00,571,SUCCESS
ACT-0001306,INV-000168,3,CONTEXT_REVIEW,2024-04-10 16:08:28.363108+00:00,104,SUCCESS
ACT-0001307,INV-000168,4,CORRELATION,2024-04-10 16:10:12.700926+00:00,70,SUCCESS
ACT-0001308,INV-000168,5,EVENT_SEARCH,2024-04-10 16:11:22.814863+00:00,184,SUCCESS
ACT-0001309,INV-000168,6,CORRELATION,2024-04-10 16:14:27.187240+00:00,712,SUCCESS
ACT-0001310,INV-000168,7,ESCALATE,2024-04-10 16:26:19.976644+00:00,96,SUCCESS
ACT-0001311,INV-000168,8,CONTAINMENT_REQUEST,2024-04-10 16:27:56.362757+00:00,29,SUCCESS
ACT-0001312,INV-000168,9,REMEDIATION_REQUEST,2024-04-10 16:28:25.486505+00:00,461,SUCCESS
ACT-0001313,INV-000168,10,VALIDATE,2024-04-10 16:36:07.220396+00:00,1799,SUCCESS
ACT-0001314,INV-000168,11,CLOSE,2024-04-10 17:06:07.145640+00:00,260,
ACT-0001315,INV-000169,1,OPEN,2024-04-17 20:50:11.698836+00:00,250,
ACT-0001316,INV-000169,2,ASSET_LOOKUP,2024-04-17 20:54:22.289617+00:00,450,SUCCESS
ACT-0001317,INV-000169,3,ASSET_LOOKUP,2024-04-17 21:01:52.976492+00:00,92,SUCCESS
ACT-0001318,INV-000169,4,CLOSE,2024-04-17 21:03:25.876282+00:00,328,
ACT-0001319,INV-000170,1,OPEN,2024-04-17 08:55:30.228796+00:00,178,
ACT-0001320,INV-000170,2,ASSET_LOOKUP,2024-04-17 08:58:28.502359+00:00,252,INCONCLUSIVE
ACT-0001321,INV-000170,3,EVENT_SEARCH,2024-04-17 09:02:41.273823+00:00,4224,INCONCLUSIVE
ACT-0001322,INV-000170,4,CORRELATION,2024-04-17 10:13:05.407085+00:00,268,SUCCESS
ACT-0001323,INV-000170,5,ASSET_LOOKUP,2024-04-17 10:17:34.301687+00:00,692,SUCCESS
ACT-0001324,INV-000170,6,CORRELATION,2024-04-17 10:29:07.075613+00:00,2796,SUCCESS
ACT-0001325,INV-000170,7,ASSET_LOOKUP,2024-04-17 11:15:43.781833+00:00,107,SUCCESS
ACT-0001326,INV-000170,8,CONTAINMENT_REQUEST,2024-04-17 11:17:31.420706+00:00,1140,SUCCESS
ACT-0001327,INV-000170,9,REMEDIATION_REQUEST,2024-04-17 11:36:31.969184+00:00,393,SUCCESS
ACT-0001328,INV-000170,10,VALIDATE,2024-04-17 11:43:05.732153+00:00,131,SUCCESS
ACT-0001329,INV-000170,11,CLOSE,2024-04-17 11:45:17.157339+00:00,20,
ACT-0001330,INV-000171,1,OPEN,2024-04-26 13:01:45.751291+00:00,224,
ACT-0001331,INV-000171,2,ASSET_LOOKUP,2024-04-26 13:05:30.244911+00:00,101,INCONCLUSIVE
ACT-0001332,INV-000171,3,CORRELATION,2024-04-26 13:07:11.869990+00:00,12,SUCCESS
ACT-0001333,INV-000171,4,EVENT_SEARCH,2024-04-26 13:07:24.586418+00:00,477,SUCCESS
ACT-0001334,INV-000171,5,CONTEXT_REVIEW,2024-04-26 13:15:21.803947+00:00,1030,SUCCESS
ACT-0001335,INV-000171,6,ASSET_LOOKUP,2024-04-26 13:32:32.640278+00:00,103,SUCCESS
ACT-0001336,INV-000171,7,ESCALATE,2024-04-26 13:34:16.398017+00:00,1179,SUCCESS
ACT-0001337,INV-000171,8,REMEDIATION_REQUEST,2024-04-26 13:53:56.363551+00:00,52,SUCCESS
ACT-0001338,INV-000171,9,VALIDATE,2024-04-26 13:54:48.453456+00:00,522,SUCCESS
ACT-0001339,INV-000171,10,CLOSE,2024-04-26 14:03:30.666939+00:00,328,
ACT-0001340,INV-000172,1,OPEN,2024-04-01 07:30:17.756225+00:00,1293,
ACT-0001341,INV-000172,2,ASSET_LOOKUP,2024-04-01 07:51:50.888260+00:00,8,SUCCESS
ACT-0001342,INV-000172,3,EVENT_SEARCH,2024-04-01 07:51:59.757606+00:00,379,SUCCESS
ACT-0001343,INV-000172,4,CORRELATION,2024-04-01 07:58:19.394017+00:00,2813,SUCCESS
ACT-0001344,INV-000172,5,VALIDATE,2024-04-01 08:45:12.742001+00:00,162,SUCCESS
ACT-0001345,INV-000172,6,CLOSE,2024-04-01 08:47:55.049927+00:00,1297,
ACT-0001346,INV-000173,1,OPEN,2024-04-01 13:02:25.740129+00:00,131,
ACT-0001347,INV-000173,2,ASSET_LOOKUP,2024-04-01 13:04:37.447156+00:00,37,SUCCESS
ACT-0001348,INV-000173,3,EVENT_SEARCH,2024-04-01 13:05:14.467600+00:00,347,SUCCESS
ACT-0001349,INV-000173,4,VALIDATE,2024-04-01 13:11:01.875410+00:00,541,SUCCESS
ACT-0001350,INV-000173,5,CLOSE,2024-04-01 13:20:03.559255+00:00,62,
ACT-0001351,INV-000174,1,OPEN,2024-05-31 14:05:10.098462+00:00,870,
ACT-0001352,INV-000174,2,ASSET_LOOKUP,2024-05-31 14:19:40.961734+00:00,227,SUCCESS
ACT-0001353,INV-000174,3,CONTEXT_REVIEW,2024-05-31 14:23:28.084027+00:00,576,SUCCESS
ACT-0001354,INV-000174,4,VALIDATE,2024-05-31 14:33:04.434761+00:00,2055,SUCCESS
ACT-0001355,INV-000174,5,CLOSE,2024-05-31 15:07:20.243192+00:00,205,
ACT-0001356,INV-000175,1,OPEN,2024-05-14 11:16:37.797638+00:00,164,
ACT-0001357,INV-000175,2,ASSET_LOOKUP,2024-05-14 11:19:21.949163+00:00,52,SUCCESS
ACT-0001358,INV-000175,3,EVENT_SEARCH,2024-05-14 11:20:14.468193+00:00,201,SUCCESS
ACT-0001359,INV-000175,4,EVENT_SEARCH,2024-05-14 11:23:35.713859+00:00,101,SUCCESS
ACT-0001360,INV-000175,5,CLOSE,2024-05-14 11:25:17.619638+00:00,27,
ACT-0001361,INV-000176,1,OPEN,2024-05-15 21:56:20.895799+00:00,255,
ACT-0001362,INV-000176,2,ASSET_LOOKUP,2024-05-15 22:00:36.498054+00:00,1888,SUCCESS
ACT-0001363,INV-000176,3,EVENT_SEARCH,2024-05-15 22:32:05.320750+00:00,945,SUCCESS
ACT-0001364,INV-000176,4,CONTEXT_REVIEW,2024-05-15 22:47:51.205335+00:00,208,SUCCESS
ACT-0001365,INV-000176,5,ASSET_LOOKUP,2024-05-15 22:51:19.802535+00:00,384,INCONCLUSIVE
ACT-0001366,INV-000176,6,VALIDATE,2024-05-15 22:57:43.828634+00:00,129,SUCCESS
ACT-0001367,INV-000176,7,CLOSE,2024-05-15 22:59:53.558736+00:00,2408,
ACT-0001368,INV-000177,1,OPEN,2024-05-19 15:01:57.976334+00:00,195,
ACT-0001369,INV-000177,2,ASSET_LOOKUP,2024-05-19 15:05:13.953171+00:00,172,FAILED
ACT-0001370,INV-000177,3,VALIDATE,2024-05-19 15:08:06.484367+00:00,1034,SUCCESS
ACT-0001371,INV-000177,4,CLOSE,2024-05-19 15:25:21.103891+00:00,2,
ACT-0001372,INV-000178,1,OPEN,2024-05-06 17:12:25.759921+00:00,86,
ACT-0001373,INV-000178,2,ASSET_LOOKUP,2024-05-06 17:13:52.100336+00:00,402,SUCCESS
ACT-0001374,INV-000178,3,EVIDENCE_REVIEW,2024-05-06 17:20:34.415668+00:00,386,SUCCESS
ACT-0001375,INV-000178,4,EVENT_SEARCH,2024-05-06 17:27:01.077812+00:00,726,SUCCESS
ACT-0001376,INV-000178,5,EVENT_SEARCH,2024-05-06 17:39:07.907328+00:00,557,INCONCLUSIVE
ACT-0001377,INV-000179,1,OPEN,2024-05-20 03:29:44.096331+00:00,119,
ACT-0001378,INV-000179,2,ASSET_LOOKUP,2024-05-20 03:31:43.408098+00:00,798,SUCCESS
ACT-0001379,INV-000179,3,EVIDENCE_REVIEW,2024-05-20 03:45:01.790626+00:00,71,SUCCESS
ACT-0001380,INV-000179,4,VALIDATE,2024-05-20 03:46:12.796986+00:00,10,SUCCESS
ACT-0001381,INV-000179,5,CLOSE,2024-05-20 03:46:23.483261+00:00,283,
ACT-0001382,INV-000180,1,OPEN,2024-05-18 06:10:37.256854+00:00,77,
ACT-0001383,INV-000180,2,ASSET_LOOKUP,2024-05-18 06:11:54.576486+00:00,326,SUCCESS
ACT-0001384,INV-000180,3,CONTEXT_REVIEW,2024-05-18 06:17:20.792818+00:00,34,SUCCESS
ACT-0001385,INV-000180,4,VALIDATE,2024-05-18 06:17:55.460955+00:00,155,SUCCESS
ACT-0001386,INV-000180,5,CLOSE,2024-05-18 06:20:30.481254+00:00,165,
ACT-0001387,INV-000181,1,OPEN,2024-06-03 13:55:01.568000+00:00,54,
ACT-0001388,INV-000181,2,ASSET_LOOKUP,2024-06-03 13:55:56.503102+00:00,3,SUCCESS
ACT-0001389,INV-000181,3,CONTEXT_REVIEW,2024-06-03 13:56:00.227999+00:00,1077,FAILED
ACT-0001390,INV-000181,4,EVENT_SEARCH,2024-06-03 14:13:57.978524+00:00,1023,FAILED
ACT-0001391,INV-000182,1,OPEN,2024-06-24 05:16:55.678931+00:00,387,
ACT-0001392,INV-000182,2,ASSET_LOOKUP,2024-06-24 05:23:23.646174+00:00,201,SUCCESS
ACT-0001393,INV-000182,3,CORRELATION,2024-06-24 05:26:44.866754+00:00,202,SUCCESS
ACT-0001394,INV-000182,4,EVIDENCE_REVIEW,2024-06-24 05:30:07.540438+00:00,661,SUCCESS
ACT-0001395,INV-000182,5,EVIDENCE_REVIEW,2024-06-24 05:41:09.056903+00:00,50,INCONCLUSIVE
ACT-0001396,INV-000182,6,CORRELATION,2024-06-24 05:41:59.233773+00:00,54,SUCCESS
ACT-0001397,INV-000182,7,ESCALATE,2024-06-24 05:42:53.738088+00:00,230,SUCCESS
ACT-0001398,INV-000182,8,VALIDATE,2024-06-24 05:46:44.436624+00:00,206,SUCCESS
ACT-0001399,INV-000182,9,CLOSE,2024-06-24 05:50:11.022280+00:00,216,
ACT-0001400,INV-000183,1,OPEN,2024-06-12 03:10:56.913544+00:00,611,
ACT-0001401,INV-000183,2,ASSET_LOOKUP,2024-06-12 03:21:08.731568+00:00,926,SUCCESS
ACT-0001402,INV-000183,3,CORRELATION,2024-06-12 03:36:35.616032+00:00,279,SUCCESS
ACT-0001403,INV-000183,4,CORRELATION,2024-06-12 03:41:14.799723+00:00,29,SUCCESS
ACT-0001404,INV-000183,5,EVIDENCE_REVIEW,2024-06-12 03:41:43.978940+00:00,62,SUCCESS
ACT-0001405,INV-000183,6,CORRELATION,2024-06-12 03:42:46.118485+00:00,227,SUCCESS
ACT-0001406,INV-000183,7,CORRELATION,2024-06-12 03:46:33.381071+00:00,3877,SUCCESS
ACT-0001407,INV-000183,8,ESCALATE,2024-06-12 04:51:10.478304+00:00,384,SUCCESS
ACT-0001408,INV-000183,9,CONTAINMENT_REQUEST,2024-06-12 04:57:34.672361+00:00,1951,SUCCESS
ACT-0001409,INV-000183,10,REMEDIATION_REQUEST,2024-06-12 05:30:06.423870+00:00,134,SUCCESS
ACT-0001410,INV-000183,11,VALIDATE,2024-06-12 05:32:20.903461+00:00,30,SUCCESS
ACT-0001411,INV-000183,12,CLOSE,2024-06-12 05:32:51.457690+00:00,744,
ACT-0001412,INV-000184,1,OPEN,2024-06-03 19:25:04.961791+00:00,32,
ACT-0001413,INV-000184,2,ASSET_LOOKUP,2024-06-03 19:25:37.068552+00:00,350,SUCCESS
ACT-0001414,INV-000184,3,EVENT_SEARCH,2024-06-03 19:31:27.297148+00:00,150,INCONCLUSIVE
ACT-0001415,INV-000184,4,EVENT_SEARCH,2024-06-03 19:33:58.160473+00:00,72,SUCCESS
ACT-0001416,INV-000184,5,EVENT_SEARCH,2024-06-03 19:35:10.366077+00:00,1096,SUCCESS
ACT-0001417,INV-000184,6,CONTEXT_REVIEW,2024-06-03 19:53:26.850209+00:00,458,SUCCESS
ACT-0001418,INV-000185,1,OPEN,2024-06-05 02:49:39.741664+00:00,376,
ACT-0001419,INV-000185,2,ASSET_LOOKUP,2024-06-05 02:55:56.584460+00:00,648,SUCCESS
ACT-0001420,INV-000185,3,CONTEXT_REVIEW,2024-06-05 03:06:45.462853+00:00,361,SUCCESS
ACT-0001421,INV-000185,4,EVENT_SEARCH,2024-06-05 03:12:46.484530+00:00,2763,SUCCESS
ACT-0001422,INV-000185,5,EVIDENCE_REVIEW,2024-06-05 03:58:50.285650+00:00,234,INCONCLUSIVE
ACT-0001423,INV-000185,6,CONTEXT_REVIEW,2024-06-05 04:02:44.755603+00:00,475,INCONCLUSIVE
ACT-0001424,INV-000185,7,EVENT_SEARCH,2024-06-05 04:10:40.367175+00:00,1646,SUCCESS
ACT-0001425,INV-000185,8,CONTAINMENT_REQUEST,2024-06-05 04:38:06.755247+00:00,927,SUCCESS
ACT-0001426,INV-000185,9,REMEDIATION_REQUEST,2024-06-05 04:53:34.062214+00:00,213,SUCCESS
ACT-0001427,INV-000185,10,VALIDATE,2024-06-05 04:57:07.270132+00:00,694,SUCCESS
ACT-0001428,INV-000185,11,CLOSE,2024-06-05 05:08:41.513067+00:00,258,
ACT-0001429,INV-000186,1,OPEN,2024-06-28 23:26:45.504486+00:00,456,
ACT-0001430,INV-000186,2,ASSET_LOOKUP,2024-06-28 23:34:22.138327+00:00,20,SUCCESS
ACT-0001431,INV-000186,3,CONTEXT_REVIEW,2024-06-28 23:34:42.862027+00:00,866,SUCCESS
ACT-0001432,INV-000186,4,CONTEXT_REVIEW,2024-06-28 23:49:09.106968+00:00,906,SUCCESS
ACT-0001433,INV-000186,5,ASSET_LOOKUP,2024-06-29 00:04:15.895432+00:00,449,SUCCESS
ACT-0001434,INV-000186,6,EVENT_SEARCH,2024-06-29 00:11:45.407119+00:00,173,INCONCLUSIVE
ACT-0001435,INV-000186,7,CORRELATION,2024-06-29 00:14:38.598409+00:00,749,SUCCESS
ACT-0001436,INV-000186,8,ESCALATE,2024-06-29 00:27:08.561258+00:00,145,SUCCESS
ACT-0001437,INV-000186,9,REMEDIATION_REQUEST,2024-06-29 00:29:34.395914+00:00,236,SUCCESS
ACT-0001438,INV-000186,10,VALIDATE,2024-06-29 00:33:31.381598+00:00,885,INCONCLUSIVE
ACT-0001439,INV-000186,11,CLOSE,2024-06-29 00:48:17.076792+00:00,490,
ACT-0001440,INV-000187,1,OPEN,2024-06-09 03:58:08.728899+00:00,95,
ACT-0001441,INV-000187,2,ASSET_LOOKUP,2024-06-09 03:59:44.718750+00:00,155,INCONCLUSIVE
ACT-0001442,INV-000187,3,CORRELATION,2024-06-09 04:02:20.343276+00:00,557,SUCCESS
ACT-0001443,INV-000187,4,EVENT_SEARCH,2024-06-09 04:11:37.791962+00:00,1372,SUCCESS
ACT-0001444,INV-000187,5,ASSET_LOOKUP,2024-06-09 04:34:30.562494+00:00,35,SUCCESS
ACT-0001445,INV-000187,6,EVENT_SEARCH,2024-06-09 04:35:06.168874+00:00,779,SUCCESS
ACT-0001446,INV-000187,7,EVENT_SEARCH,2024-06-09 04:48:05.328770+00:00,106,SUCCESS
ACT-0001447,INV-000187,8,ESCALATE,2024-06-09 04:49:51.778144+00:00,149,SUCCESS
ACT-0001448,INV-000187,9,VALIDATE,2024-06-09 04:52:21.177522+00:00,747,SUCCESS
ACT-0001449,INV-000187,10,CLOSE,2024-06-09 05:04:48.893216+00:00,171,
ACT-0001450,INV-000188,1,OPEN,2024-06-06 00:42:58.103027+00:00,20,
ACT-0001451,INV-000188,2,ASSET_LOOKUP,2024-06-06 00:43:18.148632+00:00,187,SUCCESS
ACT-0001452,INV-000188,3,CORRELATION,2024-06-06 00:46:26.093716+00:00,118,SUCCESS
ACT-0001453,INV-000188,4,CORRELATION,2024-06-06 00:48:25.093585+00:00,201,SUCCESS
ACT-0001454,INV-000188,5,ASSET_LOOKUP,2024-06-06 00:51:46.302676+00:00,50,SUCCESS
ACT-0001455,INV-000188,6,REMEDIATION_REQUEST,2024-06-06 00:52:37.211432+00:00,111,SUCCESS
ACT-0001456,INV-000188,7,VALIDATE,2024-06-06 00:54:28.501490+00:00,110,INCONCLUSIVE
ACT-0001457,INV-000188,8,CLOSE,2024-06-06 00:56:19.273494+00:00,600,
ACT-0001458,INV-000189,1,OPEN,2024-01-26 17:48:27.140404+00:00,18,
ACT-0001459,INV-000189,2,ASSET_LOOKUP,2024-01-26 17:48:45.525217+00:00,601,SUCCESS
ACT-0001460,INV-000189,3,ASSET_LOOKUP,2024-01-26 17:58:47.311843+00:00,298,SUCCESS
ACT-0001461,INV-000189,4,EVENT_SEARCH,2024-01-26 18:03:45.404106+00:00,139,SUCCESS
ACT-0001462,INV-000189,5,CONTEXT_REVIEW,2024-01-26 18:06:05.103770+00:00,159,SUCCESS
ACT-0001463,INV-000189,6,VALIDATE,2024-01-26 18:08:44.126978+00:00,164,SUCCESS
ACT-0001464,INV-000189,7,CLOSE,2024-01-26 18:11:28.350927+00:00,5,
ACT-0001465,INV-000190,1,OPEN,2024-01-02 06:01:17.731620+00:00,776,
ACT-0001466,INV-000190,2,ASSET_LOOKUP,2024-01-02 06:14:13.777700+00:00,34,INCONCLUSIVE
ACT-0001467,INV-000190,3,EVENT_SEARCH,2024-01-02 06:14:48.639026+00:00,599,SUCCESS
ACT-0001468,INV-000190,4,CONTEXT_REVIEW,2024-01-02 06:24:47.714036+00:00,474,SUCCESS
ACT-0001469,INV-000190,5,EVENT_SEARCH,2024-01-02 06:32:42.661982+00:00,225,SUCCESS
ACT-0001470,INV-000190,6,EVIDENCE_REVIEW,2024-01-02 06:36:28.222483+00:00,520,SUCCESS
ACT-0001471,INV-000190,7,EVIDENCE_REVIEW,2024-01-02 06:45:08.428667+00:00,146,SUCCESS
ACT-0001472,INV-000190,8,VALIDATE,2024-01-02 06:47:35.422006+00:00,761,SUCCESS
ACT-0001473,INV-000190,9,CLOSE,2024-01-02 07:00:17.133489+00:00,1459,
ACT-0001474,INV-000191,1,OPEN,2024-01-28 05:56:11.934313+00:00,190,
ACT-0001475,INV-000191,2,ASSET_LOOKUP,2024-01-28 05:59:22.143690+00:00,146,SUCCESS
ACT-0001476,INV-000191,3,VALIDATE,2024-01-28 06:01:48.965710+00:00,86,SUCCESS
ACT-0001477,INV-000191,4,CLOSE,2024-01-28 06:03:15.152132+00:00,96,
ACT-0001478,INV-000192,1,OPEN,2024-01-30 18:29:58.051574+00:00,3528,
ACT-0001479,INV-000192,2,ASSET_LOOKUP,2024-01-30 19:28:46.706878+00:00,2280,INCONCLUSIVE
ACT-0001480,INV-000192,3,EVENT_SEARCH,2024-01-30 20:06:46.834754+00:00,2976,SUCCESS
ACT-0001481,INV-000192,4,CORRELATION,2024-01-30 20:56:23.301289+00:00,274,SUCCESS
ACT-0001482,INV-000192,5,EVENT_SEARCH,2024-01-30 21:00:57.908605+00:00,290,INCONCLUSIVE
ACT-0001483,INV-000192,6,CORRELATION,2024-01-30 21:05:48.731119+00:00,1349,INCONCLUSIVE
ACT-0001484,INV-000192,7,EVENT_SEARCH,2024-01-30 21:28:18.285775+00:00,1495,SUCCESS
ACT-0001485,INV-000192,8,ESCALATE,2024-01-30 21:53:13.458385+00:00,2846,SUCCESS
ACT-0001486,INV-000192,9,VALIDATE,2024-01-30 22:40:39.529669+00:00,1168,INCONCLUSIVE
ACT-0001487,INV-000192,10,CLOSE,2024-01-30 23:00:07.825732+00:00,921,
ACT-0001488,INV-000193,1,OPEN,2024-01-20 04:24:36.899239+00:00,6,
ACT-0001489,INV-000193,2,ASSET_LOOKUP,2024-01-20 04:24:42.993680+00:00,7,SUCCESS
ACT-0001490,INV-000193,3,EVENT_SEARCH,2024-01-20 04:24:50.698912+00:00,469,SUCCESS
ACT-0001491,INV-000193,4,CORRELATION,2024-01-20 04:32:40.135085+00:00,275,SUCCESS
ACT-0001492,INV-000193,5,EVIDENCE_REVIEW,2024-01-20 04:37:15.600608+00:00,867,INCONCLUSIVE
ACT-0001493,INV-000193,6,EVENT_SEARCH,2024-01-20 04:51:43.061394+00:00,176,SUCCESS
ACT-0001494,INV-000193,7,CORRELATION,2024-01-20 04:54:39.539555+00:00,143,SUCCESS
ACT-0001495,INV-000193,8,CONTEXT_REVIEW,2024-01-20 04:57:02.699365+00:00,214,INCONCLUSIVE
ACT-0001496,INV-000194,1,OPEN,2024-01-21 11:43:48.914373+00:00,82,
ACT-0001497,INV-000194,2,ASSET_LOOKUP,2024-01-21 11:45:11.654021+00:00,660,INCONCLUSIVE
ACT-0001498,INV-000194,3,ASSET_LOOKUP,2024-01-21 11:56:12.295959+00:00,337,INCONCLUSIVE
ACT-0001499,INV-000194,4,EVENT_SEARCH,2024-01-21 12:01:49.337051+00:00,115,SUCCESS
ACT-0001500,INV-000194,5,EVENT_SEARCH,2024-01-21 12:03:44.793361+00:00,163,INCONCLUSIVE
ACT-0001501,INV-000194,6,CORRELATION,2024-01-21 12:06:27.980698+00:00,1319,FAILED
ACT-0001502,INV-000194,7,CORRELATION,2024-01-21 12:28:27.967022+00:00,195,INCONCLUSIVE
ACT-0001503,INV-000194,8,VALIDATE,2024-01-21 12:31:43.628740+00:00,197,SUCCESS
ACT-0001504,INV-000194,9,CLOSE,2024-01-21 12:35:01.207842+00:00,697,
ACT-0001505,INV-000195,1,OPEN,2024-01-18 21:07:57.413141+00:00,699,
ACT-0001506,INV-000195,2,ASSET_LOOKUP,2024-01-18 21:19:37.020538+00:00,2353,SUCCESS
ACT-0001507,INV-000195,3,EVENT_SEARCH,2024-01-18 21:58:50.090781+00:00,4469,SUCCESS
ACT-0001508,INV-000195,4,EVIDENCE_REVIEW,2024-01-18 23:13:19.288815+00:00,25,SUCCESS
ACT-0001509,INV-000195,5,EVIDENCE_REVIEW,2024-01-18 23:13:44.499869+00:00,607,INCONCLUSIVE
ACT-0001510,INV-000195,6,CORRELATION,2024-01-18 23:23:51.637022+00:00,1387,SUCCESS
ACT-0001511,INV-000195,7,VALIDATE,2024-01-18 23:46:59.067350+00:00,749,SUCCESS
ACT-0001512,INV-000195,8,CLOSE,2024-01-18 23:59:28.616744+00:00,1901,
ACT-0001513,INV-000196,1,OPEN,2024-01-25 20:36:01.340104+00:00,307,
ACT-0001514,INV-000196,2,ASSET_LOOKUP,2024-01-25 20:41:09.094289+00:00,330,SUCCESS
ACT-0001515,INV-000196,3,EVENT_SEARCH,2024-01-25 20:46:39.552744+00:00,176,SUCCESS
ACT-0001516,INV-000196,4,EVIDENCE_REVIEW,2024-01-25 20:49:36.444490+00:00,29,INCONCLUSIVE
ACT-0001517,INV-000196,5,ASSET_LOOKUP,2024-01-25 20:50:06.005308+00:00,492,INCONCLUSIVE
ACT-0001518,INV-000196,6,CONTEXT_REVIEW,2024-01-25 20:58:18.814233+00:00,910,SUCCESS
ACT-0001519,INV-000196,7,ASSET_LOOKUP,2024-01-25 21:13:29.049210+00:00,796,SUCCESS
ACT-0001520,INV-000196,8,CONTEXT_REVIEW,2024-01-25 21:26:45.723902+00:00,1651,INCONCLUSIVE
ACT-0001521,INV-000196,9,VALIDATE,2024-01-25 21:54:16.767615+00:00,1493,SUCCESS
ACT-0001522,INV-000196,10,CLOSE,2024-01-25 22:19:10.562209+00:00,1885,
ACT-0001523,INV-000197,1,OPEN,2024-01-08 19:29:36.793237+00:00,241,
ACT-0001524,INV-000197,2,ASSET_LOOKUP,2024-01-08 19:33:37.806062+00:00,76,SUCCESS
ACT-0001525,INV-000197,3,EVENT_SEARCH,2024-01-08 19:34:54.222456+00:00,570,SUCCESS
ACT-0001526,INV-000197,4,EVIDENCE_REVIEW,2024-01-08 19:44:25.081740+00:00,685,INCONCLUSIVE
ACT-0001527,INV-000197,5,CONTEXT_REVIEW,2024-01-08 19:55:50.814099+00:00,205,SUCCESS
ACT-0001528,INV-000197,6,CONTAINMENT_REQUEST,2024-01-08 19:59:16.095298+00:00,594,SUCCESS
ACT-0001529,INV-000197,7,REMEDIATION_REQUEST,2024-01-08 20:09:10.413706+00:00,408,SUCCESS
ACT-0001530,INV-000197,8,VALIDATE,2024-01-08 20:15:58.881630+00:00,90,INCONCLUSIVE
ACT-0001531,INV-000197,9,CLOSE,2024-01-08 20:17:29.098528+00:00,31,
ACT-0001532,INV-000198,1,OPEN,2024-01-04 13:54:12.380540+00:00,598,
ACT-0001533,INV-000198,2,ASSET_LOOKUP,2024-01-04 14:04:11.298412+00:00,19,INCONCLUSIVE
ACT-0001534,INV-000198,3,EVENT_SEARCH,2024-01-04 14:04:30.589771+00:00,792,SUCCESS
ACT-0001535,INV-000199,1,OPEN,2024-01-24 17:56:04.415413+00:00,138,
ACT-0001536,INV-000199,2,ASSET_LOOKUP,2024-01-24 17:58:22.671587+00:00,243,SUCCESS
ACT-0001537,INV-000199,3,EVIDENCE_REVIEW,2024-01-24 18:02:26.001641+00:00,30,SUCCESS
ACT-0001538,INV-000199,4,EVIDENCE_REVIEW,2024-01-24 18:02:56.574878+00:00,21,SUCCESS
ACT-0001539,INV-000199,5,CORRELATION,2024-01-24 18:03:18.048110+00:00,171,SUCCESS
ACT-0001540,INV-000199,6,EVENT_SEARCH,2024-01-24 18:06:10.004677+00:00,326,INCONCLUSIVE
ACT-0001541,INV-000199,7,ESCALATE,2024-01-24 18:11:36.876710+00:00,147,SUCCESS
ACT-0001542,INV-000199,8,CONTAINMENT_REQUEST,2024-01-24 18:14:04.435956+00:00,121,SUCCESS
ACT-0001543,INV-000199,9,REMEDIATION_REQUEST,2024-01-24 18:16:05.531149+00:00,300,SUCCESS
ACT-0001544,INV-000199,10,VALIDATE,2024-01-24 18:21:05.646500+00:00,437,INCONCLUSIVE
ACT-0001545,INV-000199,11,CLOSE,2024-01-24 18:28:22.668178+00:00,183,
ACT-0001546,INV-000200,1,OPEN,2024-01-23 10:51:25.366195+00:00,629,
ACT-0001547,INV-000200,2,ASSET_LOOKUP,2024-01-23 11:01:54.584104+00:00,309,INCONCLUSIVE
ACT-0001548,INV-000200,3,ASSET_LOOKUP,2024-01-23 11:07:04.534955+00:00,26,SUCCESS
ACT-0001549,INV-000200,4,CONTEXT_REVIEW,2024-01-23 11:07:31.153004+00:00,190,INCONCLUSIVE
ACT-0001550,INV-000200,5,CORRELATION,2024-01-23 11:10:41.178813+00:00,118,INCONCLUSIVE
ACT-0001551,INV-000200,6,ESCALATE,2024-01-23 11:12:39.383685+00:00,156,SUCCESS
ACT-0001552,INV-000200,7,VALIDATE,2024-01-23 11:15:15.763477+00:00,706,SUCCESS
ACT-0001553,INV-000200,8,CLOSE,2024-01-23 11:27:02.668481+00:00,599,
ACT-0001554,INV-000201,1,OPEN,2024-01-28 00:20:13.763176+00:00,275,
ACT-0001555,INV-000201,2,ASSET_LOOKUP,2024-01-28 00:24:48.777772+00:00,30,SUCCESS
ACT-0001556,INV-000201,3,EVENT_SEARCH,2024-01-28 00:25:19.299608+00:00,582,SUCCESS
ACT-0001557,INV-000201,4,EVENT_SEARCH,2024-01-28 00:35:01.625403+00:00,35,FAILED
ACT-0001558,INV-000201,5,EVIDENCE_REVIEW,2024-01-28 00:35:36.791214+00:00,179,SUCCESS
ACT-0001559,INV-000201,6,ESCALATE,2024-01-28 00:38:36.052132+00:00,415,SUCCESS
ACT-0001560,INV-000201,7,VALIDATE,2024-01-28 00:45:31.592146+00:00,32,INCONCLUSIVE
ACT-0001561,INV-000201,8,CLOSE,2024-01-28 00:46:04.233924+00:00,143,
ACT-0001562,INV-000202,1,OPEN,2024-01-24 11:29:40.401713+00:00,384,
ACT-0001563,INV-000202,2,ASSET_LOOKUP,2024-01-24 11:36:05.374356+00:00,46,SUCCESS
ACT-0001564,INV-000202,3,ASSET_LOOKUP,2024-01-24 11:36:51.761685+00:00,151,SUCCESS
ACT-0001565,INV-000202,4,CORRELATION,2024-01-24 11:39:23.371247+00:00,5,FAILED
ACT-0001566,INV-000202,5,EVENT_SEARCH,2024-01-24 11:39:29.071233+00:00,1660,SUCCESS
ACT-0001567,INV-000202,6,REMEDIATION_REQUEST,2024-01-24 12:07:09.178917+00:00,213,SUCCESS
ACT-0001568,INV-000202,7,VALIDATE,2024-01-24 12:10:42.703039+00:00,1539,INCONCLUSIVE
ACT-0001569,INV-000202,8,CLOSE,2024-01-24 12:36:22.134640+00:00,1330,
ACT-0001570,INV-000203,1,OPEN,2024-01-11 05:37:09.334012+00:00,400,
ACT-0001571,INV-000203,2,ASSET_LOOKUP,2024-01-11 05:43:50.001274+00:00,1901,SUCCESS
ACT-0001572,INV-000203,3,EVENT_SEARCH,2024-01-11 06:15:31.561357+00:00,608,SUCCESS
ACT-0001573,INV-000203,4,EVIDENCE_REVIEW,2024-01-11 06:25:39.999624+00:00,1536,SUCCESS
ACT-0001574,INV-000203,5,CONTEXT_REVIEW,2024-01-11 06:51:16.887860+00:00,289,INCONCLUSIVE
ACT-0001575,INV-000203,6,EVENT_SEARCH,2024-01-11 06:56:06.437555+00:00,218,INCONCLUSIVE
ACT-0001576,INV-000203,7,EVIDENCE_REVIEW,2024-01-11 06:59:45.275818+00:00,2057,SUCCESS
ACT-0001577,INV-000203,8,ESCALATE,2024-01-11 07:34:02.347996+00:00,287,SUCCESS
ACT-0001578,INV-000203,9,VALIDATE,2024-01-11 07:38:50.233107+00:00,507,SUCCESS
ACT-0001579,INV-000203,10,CLOSE,2024-01-11 07:47:18.148145+00:00,214,
ACT-0001580,INV-000204,1,OPEN,2024-01-29 11:25:32.687257+00:00,479,
ACT-0001581,INV-000204,2,ASSET_LOOKUP,2024-01-29 11:33:32.568435+00:00,340,SUCCESS
ACT-0001582,INV-000204,3,EVENT_SEARCH,2024-01-29 11:39:13.116614+00:00,29,SUCCESS
ACT-0001583,INV-000204,4,VALIDATE,2024-01-29 11:39:43.100184+00:00,742,FAILED
ACT-0001584,INV-000204,5,CLOSE,2024-01-29 11:52:05.567622+00:00,72,
ACT-0001585,INV-000205,1,OPEN,2024-01-03 13:44:18.783098+00:00,340,
ACT-0001586,INV-000205,2,ASSET_LOOKUP,2024-01-03 13:49:59.159632+00:00,900,SUCCESS
ACT-0001587,INV-000205,3,EVENT_SEARCH,2024-01-03 14:04:59.389747+00:00,894,INCONCLUSIVE
ACT-0001588,INV-000205,4,EVENT_SEARCH,2024-01-03 14:19:53.498513+00:00,64,FAILED
ACT-0001589,INV-000205,5,CONTEXT_REVIEW,2024-01-03 14:20:57.605586+00:00,409,SUCCESS
ACT-0001590,INV-000205,6,ESCALATE,2024-01-03 14:27:46.977960+00:00,21,SUCCESS
ACT-0001591,INV-000205,7,CONTAINMENT_REQUEST,2024-01-03 14:28:08.184174+00:00,458,SUCCESS
ACT-0001592,INV-000205,8,REMEDIATION_REQUEST,2024-01-03 14:35:46.714641+00:00,1024,SUCCESS
ACT-0001593,INV-000205,9,VALIDATE,2024-01-03 14:52:51.344369+00:00,1300,SUCCESS
ACT-0001594,INV-000205,10,CLOSE,2024-01-03 15:14:31.451392+00:00,1295,
ACT-0001595,INV-000206,1,OPEN,2024-02-25 09:28:24.843976+00:00,217,
ACT-0001596,INV-000206,2,ASSET_LOOKUP,2024-02-25 09:32:02.575102+00:00,117,SUCCESS
ACT-0001597,INV-000206,3,CORRELATION,2024-02-25 09:34:00.314176+00:00,225,SUCCESS
ACT-0001598,INV-000206,4,EVENT_SEARCH,2024-02-25 09:37:45.345378+00:00,152,SUCCESS
ACT-0001599,INV-000206,5,CONTEXT_REVIEW,2024-02-25 09:40:17.787824+00:00,69,INCONCLUSIVE
ACT-0001600,INV-000206,6,VALIDATE,2024-02-25 09:41:27.744435+00:00,351,INCONCLUSIVE
ACT-0001601,INV-000206,7,CLOSE,2024-02-25 09:47:19.556771+00:00,193,
ACT-0001602,INV-000207,1,OPEN,2024-02-14 12:32:59.320839+00:00,166,
ACT-0001603,INV-000207,2,ASSET_LOOKUP,2024-02-14 12:35:45.414403+00:00,490,SUCCESS
ACT-0001604,INV-000207,3,EVENT_SEARCH,2024-02-14 12:43:56.139066+00:00,535,SUCCESS
ACT-0001605,INV-000207,4,CONTEXT_REVIEW,2024-02-14 12:52:51.239021+00:00,18,SUCCESS
ACT-0001606,INV-000207,5,EVENT_SEARCH,2024-02-14 12:53:10.026321+00:00,866,SUCCESS
ACT-0001607,INV-000207,6,VALIDATE,2024-02-14 13:07:36.250941+00:00,714,INCONCLUSIVE
ACT-0001608,INV-000207,7,CLOSE,2024-02-14 13:19:31.155022+00:00,45,
ACT-0001609,INV-000208,1,OPEN,2024-02-20 03:09:49.035686+00:00,112,
ACT-0001610,INV-000208,2,ASSET_LOOKUP,2024-02-20 03:11:41.632013+00:00,117,SUCCESS
ACT-0001611,INV-000208,3,EVIDENCE_REVIEW,2024-02-20 03:13:38.840488+00:00,4,INCONCLUSIVE
ACT-0001612,INV-000208,4,ASSET_LOOKUP,2024-02-20 03:13:43.745225+00:00,14,SUCCESS
ACT-0001613,INV-000208,5,VALIDATE,2024-02-20 03:13:58.029807+00:00,65,SUCCESS
ACT-0001614,INV-000208,6,CLOSE,2024-02-20 03:15:03.916769+00:00,118,
ACT-0001615,INV-000209,1,OPEN,2024-02-18 15:01:42.843018+00:00,719,
ACT-0001616,INV-000209,2,ASSET_LOOKUP,2024-02-18 15:13:42.521492+00:00,2142,SUCCESS
ACT-0001617,INV-000209,3,EVENT_SEARCH,2024-02-18 15:49:25.199315+00:00,296,INCONCLUSIVE
ACT-0001618,INV-000209,4,ASSET_LOOKUP,2024-02-18 15:54:21.579200+00:00,1989,SUCCESS
ACT-0001619,INV-000209,5,VALIDATE,2024-02-18 16:27:31.173805+00:00,465,SUCCESS
ACT-0001620,INV-000209,6,CLOSE,2024-02-18 16:35:16.896292+00:00,376,
ACT-0001621,INV-000210,1,OPEN,2024-02-26 13:37:00.758987+00:00,405,
ACT-0001622,INV-000210,2,ASSET_LOOKUP,2024-02-26 13:43:46.449121+00:00,947,SUCCESS
ACT-0001623,INV-000210,3,EVIDENCE_REVIEW,2024-02-26 13:59:33.687100+00:00,1518,SUCCESS
ACT-0001624,INV-000210,4,CONTEXT_REVIEW,2024-02-26 14:24:52.397198+00:00,747,FAILED
ACT-0001625,INV-000210,5,ESCALATE,2024-02-26 14:37:20.006773+00:00,613,SUCCESS
ACT-0001626,INV-000211,1,OPEN,2024-02-17 06:35:13.763595+00:00,286,
ACT-0001627,INV-000211,2,ASSET_LOOKUP,2024-02-17 06:40:00.191777+00:00,578,SUCCESS
ACT-0001628,INV-000211,3,CLOSE,2024-02-17 06:49:38.886845+00:00,79,
ACT-0001629,INV-000212,1,OPEN,2024-02-29 11:10:16.359304+00:00,368,
ACT-0001630,INV-000212,2,ASSET_LOOKUP,2024-02-29 11:16:24.669797+00:00,150,SUCCESS
ACT-0001631,INV-000212,3,CONTEXT_REVIEW,2024-02-29 11:18:54.693558+00:00,245,SUCCESS
ACT-0001632,INV-000212,4,CONTAINMENT_REQUEST,2024-02-29 11:22:59.937905+00:00,141,SUCCESS
ACT-0001633,INV-000212,5,REMEDIATION_REQUEST,2024-02-29 11:25:21.192524+00:00,42,SUCCESS
ACT-0001634,INV-000212,6,VALIDATE,2024-02-29 11:26:03.244226+00:00,221,SUCCESS
ACT-0001635,INV-000212,7,CLOSE,2024-02-29 11:29:44.359045+00:00,43,
ACT-0001636,INV-000213,1,OPEN,2024-02-19 16:49:11.871149+00:00,1936,
ACT-0001637,INV-000213,2,ASSET_LOOKUP,2024-02-19 17:21:28.778730+00:00,2058,SUCCESS
ACT-0001638,INV-000213,3,EVENT_SEARCH,2024-02-19 17:55:47.600510+00:00,2318,INCONCLUSIVE
ACT-0001639,INV-000213,4,REMEDIATION_REQUEST,2024-02-19 18:34:25.823487+00:00,348,SUCCESS
ACT-0001640,INV-000213,5,CLOSE,2024-02-19 18:40:14.366909+00:00,714,
ACT-0001641,INV-000214,1,OPEN,2024-02-15 04:11:37.547458+00:00,30,
ACT-0001642,INV-000214,2,ASSET_LOOKUP,2024-02-15 04:12:07.962768+00:00,2301,SUCCESS
ACT-0001643,INV-000214,3,EVENT_SEARCH,2024-02-15 04:50:29.852346+00:00,955,SUCCESS
ACT-0001644,INV-000214,4,CORRELATION,2024-02-15 05:06:25.243851+00:00,2028,SUCCESS
ACT-0001645,INV-000214,5,EVIDENCE_REVIEW,2024-02-15 05:40:13.675221+00:00,1110,SUCCESS
ACT-0001646,INV-000214,6,VALIDATE,2024-02-15 05:58:44.324050+00:00,1376,INCONCLUSIVE
ACT-0001647,INV-000214,7,CLOSE,2024-02-15 06:21:40.629267+00:00,500,
ACT-0001648,INV-000215,1,OPEN,2024-02-10 01:22:32.561310+00:00,1678,
ACT-0001649,INV-000215,2,ASSET_LOOKUP,2024-02-10 01:50:31.302023+00:00,1567,SUCCESS
ACT-0001650,INV-000215,3,EVENT_SEARCH,2024-02-10 02:16:38.942360+00:00,65,INCONCLUSIVE
ACT-0001651,INV-000215,4,CONTEXT_REVIEW,2024-02-10 02:17:44.781807+00:00,1388,SUCCESS
ACT-0001652,INV-000215,5,EVENT_SEARCH,2024-02-10 02:40:53.291314+00:00,324,SUCCESS
ACT-0001653,INV-000215,6,ASSET_LOOKUP,2024-02-10 02:46:18.191237+00:00,151,SUCCESS
ACT-0001654,INV-000215,7,CONTEXT_REVIEW,2024-02-10 02:48:49.219904+00:00,1429,SUCCESS
ACT-0001655,INV-000215,8,ESCALATE,2024-02-10 03:12:38.373368+00:00,254,SUCCESS
ACT-0001656,INV-000215,9,CONTAINMENT_REQUEST,2024-02-10 03:16:52.646177+00:00,3143,SUCCESS
ACT-0001657,INV-000215,10,REMEDIATION_REQUEST,2024-02-10 04:09:15.670984+00:00,2530,SUCCESS
ACT-0001658,INV-000215,11,VALIDATE,2024-02-10 04:51:26.524846+00:00,1148,SUCCESS
ACT-0001659,INV-000215,12,CLOSE,2024-02-10 05:10:35.052887+00:00,1191,
ACT-0001660,INV-000216,1,OPEN,2024-02-03 01:43:18.665601+00:00,423,
ACT-0001661,INV-000216,2,ASSET_LOOKUP,2024-02-03 01:50:22.250087+00:00,517,SUCCESS
ACT-0001662,INV-000216,3,EVIDENCE_REVIEW,2024-02-03 01:58:59.845482+00:00,269,SUCCESS
ACT-0001663,INV-000216,4,EVENT_SEARCH,2024-02-03 02:03:29.358235+00:00,336,SUCCESS
ACT-0001664,INV-000216,5,CLOSE,2024-02-03 02:09:05.686861+00:00,679,
ACT-0001665,INV-000217,1,OPEN,2024-02-14 06:10:42.187059+00:00,1120,
ACT-0001666,INV-000217,2,ASSET_LOOKUP,2024-02-14 06:29:22.467533+00:00,845,INCONCLUSIVE
ACT-0001667,INV-000217,3,CORRELATION,2024-02-14 06:43:28.324789+00:00,629,INCONCLUSIVE
ACT-0001668,INV-000217,4,EVIDENCE_REVIEW,2024-02-14 06:53:57.581405+00:00,498,SUCCESS
ACT-0001669,INV-000217,5,EVENT_SEARCH,2024-02-14 07:02:16.198943+00:00,113,SUCCESS
ACT-0001670,INV-000217,6,EVIDENCE_REVIEW,2024-02-14 07:04:09.673049+00:00,425,INCONCLUSIVE
ACT-0001671,INV-000217,7,VALIDATE,2024-02-14 07:11:14.959028+00:00,760,SUCCESS
ACT-0001672,INV-000217,8,CLOSE,2024-02-14 07:23:55.444920+00:00,447,
ACT-0001673,INV-000218,1,OPEN,2024-02-16 20:11:24.021994+00:00,78,
ACT-0001674,INV-000218,2,ASSET_LOOKUP,2024-02-16 20:12:42.709815+00:00,262,SUCCESS
ACT-0001675,INV-000218,3,CONTEXT_REVIEW,2024-02-16 20:17:04.949451+00:00,95,SUCCESS
ACT-0001676,INV-000218,4,EVIDENCE_REVIEW,2024-02-16 20:18:40.513557+00:00,73,SUCCESS
ACT-0001677,INV-000218,5,ESCALATE,2024-02-16 20:19:54.499174+00:00,215,SUCCESS
ACT-0001678,INV-000218,6,VALIDATE,2024-02-16 20:23:29.800961+00:00,27,SUCCESS
ACT-0001679,INV-000218,7,CLOSE,2024-02-16 20:23:57.074725+00:00,90,
ACT-0001680,INV-000219,1,OPEN,2024-02-01 02:03:35.032231+00:00,54,
ACT-0001681,INV-000219,2,ASSET_LOOKUP,2024-02-01 02:04:29.314845+00:00,719,SUCCESS
ACT-0001682,INV-000219,3,ASSET_LOOKUP,2024-02-01 02:16:29.014580+00:00,1019,SUCCESS
ACT-0001683,INV-000219,4,EVENT_SEARCH,2024-02-01 02:33:28.816715+00:00,350,SUCCESS
ACT-0001684,INV-000219,5,CONTEXT_REVIEW,2024-02-01 02:39:19.161881+00:00,179,SUCCESS
ACT-0001685,INV-000219,6,EVIDENCE_REVIEW,2024-02-01 02:42:18.315856+00:00,1560,SUCCESS
ACT-0001686,INV-000219,7,ASSET_LOOKUP,2024-02-01 03:08:18.667507+00:00,978,FAILED
ACT-0001687,INV-000219,8,CORRELATION,2024-02-01 03:24:37.498075+00:00,1906,SUCCESS
ACT-0001688,INV-000219,9,ESCALATE,2024-02-01 03:56:24.422535+00:00,1027,SUCCESS
ACT-0001689,INV-000219,10,REMEDIATION_REQUEST,2024-02-01 04:13:31.434504+00:00,3502,SUCCESS
ACT-0001690,INV-000219,11,VALIDATE,2024-02-01 05:11:53.839952+00:00,4048,SUCCESS
ACT-0001691,INV-000219,12,CLOSE,2024-02-01 06:19:22.054451+00:00,356,
ACT-0001692,INV-000220,1,OPEN,2024-02-14 00:29:15.066166+00:00,235,
ACT-0001693,INV-000220,2,ASSET_LOOKUP,2024-02-14 00:33:10.263773+00:00,25,SUCCESS
ACT-0001694,INV-000220,3,EVENT_SEARCH,2024-02-14 00:33:36.123343+00:00,109,SUCCESS
ACT-0001695,INV-000220,4,EVIDENCE_REVIEW,2024-02-14 00:35:25.931313+00:00,179,SUCCESS
ACT-0001696,INV-000220,5,ESCALATE,2024-02-14 00:38:25.150126+00:00,335,SUCCESS
ACT-0001697,INV-000220,6,CONTAINMENT_REQUEST,2024-02-14 00:44:00.788837+00:00,469,SUCCESS
ACT-0001698,INV-000220,7,REMEDIATION_REQUEST,2024-02-14 00:51:50.211960+00:00,36,SUCCESS
ACT-0001699,INV-000220,8,VALIDATE,2024-02-14 00:52:26.858775+00:00,206,SUCCESS
ACT-0001700,INV-000220,9,CLOSE,2024-02-14 00:55:53.651129+00:00,30,
ACT-0001701,INV-000221,1,OPEN,2024-02-13 21:03:34.831624+00:00,705,
ACT-0001702,INV-000221,2,ASSET_LOOKUP,2024-02-13 21:15:19.942168+00:00,687,INCONCLUSIVE
ACT-0001703,INV-000221,3,CORRELATION,2024-02-13 21:26:47.426006+00:00,378,FAILED
ACT-0001704,INV-000221,4,VALIDATE,2024-02-13 21:33:05.663746+00:00,54,SUCCESS
ACT-0001705,INV-000221,5,CLOSE,2024-02-13 21:34:00.310103+00:00,333,
ACT-0001706,INV-000222,1,OPEN,2024-02-03 18:35:11.947570+00:00,252,
ACT-0001707,INV-000222,2,ASSET_LOOKUP,2024-02-03 18:39:24.901118+00:00,146,SUCCESS
ACT-0001708,INV-000222,3,EVENT_SEARCH,2024-02-03 18:41:50.924478+00:00,248,SUCCESS
ACT-0001709,INV-000222,4,CORRELATION,2024-02-03 18:45:59.306231+00:00,53,INCONCLUSIVE
ACT-0001710,INV-000222,5,VALIDATE,2024-02-03 18:46:53.236741+00:00,27,INCONCLUSIVE
ACT-0001711,INV-000222,6,CLOSE,2024-02-03 18:47:20.835430+00:00,88,
ACT-0001712,INV-000223,1,OPEN,2024-02-18 04:56:23.611278+00:00,404,
ACT-0001713,INV-000223,2,ASSET_LOOKUP,2024-02-18 05:03:08.008214+00:00,203,SUCCESS
ACT-0001714,INV-000223,3,EVIDENCE_REVIEW,2024-02-18 05:06:31.052161+00:00,415,SUCCESS
ACT-0001715,INV-000223,4,EVIDENCE_REVIEW,2024-02-18 05:13:26.566111+00:00,128,SUCCESS
ACT-0001716,INV-000223,5,CLOSE,2024-02-18 05:15:34.752565+00:00,49,
ACT-0001717,INV-000224,1,OPEN,2024-02-24 18:13:06.163065+00:00,120,
ACT-0001718,INV-000224,2,ASSET_LOOKUP,2024-02-24 18:15:06.664829+00:00,34,SUCCESS
ACT-0001719,INV-000224,3,CONTEXT_REVIEW,2024-02-24 18:15:41.430725+00:00,109,INCONCLUSIVE
ACT-0001720,INV-000224,4,VALIDATE,2024-02-24 18:17:30.547902+00:00,62,INCONCLUSIVE
ACT-0001721,INV-000224,5,CLOSE,2024-02-24 18:18:32.796697+00:00,134,
ACT-0001722,INV-000225,1,OPEN,2024-02-10 10:34:04.882976+00:00,525,
ACT-0001723,INV-000225,2,ASSET_LOOKUP,2024-02-10 10:42:50.624745+00:00,844,SUCCESS
ACT-0001724,INV-000225,3,CORRELATION,2024-02-10 10:56:55.153955+00:00,748,FAILED
ACT-0001725,INV-000225,4,CORRELATION,2024-02-10 11:09:23.376406+00:00,742,SUCCESS
ACT-0001726,INV-000225,5,VALIDATE,2024-02-10 11:21:45.864738+00:00,1003,SUCCESS
ACT-0001727,INV-000225,6,CLOSE,2024-02-10 11:38:28.949721+00:00,151,
ACT-0001728,INV-000226,1,OPEN,2024-02-29 01:35:20.421474+00:00,1282,
ACT-0001729,INV-000226,2,ASSET_LOOKUP,2024-02-29 01:56:42.742833+00:00,392,FAILED
ACT-0001730,INV-000226,3,EVENT_SEARCH,2024-02-29 02:03:15.138650+00:00,3496,SUCCESS
ACT-0001731,INV-000226,4,CONTEXT_REVIEW,2024-02-29 03:01:31.973253+00:00,1071,SUCCESS
ACT-0001732,INV-000226,5,EVIDENCE_REVIEW,2024-02-29 03:19:23.279376+00:00,1959,INCONCLUSIVE
ACT-0001733,INV-000226,6,EVENT_SEARCH,2024-02-29 03:52:02.903570+00:00,2670,SUCCESS
ACT-0001734,INV-000226,7,VALIDATE,2024-02-29 04:36:33.289428+00:00,3385,SUCCESS
ACT-0001735,INV-000226,8,CLOSE,2024-02-29 05:32:58.426278+00:00,529,
ACT-0001736,INV-000227,1,OPEN,2024-02-02 00:31:39.600357+00:00,696,
ACT-0001737,INV-000227,2,ASSET_LOOKUP,2024-02-02 00:43:16.104976+00:00,678,SUCCESS
ACT-0001738,INV-000227,3,EVENT_SEARCH,2024-02-02 00:54:34.845628+00:00,43,SUCCESS
ACT-0001739,INV-000227,4,CONTEXT_REVIEW,2024-02-02 00:55:18.146274+00:00,678,FAILED
ACT-0001740,INV-000227,5,EVENT_SEARCH,2024-02-02 01:06:36.532469+00:00,659,FAILED
ACT-0001741,INV-000227,6,EVIDENCE_REVIEW,2024-02-02 01:17:36.382694+00:00,461,SUCCESS
ACT-0001742,INV-000227,7,EVIDENCE_REVIEW,2024-02-02 01:25:17.393687+00:00,667,SUCCESS
ACT-0001743,INV-000227,8,ESCALATE,2024-02-02 01:36:24.851675+00:00,771,SUCCESS
ACT-0001744,INV-000227,9,CONTAINMENT_REQUEST,2024-02-02 01:49:16.154005+00:00,346,SUCCESS
ACT-0001745,INV-000227,10,REMEDIATION_REQUEST,2024-02-02 01:55:03.124848+00:00,9,SUCCESS
ACT-0001746,INV-000227,11,VALIDATE,2024-02-02 01:55:12.344330+00:00,482,SUCCESS
ACT-0001747,INV-000227,12,CLOSE,2024-02-02 02:03:14.524132+00:00,255,
ACT-0001748,INV-000228,1,OPEN,2024-02-02 03:32:43.020456+00:00,329,
ACT-0001749,INV-000228,2,ASSET_LOOKUP,2024-02-02 03:38:12.530607+00:00,776,INCONCLUSIVE
ACT-0001750,INV-000228,3,EVENT_SEARCH,2024-02-02 03:51:09.387696+00:00,126,SUCCESS
ACT-0001751,INV-000228,4,CONTEXT_REVIEW,2024-02-02 03:53:16.263121+00:00,926,SUCCESS
ACT-0001752,INV-000229,1,OPEN,2024-02-02 11:16:45.545353+00:00,59,
ACT-0001753,INV-000229,2,ASSET_LOOKUP,2024-02-02 11:17:44.833796+00:00,179,INCONCLUSIVE
ACT-0001754,INV-000229,3,CONTEXT_REVIEW,2024-02-02 11:20:43.963315+00:00,361,SUCCESS
ACT-0001755,INV-000229,4,ASSET_LOOKUP,2024-02-02 11:26:45.227452+00:00,1316,SUCCESS
ACT-0001756,INV-000229,5,CONTEXT_REVIEW,2024-02-02 11:48:41.555180+00:00,551,SUCCESS
ACT-0001757,INV-000229,6,EVENT_SEARCH,2024-02-02 11:57:53.214044+00:00,20,SUCCESS
ACT-0001758,INV-000229,7,EVENT_SEARCH,2024-02-02 11:58:14.107892+00:00,540,SUCCESS
ACT-0001759,INV-000229,8,ESCALATE,2024-02-02 12:07:14.375101+00:00,45,SUCCESS
ACT-0001760,INV-000229,9,REMEDIATION_REQUEST,2024-02-02 12:07:59.700443+00:00,75,SUCCESS
ACT-0001761,INV-000229,10,VALIDATE,2024-02-02 12:09:15.163863+00:00,118,SUCCESS
ACT-0001762,INV-000229,11,CLOSE,2024-02-02 12:11:13.311178+00:00,886,
ACT-0001763,INV-000230,1,OPEN,2024-02-13 16:36:56.291931+00:00,19,
ACT-0001764,INV-000230,2,ASSET_LOOKUP,2024-02-13 16:37:16.075489+00:00,120,INCONCLUSIVE
ACT-0001765,INV-000230,3,CLOSE,2024-02-13 16:39:16.204782+00:00,165,
ACT-0001766,INV-000231,1,OPEN,2024-02-23 14:42:19.808975+00:00,48,
ACT-0001767,INV-000231,2,ASSET_LOOKUP,2024-02-23 14:43:08.474597+00:00,160,FAILED
ACT-0001768,INV-000231,3,EVIDENCE_REVIEW,2024-02-23 14:45:48.958730+00:00,102,SUCCESS
ACT-0001769,INV-000231,4,EVIDENCE_REVIEW,2024-02-23 14:47:31.702842+00:00,17,SUCCESS
ACT-0001770,INV-000231,5,CONTAINMENT_REQUEST,2024-02-23 14:47:49.155841+00:00,159,SUCCESS
ACT-0001771,INV-000231,6,REMEDIATION_REQUEST,2024-02-23 14:50:29.076237+00:00,41,SUCCESS
ACT-0001772,INV-000231,7,VALIDATE,2024-02-23 14:51:10.094795+00:00,88,SUCCESS
ACT-0001773,INV-000231,8,CLOSE,2024-02-23 14:52:38.872135+00:00,33,
ACT-0001774,INV-000232,1,OPEN,2024-02-03 19:34:19.155888+00:00,602,
ACT-0001775,INV-000232,2,ASSET_LOOKUP,2024-02-03 19:44:22.016399+00:00,680,SUCCESS
ACT-0001776,INV-000232,3,EVENT_SEARCH,2024-02-03 19:55:42.112677+00:00,694,SUCCESS
ACT-0001777,INV-000232,4,EVIDENCE_REVIEW,2024-02-03 20:07:16.901498+00:00,217,SUCCESS
ACT-0001778,INV-000232,5,VALIDATE,2024-02-03 20:10:54.123889+00:00,406,SUCCESS
ACT-0001779,INV-000232,6,CLOSE,2024-02-03 20:17:40.310493+00:00,180,
ACT-0001780,INV-000233,1,OPEN,2024-02-13 23:34:15.593432+00:00,1809,
ACT-0001781,INV-000233,2,ASSET_LOOKUP,2024-02-14 00:04:24.821154+00:00,346,INCONCLUSIVE
ACT-0001782,INV-000233,3,CONTEXT_REVIEW,2024-02-14 00:10:11.224036+00:00,1520,INCONCLUSIVE
ACT-0001783,INV-000233,4,CORRELATION,2024-02-14 00:35:31.368680+00:00,1781,SUCCESS
ACT-0001784,INV-000233,5,EVENT_SEARCH,2024-02-14 01:05:12.529069+00:00,3653,INCONCLUSIVE
ACT-0001785,INV-000233,6,VALIDATE,2024-02-14 02:06:05.919662+00:00,2405,SUCCESS
ACT-0001786,INV-000233,7,CLOSE,2024-02-14 02:46:11.778372+00:00,912,
ACT-0001787,INV-000234,1,OPEN,2024-02-23 10:03:00.199718+00:00,1,
ACT-0001788,INV-000234,2,ASSET_LOOKUP,2024-02-23 10:03:01.443527+00:00,1157,INCONCLUSIVE
ACT-0001789,INV-000234,3,ASSET_LOOKUP,2024-02-23 10:22:19.040338+00:00,2030,SUCCESS
ACT-0001790,INV-000234,4,CONTEXT_REVIEW,2024-02-23 10:56:09.155188+00:00,805,SUCCESS
ACT-0001791,INV-000234,5,VALIDATE,2024-02-23 11:09:34.285799+00:00,1015,SUCCESS
ACT-0001792,INV-000234,6,CLOSE,2024-02-23 11:26:30.213300+00:00,124,
ACT-0001793,INV-000235,1,OPEN,2024-02-07 06:34:46.088202+00:00,176,
ACT-0001794,INV-000235,2,ASSET_LOOKUP,2024-02-07 06:37:43.074969+00:00,450,SUCCESS
ACT-0001795,INV-000235,3,CONTEXT_REVIEW,2024-02-07 06:45:13.522871+00:00,1070,SUCCESS
ACT-0001796,INV-000235,4,ASSET_LOOKUP,2024-02-07 07:03:03.919344+00:00,1010,SUCCESS
ACT-0001797,INV-000235,5,EVENT_SEARCH,2024-02-07 07:19:54.226032+00:00,653,SUCCESS
ACT-0001798,INV-000235,6,ESCALATE,2024-02-07 07:30:47.368414+00:00,44,SUCCESS
ACT-0001799,INV-000235,7,VALIDATE,2024-02-07 07:31:31.521520+00:00,487,SUCCESS
ACT-0001800,INV-000235,8,CLOSE,2024-02-07 07:39:39.183724+00:00,818,
ACT-0001801,INV-000236,1,OPEN,2024-02-22 04:29:19.482634+00:00,298,
ACT-0001802,INV-000236,2,ASSET_LOOKUP,2024-02-22 04:34:17.723150+00:00,118,SUCCESS
ACT-0001803,INV-000236,3,EVIDENCE_REVIEW,2024-02-22 04:36:15.778718+00:00,353,SUCCESS
ACT-0001804,INV-000236,4,CLOSE,2024-02-22 04:42:09.519290+00:00,317,
ACT-0001805,INV-000237,1,OPEN,2024-03-03 10:31:54.662023+00:00,593,
ACT-0001806,INV-000237,2,ASSET_LOOKUP,2024-03-03 10:41:48.067728+00:00,466,FAILED
ACT-0001807,INV-000237,3,CONTEXT_REVIEW,2024-03-03 10:49:34.126526+00:00,1854,SUCCESS
ACT-0001808,INV-000237,4,CORRELATION,2024-03-03 11:20:28.599569+00:00,5,SUCCESS
ACT-0001809,INV-000237,5,CORRELATION,2024-03-03 11:20:33.937058+00:00,2412,SUCCESS
ACT-0001810,INV-000237,6,ESCALATE,2024-03-03 12:00:46.931997+00:00,3469,SUCCESS
ACT-0001811,INV-000237,7,VALIDATE,2024-03-03 12:58:36.556531+00:00,1030,INCONCLUSIVE
ACT-0001812,INV-000237,8,CLOSE,2024-03-03 13:15:46.751036+00:00,389,
ACT-0001813,INV-000238,1,OPEN,2024-03-02 02:15:04.315469+00:00,275,
ACT-0001814,INV-000238,2,ASSET_LOOKUP,2024-03-02 02:19:40.029346+00:00,1078,INCONCLUSIVE
ACT-0001815,INV-000238,3,CONTEXT_REVIEW,2024-03-02 02:37:38.159453+00:00,415,FAILED
ACT-0001816,INV-000238,4,ASSET_LOOKUP,2024-03-02 02:44:33.281502+00:00,180,INCONCLUSIVE
ACT-0001817,INV-000238,5,CORRELATION,2024-03-02 02:47:34.139507+00:00,210,SUCCESS
ACT-0001818,INV-000239,1,OPEN,2024-03-16 10:26:38.869149+00:00,118,
ACT-0001819,INV-000239,2,ASSET_LOOKUP,2024-03-16 10:28:37.485055+00:00,247,SUCCESS
ACT-0001820,INV-000239,3,EVENT_SEARCH,2024-03-16 10:32:44.892181+00:00,167,SUCCESS
ACT-0001821,INV-000239,4,CONTEXT_REVIEW,2024-03-16 10:35:32.566796+00:00,1641,SUCCESS
ACT-0001822,INV-000239,5,CLOSE,2024-03-16 11:02:54.441258+00:00,81,
ACT-0001823,INV-000240,1,OPEN,2024-03-23 04:01:55.895135+00:00,393,
ACT-0001824,INV-000240,2,ASSET_LOOKUP,2024-03-23 04:08:29.603744+00:00,608,SUCCESS
ACT-0001825,INV-000240,3,CONTEXT_REVIEW,2024-03-23 04:18:37.655611+00:00,716,SUCCESS
ACT-0001826,INV-000240,4,ESCALATE,2024-03-23 04:30:34.357503+00:00,441,SUCCESS
ACT-0001827,INV-000241,1,OPEN,2024-03-11 08:44:42.535123+00:00,970,
ACT-0001828,INV-000241,2,ASSET_LOOKUP,2024-03-11 09:00:53.379018+00:00,449,INCONCLUSIVE
ACT-0001829,INV-000241,3,EVENT_SEARCH,2024-03-11 09:08:23.179888+00:00,640,INCONCLUSIVE
ACT-0001830,INV-000241,4,CORRELATION,2024-03-11 09:19:03.766085+00:00,554,INCONCLUSIVE
ACT-0001831,INV-000241,5,CONTEXT_REVIEW,2024-03-11 09:28:18.036474+00:00,205,SUCCESS
ACT-0001832,INV-000241,6,EVIDENCE_REVIEW,2024-03-11 09:31:43.747959+00:00,1312,SUCCESS
ACT-0001833,INV-000241,7,CONTEXT_REVIEW,2024-03-11 09:53:36.033141+00:00,271,SUCCESS
ACT-0001834,INV-000241,8,EVENT_SEARCH,2024-03-11 09:58:07.346792+00:00,1112,SUCCESS
ACT-0001835,INV-000241,9,ESCALATE,2024-03-11 10:16:39.629675+00:00,3597,SUCCESS
ACT-0001836,INV-000241,10,CONTAINMENT_REQUEST,2024-03-11 11:16:36.746709+00:00,286,SUCCESS
ACT-0001837,INV-000241,11,REMEDIATION_REQUEST,2024-03-11 11:21:22.782122+00:00,572,SUCCESS
ACT-0001838,INV-000241,12,VALIDATE,2024-03-11 11:30:55.450898+00:00,593,SUCCESS
ACT-0001839,INV-000241,13,CLOSE,2024-03-11 11:40:49.177806+00:00,2569,
ACT-0001840,INV-000242,1,OPEN,2024-03-26 14:10:01.603532+00:00,1120,
ACT-0001841,INV-000242,2,ASSET_LOOKUP,2024-03-26 14:28:41.681384+00:00,711,SUCCESS
ACT-0001842,INV-000242,3,ASSET_LOOKUP,2024-03-26 14:40:33.611401+00:00,2428,SUCCESS
ACT-0001843,INV-000242,4,EVENT_SEARCH,2024-03-26 15:21:02.424027+00:00,827,SUCCESS
ACT-0001844,INV-000242,5,CONTEXT_REVIEW,2024-03-26 15:34:50.101587+00:00,1306,SUCCESS
ACT-0001845,INV-000242,6,EVENT_SEARCH,2024-03-26 15:56:36.399625+00:00,861,INCONCLUSIVE
ACT-0001846,INV-000242,7,EVENT_SEARCH,2024-03-26 16:10:57.884850+00:00,6849,INCONCLUSIVE
ACT-0001847,INV-000242,8,ASSET_LOOKUP,2024-03-26 18:05:06.999491+00:00,262,SUCCESS
ACT-0001848,INV-000242,9,ESCALATE,2024-03-26 18:09:29.371826+00:00,1105,SUCCESS
ACT-0001849,INV-000242,10,CONTAINMENT_REQUEST,2024-03-26 18:27:55.336689+00:00,774,SUCCESS
ACT-0001850,INV-000242,11,REMEDIATION_REQUEST,2024-03-26 18:40:49.679457+00:00,1152,SUCCESS
ACT-0001851,INV-000242,12,VALIDATE,2024-03-26 19:00:02.351650+00:00,239,SUCCESS
ACT-0001852,INV-000242,13,CLOSE,2024-03-26 19:04:01.850027+00:00,317,
ACT-0001853,INV-000243,1,OPEN,2024-03-19 00:45:25.120665+00:00,493,
ACT-0001854,INV-000243,2,ASSET_LOOKUP,2024-03-19 00:53:38.757428+00:00,198,SUCCESS
ACT-0001855,INV-000243,3,EVENT_SEARCH,2024-03-19 00:56:57.427241+00:00,43,SUCCESS
ACT-0001856,INV-000243,4,ASSET_LOOKUP,2024-03-19 00:57:40.963101+00:00,337,SUCCESS
ACT-0001857,INV-000243,5,EVIDENCE_REVIEW,2024-03-19 01:03:18.573688+00:00,889,SUCCESS
ACT-0001858,INV-000243,6,ESCALATE,2024-03-19 01:18:08.047103+00:00,271,SUCCESS
ACT-0001859,INV-000243,7,VALIDATE,2024-03-19 01:22:39.121949+00:00,110,SUCCESS
ACT-0001860,INV-000243,8,CLOSE,2024-03-19 01:24:29.971641+00:00,104,
ACT-0001861,INV-000244,1,OPEN,2024-03-11 21:58:37.587033+00:00,92,
ACT-0001862,INV-000244,2,ASSET_LOOKUP,2024-03-11 22:00:10.156468+00:00,1162,INCONCLUSIVE
ACT-0001863,INV-000244,3,CORRELATION,2024-03-11 22:19:32.473031+00:00,26,INCONCLUSIVE
ACT-0001864,INV-000244,4,EVIDENCE_REVIEW,2024-03-11 22:19:59.046184+00:00,1080,SUCCESS
ACT-0001865,INV-000244,5,CORRELATION,2024-03-11 22:37:59.064061+00:00,1084,INCONCLUSIVE
ACT-0001866,INV-000244,6,VALIDATE,2024-03-11 22:56:03.670873+00:00,369,SUCCESS
ACT-0001867,INV-000244,7,CLOSE,2024-03-11 23:02:13.465357+00:00,960,
ACT-0001868,INV-000245,1,OPEN,2024-03-18 03:26:05.283347+00:00,311,
ACT-0001869,INV-000245,2,ASSET_LOOKUP,2024-03-18 03:31:17.120456+00:00,1396,INCONCLUSIVE
ACT-0001870,INV-000245,3,CORRELATION,2024-03-18 03:54:33.289038+00:00,1031,SUCCESS
ACT-0001871,INV-000245,4,EVENT_SEARCH,2024-03-18 04:11:45.249925+00:00,401,SUCCESS
ACT-0001872,INV-000245,5,EVENT_SEARCH,2024-03-18 04:18:26.977678+00:00,850,SUCCESS
ACT-0001873,INV-000245,6,CONTEXT_REVIEW,2024-03-18 04:32:37.682632+00:00,1718,SUCCESS
ACT-0001874,INV-000245,7,EVENT_SEARCH,2024-03-18 05:01:15.866266+00:00,939,SUCCESS
ACT-0001875,INV-000245,8,ESCALATE,2024-03-18 05:16:54.900014+00:00,1088,SUCCESS
ACT-0001876,INV-000245,9,REMEDIATION_REQUEST,2024-03-18 05:35:03.454681+00:00,1061,SUCCESS
ACT-0001877,INV-000245,10,VALIDATE,2024-03-18 05:52:44.564999+00:00,765,INCONCLUSIVE
ACT-0001878,INV-000245,11,CLOSE,2024-03-18 06:05:30.444146+00:00,95,
ACT-0001879,INV-000246,1,OPEN,2024-03-08 18:34:50.179421+00:00,181,
ACT-0001880,INV-000246,2,ASSET_LOOKUP,2024-03-08 18:37:51.903397+00:00,312,INCONCLUSIVE
ACT-0001881,INV-000246,3,CORRELATION,2024-03-08 18:43:04.127946+00:00,12,SUCCESS
ACT-0001882,INV-000246,4,VALIDATE,2024-03-08 18:43:16.985266+00:00,368,SUCCESS
ACT-0001883,INV-000246,5,CLOSE,2024-03-08 18:49:25.374302+00:00,1265,
ACT-0001884,INV-000247,1,OPEN,2024-03-15 00:47:58.420730+00:00,527,
ACT-0001885,INV-000247,2,ASSET_LOOKUP,2024-03-15 00:56:45.970904+00:00,570,SUCCESS
ACT-0001886,INV-000247,3,CONTEXT_REVIEW,2024-03-15 01:06:16.958786+00:00,124,INCONCLUSIVE
ACT-0001887,INV-000247,4,ASSET_LOOKUP,2024-03-15 01:08:21.570596+00:00,414,INCONCLUSIVE
ACT-0001888,INV-000247,5,EVIDENCE_REVIEW,2024-03-15 01:15:15.961047+00:00,2865,SUCCESS
ACT-0001889,INV-000247,6,ASSET_LOOKUP,2024-03-15 02:03:01.336098+00:00,458,SUCCESS
ACT-0001890,INV-000247,7,ESCALATE,2024-03-15 02:10:39.695187+00:00,1478,SUCCESS
ACT-0001891,INV-000247,8,REMEDIATION_REQUEST,2024-03-15 02:35:18.583751+00:00,98,SUCCESS
ACT-0001892,INV-000247,9,VALIDATE,2024-03-15 02:36:57.103667+00:00,979,SUCCESS
ACT-0001893,INV-000247,10,CLOSE,2024-03-15 02:53:16.666343+00:00,472,
ACT-0001894,INV-000248,1,OPEN,2024-03-17 20:45:27.661927+00:00,1217,
ACT-0001895,INV-000248,2,ASSET_LOOKUP,2024-03-17 21:05:45.422627+00:00,51,SUCCESS
ACT-0001896,INV-000248,3,CONTEXT_REVIEW,2024-03-17 21:06:36.528392+00:00,265,SUCCESS
ACT-0001897,INV-000248,4,VALIDATE,2024-03-17 21:11:01.934458+00:00,192,SUCCESS
ACT-0001898,INV-000248,5,CLOSE,2024-03-17 21:14:14.554898+00:00,418,
ACT-0001899,INV-000249,1,OPEN,2024-03-06 22:28:13.490725+00:00,138,
ACT-0001900,INV-000249,2,ASSET_LOOKUP,2024-03-06 22:30:32.168911+00:00,298,INCONCLUSIVE
ACT-0001901,INV-000249,3,EVENT_SEARCH,2024-03-06 22:35:30.805388+00:00,55,SUCCESS
ACT-0001902,INV-000249,4,VALIDATE,2024-03-06 22:36:26.366328+00:00,136,SUCCESS
ACT-0001903,INV-000249,5,CLOSE,2024-03-06 22:38:43.293793+00:00,324,
ACT-0001904,INV-000250,1,OPEN,2024-03-24 04:19:17.868526+00:00,403,
ACT-0001905,INV-000250,2,ASSET_LOOKUP,2024-03-24 04:26:01.511658+00:00,1537,SUCCESS
ACT-0001906,INV-000250,3,CONTEXT_REVIEW,2024-03-24 04:51:38.670071+00:00,209,SUCCESS
ACT-0001907,INV-000250,4,CORRELATION,2024-03-24 04:55:08.090755+00:00,48,SUCCESS
ACT-0001908,INV-000250,5,ASSET_LOOKUP,2024-03-24 04:55:56.943811+00:00,174,SUCCESS
ACT-0001909,INV-000250,6,CORRELATION,2024-03-24 04:58:51.547327+00:00,2641,SUCCESS
ACT-0001910,INV-000250,7,ESCALATE,2024-03-24 05:42:53.355147+00:00,522,SUCCESS
ACT-0001911,INV-000250,8,VALIDATE,2024-03-24 05:51:35.967552+00:00,2241,SUCCESS
ACT-0001912,INV-000250,9,CLOSE,2024-03-24 06:28:57.293693+00:00,143,
ACT-0001913,INV-000251,1,OPEN,2024-03-18 23:05:28.229104+00:00,357,
ACT-0001914,INV-000251,2,ASSET_LOOKUP,2024-03-18 23:11:25.851770+00:00,101,SUCCESS
ACT-0001915,INV-000251,3,ASSET_LOOKUP,2024-03-18 23:13:07.105815+00:00,172,SUCCESS
ACT-0001916,INV-000251,4,CONTEXT_REVIEW,2024-03-18 23:15:59.656087+00:00,228,SUCCESS
ACT-0001917,INV-000251,5,CONTEXT_REVIEW,2024-03-18 23:19:48.120648+00:00,598,INCONCLUSIVE
ACT-0001918,INV-000251,6,ASSET_LOOKUP,2024-03-18 23:29:46.883353+00:00,259,SUCCESS
ACT-0001919,INV-000251,7,ASSET_LOOKUP,2024-03-18 23:34:05.910416+00:00,1,SUCCESS
ACT-0001920,INV-000251,8,ESCALATE,2024-03-18 23:34:06.401200+00:00,568,SUCCESS
ACT-0001921,INV-000251,9,CONTAINMENT_REQUEST,2024-03-18 23:43:35.214144+00:00,200,SUCCESS
ACT-0001922,INV-000251,10,REMEDIATION_REQUEST,2024-03-18 23:46:55.982907+00:00,126,SUCCESS
ACT-0001923,INV-000251,11,VALIDATE,2024-03-18 23:49:02.329076+00:00,240,SUCCESS
ACT-0001924,INV-000251,12,CLOSE,2024-03-18 23:53:02.498296+00:00,691,
ACT-0001925,INV-000252,1,OPEN,2024-03-28 13:08:22.725232+00:00,193,
ACT-0001926,INV-000252,2,ASSET_LOOKUP,2024-03-28 13:11:36.032449+00:00,436,SUCCESS
ACT-0001927,INV-000252,3,EVENT_SEARCH,2024-03-28 13:18:52.043893+00:00,35,SUCCESS
ACT-0001928,INV-000252,4,CONTEXT_REVIEW,2024-03-28 13:19:27.109411+00:00,736,SUCCESS
ACT-0001929,INV-000252,5,CORRELATION,2024-03-28 13:31:43.883966+00:00,757,SUCCESS
ACT-0001930,INV-000252,6,ESCALATE,2024-03-28 13:44:21.339192+00:00,957,SUCCESS
ACT-0001931,INV-000252,7,CONTAINMENT_REQUEST,2024-03-28 14:00:19.240508+00:00,371,SUCCESS
ACT-0001932,INV-000252,8,REMEDIATION_REQUEST,2024-03-28 14:06:30.704577+00:00,114,SUCCESS
ACT-0001933,INV-000252,9,VALIDATE,2024-03-28 14:08:25.546474+00:00,632,SUCCESS
ACT-0001934,INV-000252,10,CLOSE,2024-03-28 14:18:57.887097+00:00,853,
ACT-0001935,INV-000253,1,OPEN,2024-03-30 10:19:26.023979+00:00,58,
ACT-0001936,INV-000253,2,ASSET_LOOKUP,2024-03-30 10:20:24.127814+00:00,826,SUCCESS
ACT-0001937,INV-000253,3,EVENT_SEARCH,2024-03-30 10:34:10.704374+00:00,406,SUCCESS
ACT-0001938,INV-000253,4,ASSET_LOOKUP,2024-03-30 10:40:57.317568+00:00,517,SUCCESS
ACT-0001939,INV-000253,5,EVENT_SEARCH,2024-03-30 10:49:35.015962+00:00,243,SUCCESS
ACT-0001940,INV-000253,6,EVENT_SEARCH,2024-03-30 10:53:38.081426+00:00,896,SUCCESS
ACT-0001941,INV-000253,7,CONTEXT_REVIEW,2024-03-30 11:08:34.535679+00:00,610,SUCCESS
ACT-0001942,INV-000253,8,REMEDIATION_REQUEST,2024-03-30 11:18:45.375924+00:00,560,SUCCESS
ACT-0001943,INV-000253,9,VALIDATE,2024-03-30 11:28:05.572151+00:00,171,INCONCLUSIVE
ACT-0001944,INV-000253,10,CLOSE,2024-03-30 11:30:56.756111+00:00,798,
ACT-0001945,INV-000254,1,OPEN,2024-03-02 06:25:23.603809+00:00,553,
ACT-0001946,INV-000254,2,ASSET_LOOKUP,2024-03-02 06:34:36.624603+00:00,459,SUCCESS
ACT-0001947,INV-000254,3,EVENT_SEARCH,2024-03-02 06:42:16.524292+00:00,1545,SUCCESS
ACT-0001948,INV-000254,4,EVENT_SEARCH,2024-03-02 07:08:02.458230+00:00,205,SUCCESS
ACT-0001949,INV-000254,5,CONTEXT_REVIEW,2024-03-02 07:11:27.766070+00:00,159,INCONCLUSIVE
ACT-0001950,INV-000254,6,ESCALATE,2024-03-02 07:14:07.164518+00:00,455,SUCCESS
ACT-0001951,INV-000254,7,REMEDIATION_REQUEST,2024-03-02 07:21:42.186436+00:00,800,SUCCESS
ACT-0001952,INV-000254,8,VALIDATE,2024-03-02 07:35:02.842077+00:00,781,SUCCESS
ACT-0001953,INV-000254,9,CLOSE,2024-03-02 07:48:04.591399+00:00,472,
ACT-0001954,INV-000255,1,OPEN,2024-03-28 16:37:20.473874+00:00,412,
ACT-0001955,INV-000255,2,ASSET_LOOKUP,2024-03-28 16:44:13.425646+00:00,11,SUCCESS
ACT-0001956,INV-000255,3,CLOSE,2024-03-28 16:44:25.225677+00:00,6,
ACT-0001957,INV-000256,1,OPEN,2024-03-18 11:29:10.721457+00:00,851,
ACT-0001958,INV-000256,2,ASSET_LOOKUP,2024-03-18 11:43:22.228318+00:00,1491,SUCCESS
ACT-0001959,INV-000256,3,EVENT_SEARCH,2024-03-18 12:08:14.017965+00:00,84,SUCCESS
ACT-0001960,INV-000256,4,EVENT_SEARCH,2024-03-18 12:09:38.042840+00:00,97,FAILED
ACT-0001961,INV-000256,5,EVENT_SEARCH,2024-03-18 12:11:15.484879+00:00,157,SUCCESS
ACT-0001962,INV-000256,6,CONTEXT_REVIEW,2024-03-18 12:13:52.885670+00:00,165,SUCCESS
ACT-0001963,INV-000256,7,EVIDENCE_REVIEW,2024-03-18 12:16:38.786412+00:00,503,SUCCESS
ACT-0001964,INV-000256,8,ESCALATE,2024-03-18 12:25:02.417290+00:00,871,SUCCESS
ACT-0001965,INV-000256,9,VALIDATE,2024-03-18 12:39:33.623868+00:00,3844,SUCCESS
ACT-0001966,INV-000256,10,CLOSE,2024-03-18 13:43:37.904096+00:00,159,
ACT-0001967,INV-000257,1,OPEN,2024-03-04 21:01:40.965974+00:00,1021,
ACT-0001968,INV-000257,2,ASSET_LOOKUP,2024-03-04 21:18:42.582064+00:00,21,SUCCESS
ACT-0001969,INV-000257,3,CORRELATION,2024-03-04 21:19:04.081853+00:00,489,INCONCLUSIVE
ACT-0001970,INV-000257,4,ASSET_LOOKUP,2024-03-04 21:27:13.872602+00:00,798,SUCCESS
ACT-0001971,INV-000257,5,EVIDENCE_REVIEW,2024-03-04 21:40:32.508694+00:00,357,SUCCESS
ACT-0001972,INV-000257,6,EVENT_SEARCH,2024-03-04 21:46:30.067189+00:00,1439,SUCCESS
ACT-0001973,INV-000257,7,CONTAINMENT_REQUEST,2024-03-04 22:10:29.510279+00:00,893,SUCCESS
ACT-0001974,INV-000257,8,REMEDIATION_REQUEST,2024-03-04 22:25:22.983872+00:00,769,SUCCESS
ACT-0001975,INV-000257,9,VALIDATE,2024-03-04 22:38:12.761433+00:00,797,INCONCLUSIVE
ACT-0001976,INV-000257,10,CLOSE,2024-03-04 22:51:30.561337+00:00,676,
ACT-0001977,INV-000258,1,OPEN,2024-03-29 21:21:18.295312+00:00,79,
ACT-0001978,INV-000258,2,ASSET_LOOKUP,2024-03-29 21:22:37.420574+00:00,662,SUCCESS
ACT-0001979,INV-000258,3,CORRELATION,2024-03-29 21:33:40.207461+00:00,1603,SUCCESS
ACT-0001980,INV-000258,4,EVENT_SEARCH,2024-03-29 22:00:23.417004+00:00,111,INCONCLUSIVE
ACT-0001981,INV-000258,5,EVENT_SEARCH,2024-03-29 22:02:14.792140+00:00,427,SUCCESS
ACT-0001982,INV-000258,6,EVENT_SEARCH,2024-03-29 22:09:21.864619+00:00,301,SUCCESS
ACT-0001983,INV-000258,7,CONTEXT_REVIEW,2024-03-29 22:14:23.483872+00:00,919,SUCCESS
ACT-0001984,INV-000258,8,ESCALATE,2024-03-29 22:29:42.608122+00:00,40,SUCCESS
ACT-0001985,INV-000258,9,VALIDATE,2024-03-29 22:30:23.446939+00:00,512,INCONCLUSIVE
ACT-0001986,INV-000258,10,CLOSE,2024-03-29 22:38:56.115234+00:00,16,
ACT-0001987,INV-000259,1,OPEN,2024-04-21 04:08:33.492529+00:00,74,
ACT-0001988,INV-000259,2,ASSET_LOOKUP,2024-04-21 04:09:48.474875+00:00,116,SUCCESS
ACT-0001989,INV-000259,3,VALIDATE,2024-04-21 04:11:44.526551+00:00,10,INCONCLUSIVE
ACT-0001990,INV-000259,4,CLOSE,2024-04-21 04:11:55.161083+00:00,646,
ACT-0001991,INV-000260,1,OPEN,2024-04-30 23:27:37.432725+00:00,189,
ACT-0001992,INV-000260,2,ASSET_LOOKUP,2024-04-30 23:30:47.197532+00:00,461,INCONCLUSIVE
ACT-0001993,INV-000260,3,EVENT_SEARCH,2024-04-30 23:38:28.201575+00:00,209,INCONCLUSIVE
ACT-0001994,INV-000260,4,EVENT_SEARCH,2024-04-30 23:41:57.932549+00:00,202,SUCCESS
ACT-0001995,INV-000260,5,CORRELATION,2024-04-30 23:45:20.609756+00:00,717,INCONCLUSIVE
ACT-0001996,INV-000260,6,EVENT_SEARCH,2024-04-30 23:57:18.405901+00:00,105,SUCCESS
ACT-0001997,INV-000260,7,CORRELATION,2024-04-30 23:59:03.987158+00:00,273,SUCCESS
ACT-0001998,INV-000261,1,OPEN,2024-04-03 08:13:50.438112+00:00,393,
ACT-0001999,INV-000261,2,ASSET_LOOKUP,2024-04-03 08:20:23.516742+00:00,235,SUCCESS
ACT-0002000,INV-000261,3,EVENT_SEARCH,2024-04-03 08:24:19.352209+00:00,489,SUCCESS
ACT-0002001,INV-000261,4,VALIDATE,2024-04-03 08:32:28.449750+00:00,1,SUCCESS
ACT-0002002,INV-000261,5,CLOSE,2024-04-03 08:32:29.870855+00:00,118,
ACT-0002003,INV-000262,1,OPEN,2024-04-01 14:47:09.922424+00:00,134,
ACT-0002004,INV-000262,2,ASSET_LOOKUP,2024-04-01 14:49:23.981387+00:00,553,SUCCESS
ACT-0002005,INV-000262,3,EVIDENCE_REVIEW,2024-04-01 14:58:37.829408+00:00,151,SUCCESS
ACT-0002006,INV-000262,4,CORRELATION,2024-04-01 15:01:09.746713+00:00,2359,FAILED
ACT-0002007,INV-000262,5,EVENT_SEARCH,2024-04-01 15:40:29.260132+00:00,2910,SUCCESS
ACT-0002008,INV-000262,6,ESCALATE,2024-04-01 16:28:59.757819+00:00,2767,SUCCESS
ACT-0002009,INV-000262,7,VALIDATE,2024-04-01 17:15:07.085400+00:00,1887,SUCCESS
ACT-0002010,INV-000262,8,CLOSE,2024-04-01 17:46:34.899187+00:00,213,
ACT-0002011,INV-000263,1,OPEN,2024-04-17 14:35:17.697169+00:00,1597,
ACT-0002012,INV-000263,2,ASSET_LOOKUP,2024-04-17 15:01:54.892037+00:00,514,FAILED
ACT-0002013,INV-000263,3,CORRELATION,2024-04-17 15:10:29.564143+00:00,1939,INCONCLUSIVE
ACT-0002014,INV-000263,4,EVENT_SEARCH,2024-04-17 15:42:49.129911+00:00,1284,SUCCESS
ACT-0002015,INV-000263,5,ASSET_LOOKUP,2024-04-17 16:04:13.155318+00:00,728,SUCCESS
ACT-0002016,INV-000263,6,ESCALATE,2024-04-17 16:16:21.564490+00:00,609,SUCCESS
ACT-0002017,INV-000263,7,VALIDATE,2024-04-17 16:26:30.881108+00:00,337,SUCCESS
ACT-0002018,INV-000263,8,CLOSE,2024-04-17 16:32:08.264496+00:00,1290,
ACT-0002019,INV-000264,1,OPEN,2024-04-12 19:55:56.573228+00:00,76,
ACT-0002020,INV-000264,2,ASSET_LOOKUP,2024-04-12 19:57:12.927262+00:00,3,SUCCESS
ACT-0002021,INV-000264,3,EVIDENCE_REVIEW,2024-04-12 19:57:16.040140+00:00,191,SUCCESS
ACT-0002022,INV-000264,4,CONTAINMENT_REQUEST,2024-04-12 20:00:27.514388+00:00,5,SUCCESS
ACT-0002023,INV-000264,5,REMEDIATION_REQUEST,2024-04-12 20:00:33.312767+00:00,527,SUCCESS
ACT-0002024,INV-000264,6,VALIDATE,2024-04-12 20:09:20.439294+00:00,116,INCONCLUSIVE
ACT-0002025,INV-000264,7,CLOSE,2024-04-12 20:11:17.286134+00:00,97,
ACT-0002026,INV-000265,1,OPEN,2024-04-19 15:37:39.479599+00:00,945,
ACT-0002027,INV-000265,2,ASSET_LOOKUP,2024-04-19 15:53:24.765459+00:00,102,INCONCLUSIVE
ACT-0002028,INV-000265,3,EVIDENCE_REVIEW,2024-04-19 15:55:06.845160+00:00,858,INCONCLUSIVE
ACT-0002029,INV-000265,4,ASSET_LOOKUP,2024-04-19 16:09:25.329801+00:00,579,INCONCLUSIVE
ACT-0002030,INV-000265,5,EVENT_SEARCH,2024-04-19 16:19:04.915471+00:00,739,SUCCESS
ACT-0002031,INV-000265,6,EVENT_SEARCH,2024-04-19 16:31:24.841605+00:00,352,INCONCLUSIVE
ACT-0002032,INV-000265,7,ASSET_LOOKUP,2024-04-19 16:37:17.392700+00:00,635,INCONCLUSIVE
ACT-0002033,INV-000265,8,VALIDATE,2024-04-19 16:47:52.859511+00:00,416,FAILED
ACT-0002034,INV-000265,9,CLOSE,2024-04-19 16:54:49.026006+00:00,1302,
ACT-0002035,INV-000266,1,OPEN,2024-04-30 03:57:14.618247+00:00,727,
ACT-0002036,INV-000266,2,ASSET_LOOKUP,2024-04-30 04:09:21.774183+00:00,403,INCONCLUSIVE
ACT-0002037,INV-000266,3,ASSET_LOOKUP,2024-04-30 04:16:05.551263+00:00,241,INCONCLUSIVE
ACT-0002038,INV-000266,4,CONTEXT_REVIEW,2024-04-30 04:20:07.102174+00:00,356,SUCCESS
ACT-0002039,INV-000267,1,OPEN,2024-04-06 04:47:10.870471+00:00,1045,
ACT-0002040,INV-000267,2,ASSET_LOOKUP,2024-04-06 05:04:36.334815+00:00,776,INCONCLUSIVE
ACT-0002041,INV-000267,3,EVENT_SEARCH,2024-04-06 05:17:32.611057+00:00,338,SUCCESS
ACT-0002042,INV-000268,1,OPEN,2024-04-26 17:45:18.470507+00:00,90,
ACT-0002043,INV-000268,2,ASSET_LOOKUP,2024-04-26 17:46:49.416316+00:00,93,SUCCESS
ACT-0002044,INV-000268,3,CONTEXT_REVIEW,2024-04-26 17:48:23.083896+00:00,393,SUCCESS
ACT-0002045,INV-000268,4,CONTEXT_REVIEW,2024-04-26 17:54:56.455111+00:00,621,FAILED
ACT-0002046,INV-000268,5,VALIDATE,2024-04-26 18:05:17.893048+00:00,68,SUCCESS
ACT-0002047,INV-000268,6,CLOSE,2024-04-26 18:06:26.002504+00:00,358,
ACT-0002048,INV-000269,1,OPEN,2024-04-29 22:21:04.787571+00:00,507,
ACT-0002049,INV-000269,2,ASSET_LOOKUP,2024-04-29 22:29:32.324597+00:00,25,SUCCESS
ACT-0002050,INV-000269,3,CONTEXT_REVIEW,2024-04-29 22:29:57.895354+00:00,598,SUCCESS
ACT-0002051,INV-000269,4,CORRELATION,2024-04-29 22:39:56.230527+00:00,107,SUCCESS
ACT-0002052,INV-000269,5,CONTEXT_REVIEW,2024-04-29 22:41:43.512321+00:00,116,SUCCESS
ACT-0002053,INV-000269,6,ASSET_LOOKUP,2024-04-29 22:43:40.254093+00:00,196,INCONCLUSIVE
ACT-0002054,INV-000269,7,EVENT_SEARCH,2024-04-29 22:46:56.266449+00:00,407,SUCCESS
ACT-0002055,INV-000269,8,EVIDENCE_REVIEW,2024-04-29 22:53:43.650024+00:00,201,SUCCESS
ACT-0002056,INV-000270,1,OPEN,2024-04-06 07:09:41.446132+00:00,2779,
ACT-0002057,INV-000270,2,ASSET_LOOKUP,2024-04-06 07:56:00.718533+00:00,48,FAILED
ACT-0002058,INV-000270,3,EVENT_SEARCH,2024-04-06 07:56:49.404901+00:00,86,SUCCESS
ACT-0002059,INV-000270,4,EVENT_SEARCH,2024-04-06 07:58:16.259685+00:00,57,INCONCLUSIVE
ACT-0002060,INV-000270,5,ASSET_LOOKUP,2024-04-06 07:59:13.792354+00:00,280,SUCCESS
ACT-0002061,INV-000270,6,CONTEXT_REVIEW,2024-04-06 08:03:54.439015+00:00,1063,SUCCESS
ACT-0002062,INV-000270,7,EVENT_SEARCH,2024-04-06 08:21:37.782004+00:00,187,SUCCESS
ACT-0002063,INV-000270,8,ESCALATE,2024-04-06 08:24:45.543238+00:00,211,SUCCESS
ACT-0002064,INV-000270,9,VALIDATE,2024-04-06 08:28:17.123772+00:00,1071,SUCCESS
ACT-0002065,INV-000270,10,CLOSE,2024-04-06 08:46:09.000266+00:00,472,
ACT-0002066,INV-000271,1,OPEN,2024-04-14 14:11:33.428049+00:00,805,
ACT-0002067,INV-000271,2,ASSET_LOOKUP,2024-04-14 14:24:58.800617+00:00,287,SUCCESS
ACT-0002068,INV-000271,3,ASSET_LOOKUP,2024-04-14 14:29:46.479535+00:00,19,SUCCESS
ACT-0002069,INV-000271,4,CORRELATION,2024-04-14 14:30:05.655055+00:00,236,SUCCESS
ACT-0002070,INV-000271,5,EVIDENCE_REVIEW,2024-04-14 14:34:01.927754+00:00,523,SUCCESS
ACT-0002071,INV-000271,6,EVENT_SEARCH,2024-04-14 14:42:45.062078+00:00,405,SUCCESS
ACT-0002072,INV-000271,7,EVIDENCE_REVIEW,2024-04-14 14:49:31.040073+00:00,596,SUCCESS
ACT-0002073,INV-000271,8,REMEDIATION_REQUEST,2024-04-14 14:59:27.858683+00:00,27,SUCCESS
ACT-0002074,INV-000271,9,VALIDATE,2024-04-14 14:59:55.177495+00:00,361,SUCCESS
ACT-0002075,INV-000271,10,CLOSE,2024-04-14 15:05:56.421867+00:00,534,
ACT-0002076,INV-000272,1,OPEN,2024-04-26 11:53:07.210141+00:00,21,
ACT-0002077,INV-000272,2,ASSET_LOOKUP,2024-04-26 11:53:29.045499+00:00,552,INCONCLUSIVE
ACT-0002078,INV-000272,3,EVENT_SEARCH,2024-04-26 12:02:41.468601+00:00,893,SUCCESS
ACT-0002079,INV-000272,4,EVENT_SEARCH,2024-04-26 12:17:34.636069+00:00,3342,SUCCESS
ACT-0002080,INV-000272,5,EVENT_SEARCH,2024-04-26 13:13:16.735639+00:00,3854,SUCCESS
ACT-0002081,INV-000272,6,CORRELATION,2024-04-26 14:17:31.460320+00:00,760,SUCCESS
ACT-0002082,INV-000272,7,EVENT_SEARCH,2024-04-26 14:30:12.009460+00:00,195,SUCCESS
ACT-0002083,INV-000272,8,VALIDATE,2024-04-26 14:33:27.500621+00:00,1995,SUCCESS
ACT-0002084,INV-000272,9,CLOSE,2024-04-26 15:06:42.877767+00:00,721,
ACT-0002085,INV-000273,1,OPEN,2024-04-13 16:09:10.063854+00:00,233,
ACT-0002086,INV-000273,2,ASSET_LOOKUP,2024-04-13 16:13:03.296831+00:00,137,INCONCLUSIVE
ACT-0002087,INV-000273,3,CORRELATION,2024-04-13 16:15:20.972349+00:00,67,SUCCESS
ACT-0002088,INV-000273,4,EVENT_SEARCH,2024-04-13 16:16:28.091140+00:00,1094,SUCCESS
ACT-0002089,INV-000273,5,VALIDATE,2024-04-13 16:34:42.615724+00:00,418,SUCCESS
ACT-0002090,INV-000273,6,CLOSE,2024-04-13 16:41:41.300320+00:00,308,
ACT-0002091,INV-000274,1,OPEN,2024-04-02 23:37:52.446898+00:00,284,
ACT-0002092,INV-000274,2,ASSET_LOOKUP,2024-04-02 23:42:36.525755+00:00,1104,SUCCESS
ACT-0002093,INV-000274,3,CONTEXT_REVIEW,2024-04-03 00:01:01.459328+00:00,103,SUCCESS
ACT-0002094,INV-000274,4,CORRELATION,2024-04-03 00:02:44.524662+00:00,334,SUCCESS
ACT-0002095,INV-000274,5,EVIDENCE_REVIEW,2024-04-03 00:08:19.330476+00:00,426,SUCCESS
ACT-0002096,INV-000274,6,ESCALATE,2024-04-03 00:15:25.732325+00:00,105,SUCCESS
ACT-0002097,INV-000274,7,VALIDATE,2024-04-03 00:17:10.913616+00:00,506,SUCCESS
ACT-0002098,INV-000274,8,CLOSE,2024-04-03 00:25:37.315629+00:00,201,
ACT-0002099,INV-000275,1,OPEN,2024-04-06 03:43:17.117256+00:00,16,
ACT-0002100,INV-000275,2,ASSET_LOOKUP,2024-04-06 03:43:33.183271+00:00,465,SUCCESS
ACT-0002101,INV-000275,3,EVIDENCE_REVIEW,2024-04-06 03:51:18.473619+00:00,160,SUCCESS
ACT-0002102,INV-000275,4,ESCALATE,2024-04-06 03:53:59.095547+00:00,424,SUCCESS
ACT-0002103,INV-000275,5,VALIDATE,2024-04-06 04:01:03.549649+00:00,689,INCONCLUSIVE
ACT-0002104,INV-000275,6,CLOSE,2024-04-06 04:12:33.237785+00:00,537,
ACT-0002105,INV-000276,1,OPEN,2024-04-13 23:40:46.015662+00:00,206,
ACT-0002106,INV-000276,2,ASSET_LOOKUP,2024-04-13 23:44:12.813638+00:00,393,SUCCESS
ACT-0002107,INV-000276,3,EVENT_SEARCH,2024-04-13 23:50:46.393070+00:00,1142,INCONCLUSIVE
ACT-0002108,INV-000276,4,CORRELATION,2024-04-14 00:09:49.342623+00:00,153,INCONCLUSIVE
ACT-0002109,INV-000276,5,CLOSE,2024-04-14 00:12:23.323016+00:00,142,
ACT-0002110,INV-000277,1,OPEN,2024-04-03 05:04:03.938475+00:00,857,
ACT-0002111,INV-000277,2,ASSET_LOOKUP,2024-04-03 05:18:21.776953+00:00,559,SUCCESS
ACT-0002112,INV-000277,3,EVENT_SEARCH,2024-04-03 05:27:41.153026+00:00,76,SUCCESS
ACT-0002113,INV-000277,4,EVENT_SEARCH,2024-04-03 05:28:58.130695+00:00,1015,SUCCESS
ACT-0002114,INV-000277,5,CONTEXT_REVIEW,2024-04-03 05:45:53.558417+00:00,783,SUCCESS
ACT-0002115,INV-000277,6,EVENT_SEARCH,2024-04-03 05:58:57.434912+00:00,431,INCONCLUSIVE
ACT-0002116,INV-000277,7,ASSET_LOOKUP,2024-04-03 06:06:08.819951+00:00,71,SUCCESS
ACT-0002117,INV-000277,8,ESCALATE,2024-04-03 06:07:20.350906+00:00,464,SUCCESS
ACT-0002118,INV-000277,9,VALIDATE,2024-04-03 06:15:04.558031+00:00,935,INCONCLUSIVE
ACT-0002119,INV-000277,10,CLOSE,2024-04-03 06:30:39.579908+00:00,34,
ACT-0002120,INV-000278,1,OPEN,2024-04-08 20:04:08.732120+00:00,232,
ACT-0002121,INV-000278,2,ASSET_LOOKUP,2024-04-08 20:08:01.522403+00:00,279,SUCCESS
ACT-0002122,INV-000278,3,ASSET_LOOKUP,2024-04-08 20:12:40.982757+00:00,9,SUCCESS
ACT-0002123,INV-000278,4,VALIDATE,2024-04-08 20:12:50.351866+00:00,56,SUCCESS
ACT-0002124,INV-000278,5,CLOSE,2024-04-08 20:13:46.804033+00:00,26,
ACT-0002125,INV-000279,1,OPEN,2024-04-02 00:47:55.789312+00:00,93,
ACT-0002126,INV-000279,2,ASSET_LOOKUP,2024-04-02 00:49:29.487098+00:00,196,SUCCESS
ACT-0002127,INV-000279,3,ASSET_LOOKUP,2024-04-02 00:52:46.056078+00:00,1860,INCONCLUSIVE
ACT-0002128,INV-000279,4,EVIDENCE_REVIEW,2024-04-02 01:23:46.916705+00:00,240,SUCCESS
ACT-0002129,INV-000279,5,VALIDATE,2024-04-02 01:27:47.096355+00:00,529,SUCCESS
ACT-0002130,INV-000279,6,CLOSE,2024-04-02 01:36:36.558333+00:00,1195,
ACT-0002131,INV-000280,1,OPEN,2024-04-29 22:36:37.615859+00:00,151,
ACT-0002132,INV-000280,2,ASSET_LOOKUP,2024-04-29 22:39:09.022036+00:00,119,SUCCESS
ACT-0002133,INV-000280,3,EVENT_SEARCH,2024-04-29 22:41:08.175225+00:00,936,SUCCESS
ACT-0002134,INV-000280,4,EVENT_SEARCH,2024-04-29 22:56:44.685673+00:00,2135,INCONCLUSIVE
ACT-0002135,INV-000280,5,ASSET_LOOKUP,2024-04-29 23:32:20.221350+00:00,4176,SUCCESS
ACT-0002136,INV-000280,6,CONTEXT_REVIEW,2024-04-30 00:41:56.252325+00:00,337,SUCCESS
ACT-0002137,INV-000280,7,CORRELATION,2024-04-30 00:47:33.818188+00:00,318,SUCCESS
ACT-0002138,INV-000280,8,ESCALATE,2024-04-30 00:52:51.941936+00:00,813,SUCCESS
ACT-0002139,INV-000280,9,VALIDATE,2024-04-30 01:06:25.283547+00:00,642,SUCCESS
ACT-0002140,INV-000280,10,CLOSE,2024-04-30 01:17:07.331535+00:00,378,
ACT-0002141,INV-000281,1,OPEN,2024-04-18 05:14:31.462935+00:00,19,
ACT-0002142,INV-000281,2,ASSET_LOOKUP,2024-04-18 05:14:51.345305+00:00,697,INCONCLUSIVE
ACT-0002143,INV-000281,3,EVIDENCE_REVIEW,2024-04-18 05:26:28.440101+00:00,986,INCONCLUSIVE
ACT-0002144,INV-000281,4,EVENT_SEARCH,2024-04-18 05:42:54.780627+00:00,1921,SUCCESS
ACT-0002145,INV-000281,5,EVIDENCE_REVIEW,2024-04-18 06:14:56.380875+00:00,70,SUCCESS
ACT-0002146,INV-000281,6,VALIDATE,2024-04-18 06:16:06.922837+00:00,350,SUCCESS
ACT-0002147,INV-000281,7,CLOSE,2024-04-18 06:21:57.623103+00:00,50,
ACT-0002148,INV-000282,1,OPEN,2024-04-09 17:58:36.788006+00:00,156,
ACT-0002149,INV-000282,2,ASSET_LOOKUP,2024-04-09 18:01:13.111990+00:00,643,SUCCESS
ACT-0002150,INV-000282,3,CONTEXT_REVIEW,2024-04-09 18:11:56.205111+00:00,36,INCONCLUSIVE
ACT-0002151,INV-000282,4,CORRELATION,2024-04-09 18:12:32.445138+00:00,348,FAILED
ACT-0002152,INV-000282,5,EVENT_SEARCH,2024-04-09 18:18:20.587055+00:00,424,INCONCLUSIVE
ACT-0002153,INV-000282,6,ESCALATE,2024-04-09 18:25:24.844407+00:00,491,SUCCESS
ACT-0002154,INV-000282,7,VALIDATE,2024-04-09 18:33:36.753325+00:00,94,SUCCESS
ACT-0002155,INV-000282,8,CLOSE,2024-04-09 18:35:11.227626+00:00,340,
ACT-0002156,INV-000283,1,OPEN,2024-04-24 13:07:22.854010+00:00,1703,
ACT-0002157,INV-000283,2,ASSET_LOOKUP,2024-04-24 13:35:46.118586+00:00,399,SUCCESS
ACT-0002158,INV-000283,3,ASSET_LOOKUP,2024-04-24 13:42:25.916375+00:00,759,INCONCLUSIVE
ACT-0002159,INV-000283,4,CORRELATION,2024-04-24 13:55:05.680512+00:00,852,SUCCESS
ACT-0002160,INV-000283,5,CONTEXT_REVIEW,2024-04-24 14:09:17.767503+00:00,1341,SUCCESS
ACT-0002161,INV-000283,6,VALIDATE,2024-04-24 14:31:39.106772+00:00,555,SUCCESS
ACT-0002162,INV-000283,7,CLOSE,2024-04-24 14:40:54.229249+00:00,390,
ACT-0002163,INV-000284,1,OPEN,2024-04-21 18:18:54.021070+00:00,93,
ACT-0002164,INV-000284,2,ASSET_LOOKUP,2024-04-21 18:20:27.323118+00:00,231,SUCCESS
ACT-0002165,INV-000284,3,EVENT_SEARCH,2024-04-21 18:24:18.452052+00:00,304,SUCCESS
ACT-0002166,INV-000284,4,EVIDENCE_REVIEW,2024-04-21 18:29:22.964760+00:00,38,FAILED
ACT-0002167,INV-000284,5,CLOSE,2024-04-21 18:30:01.118863+00:00,96,
ACT-0002168,INV-000285,1,OPEN,2024-05-27 15:31:49.504719+00:00,369,
ACT-0002169,INV-000285,2,ASSET_LOOKUP,2024-05-27 15:37:58.895716+00:00,1431,SUCCESS
ACT-0002170,INV-000285,3,EVENT_SEARCH,2024-05-27 16:01:50.781618+00:00,358,FAILED
ACT-0002171,INV-000286,1,OPEN,2024-05-27 23:11:38.409724+00:00,38,
ACT-0002172,INV-000286,2,ASSET_LOOKUP,2024-05-27 23:12:16.775270+00:00,509,INCONCLUSIVE
ACT-0002173,INV-000286,3,CONTEXT_REVIEW,2024-05-27 23:20:46.332059+00:00,384,SUCCESS
ACT-0002174,INV-000286,4,ASSET_LOOKUP,2024-05-27 23:27:10.844856+00:00,631,SUCCESS
ACT-0002175,INV-000286,5,VALIDATE,2024-05-27 23:37:42.572956+00:00,392,SUCCESS
ACT-0002176,INV-000286,6,CLOSE,2024-05-27 23:44:15.489270+00:00,197,
ACT-0002177,INV-000287,1,OPEN,2024-05-01 16:03:54.392213+00:00,49,
ACT-0002178,INV-000287,2,ASSET_LOOKUP,2024-05-01 16:04:44.190346+00:00,1078,INCONCLUSIVE
ACT-0002179,INV-000287,3,CORRELATION,2024-05-01 16:22:43.155884+00:00,466,SUCCESS
ACT-0002180,INV-000287,4,EVENT_SEARCH,2024-05-01 16:30:29.784791+00:00,64,SUCCESS
ACT-0002181,INV-000287,5,EVENT_SEARCH,2024-05-01 16:31:33.924433+00:00,245,INCONCLUSIVE
ACT-0002182,INV-000287,6,CONTEXT_REVIEW,2024-05-01 16:35:39.565921+00:00,74,SUCCESS
ACT-0002183,INV-000287,7,EVENT_SEARCH,2024-05-01 16:36:54.019964+00:00,116,SUCCESS
ACT-0002184,INV-000287,8,VALIDATE,2024-05-01 16:38:50.996231+00:00,398,SUCCESS
ACT-0002185,INV-000287,9,CLOSE,2024-05-01 16:45:29.096204+00:00,1060,
ACT-0002186,INV-000288,1,OPEN,2024-05-25 14:01:06.715953+00:00,237,
ACT-0002187,INV-000288,2,ASSET_LOOKUP,2024-05-25 14:05:04.223256+00:00,18,SUCCESS
ACT-0002188,INV-000288,3,CONTEXT_REVIEW,2024-05-25 14:05:22.773590+00:00,554,SUCCESS
ACT-0002189,INV-000288,4,CLOSE,2024-05-25 14:14:37.331438+00:00,458,
ACT-0002190,INV-000289,1,OPEN,2024-05-31 09:22:19.947779+00:00,217,
ACT-0002191,INV-000289,2,ASSET_LOOKUP,2024-05-31 09:25:57.452417+00:00,433,SUCCESS
ACT-0002192,INV-000289,3,EVIDENCE_REVIEW,2024-05-31 09:33:11.253005+00:00,176,SUCCESS
ACT-0002193,INV-000289,4,EVIDENCE_REVIEW,2024-05-31 09:36:07.292794+00:00,25,SUCCESS
ACT-0002194,INV-000289,5,EVIDENCE_REVIEW,2024-05-31 09:36:32.485674+00:00,912,INCONCLUSIVE
ACT-0002195,INV-000289,6,EVENT_SEARCH,2024-05-31 09:51:44.996637+00:00,72,SUCCESS
ACT-0002196,INV-000289,7,CONTEXT_REVIEW,2024-05-31 09:52:57.765035+00:00,322,FAILED
ACT-0002197,INV-000290,1,OPEN,2024-05-02 15:39:53.414435+00:00,56,
ACT-0002198,INV-000290,2,ASSET_LOOKUP,2024-05-02 15:40:50.361783+00:00,806,SUCCESS
ACT-0002199,INV-000290,3,ASSET_LOOKUP,2024-05-02 15:54:17.183086+00:00,468,SUCCESS
ACT-0002200,INV-000290,4,ASSET_LOOKUP,2024-05-02 16:02:05.392633+00:00,29,INCONCLUSIVE
ACT-0002201,INV-000290,5,EVIDENCE_REVIEW,2024-05-02 16:02:34.499278+00:00,894,SUCCESS
ACT-0002202,INV-000290,6,VALIDATE,2024-05-02 16:17:29.069600+00:00,284,SUCCESS
ACT-0002203,INV-000290,7,CLOSE,2024-05-02 16:22:13.609257+00:00,1,
ACT-0002204,INV-000291,1,OPEN,2024-05-02 19:11:18.196598+00:00,573,
ACT-0002205,INV-000291,2,ASSET_LOOKUP,2024-05-02 19:20:51.765005+00:00,2701,SUCCESS
ACT-0002206,INV-000291,3,ASSET_LOOKUP,2024-05-02 20:05:52.908119+00:00,2535,INCONCLUSIVE
ACT-0002207,INV-000291,4,CONTEXT_REVIEW,2024-05-02 20:48:08.091210+00:00,4978,SUCCESS
ACT-0002208,INV-000291,5,EVIDENCE_REVIEW,2024-05-02 22:11:06.791950+00:00,1480,SUCCESS
ACT-0002209,INV-000291,6,CORRELATION,2024-05-02 22:35:47.358725+00:00,985,SUCCESS
ACT-0002210,INV-000291,7,EVENT_SEARCH,2024-05-02 22:52:13.175289+00:00,961,SUCCESS
ACT-0002211,INV-000291,8,ESCALATE,2024-05-02 23:08:14.711468+00:00,530,SUCCESS
ACT-0002212,INV-000291,9,CONTAINMENT_REQUEST,2024-05-02 23:17:05.099109+00:00,1864,SUCCESS
ACT-0002213,INV-000291,10,REMEDIATION_REQUEST,2024-05-02 23:48:09.852205+00:00,263,SUCCESS
ACT-0002214,INV-000291,11,VALIDATE,2024-05-02 23:52:33.667961+00:00,967,SUCCESS
ACT-0002215,INV-000291,12,CLOSE,2024-05-03 00:08:41.262363+00:00,157,
ACT-0002216,INV-000292,1,OPEN,2024-05-07 07:18:32.666276+00:00,882,
ACT-0002217,INV-000292,2,ASSET_LOOKUP,2024-05-07 07:33:15.063096+00:00,108,INCONCLUSIVE
ACT-0002218,INV-000292,3,CONTEXT_REVIEW,2024-05-07 07:35:03.952937+00:00,33,SUCCESS
ACT-0002219,INV-000292,4,CONTEXT_REVIEW,2024-05-07 07:35:37.389497+00:00,489,SUCCESS
ACT-0002220,INV-000292,5,EVENT_SEARCH,2024-05-07 07:43:46.468055+00:00,9,SUCCESS
ACT-0002221,INV-000292,6,CORRELATION,2024-05-07 07:43:56.158607+00:00,468,SUCCESS
ACT-0002222,INV-000292,7,CONTAINMENT_REQUEST,2024-05-07 07:51:45.092168+00:00,59,SUCCESS
ACT-0002223,INV-000292,8,REMEDIATION_REQUEST,2024-05-07 07:52:44.367055+00:00,68,SUCCESS
ACT-0002224,INV-000292,9,VALIDATE,2024-05-07 07:53:53.287789+00:00,701,SUCCESS
ACT-0002225,INV-000292,10,CLOSE,2024-05-07 08:05:34.593002+00:00,45,
ACT-0002226,INV-000293,1,OPEN,2024-05-16 12:43:39.355388+00:00,330,
ACT-0002227,INV-000293,2,ASSET_LOOKUP,2024-05-16 12:49:09.412388+00:00,14,SUCCESS
ACT-0002228,INV-000293,3,CORRELATION,2024-05-16 12:49:23.548031+00:00,218,SUCCESS
ACT-0002229,INV-000293,4,CONTEXT_REVIEW,2024-05-16 12:53:02.288910+00:00,42,SUCCESS
ACT-0002230,INV-000293,5,VALIDATE,2024-05-16 12:53:44.356791+00:00,101,SUCCESS
ACT-0002231,INV-000293,6,CLOSE,2024-05-16 12:55:26.032391+00:00,216,
ACT-0002232,INV-000294,1,OPEN,2024-05-23 16:08:18.921504+00:00,364,
ACT-0002233,INV-000294,2,ASSET_LOOKUP,2024-05-23 16:14:23.600174+00:00,133,INCONCLUSIVE
ACT-0002234,INV-000295,1,OPEN,2024-05-10 10:03:51.948951+00:00,348,
ACT-0002235,INV-000295,2,ASSET_LOOKUP,2024-05-10 10:09:40.745656+00:00,515,SUCCESS
ACT-0002236,INV-000295,3,CLOSE,2024-05-10 10:18:16.093231+00:00,309,
ACT-0002237,INV-000296,1,OPEN,2024-05-06 00:01:52.314732+00:00,73,
ACT-0002238,INV-000296,2,ASSET_LOOKUP,2024-05-06 00:03:05.444122+00:00,194,SUCCESS
ACT-0002239,INV-000296,3,CORRELATION,2024-05-06 00:06:19.805146+00:00,558,SUCCESS
ACT-0002240,INV-000297,1,OPEN,2024-05-13 10:50:41.797577+00:00,1271,
ACT-0002241,INV-000297,2,ASSET_LOOKUP,2024-05-13 11:11:52.902992+00:00,104,INCONCLUSIVE
ACT-0002242,INV-000297,3,EVENT_SEARCH,2024-05-13 11:13:37.477269+00:00,527,SUCCESS
ACT-0002243,INV-000297,4,VALIDATE,2024-05-13 11:22:24.895472+00:00,344,FAILED
ACT-0002244,INV-000297,5,CLOSE,2024-05-13 11:28:09.545575+00:00,2334,
ACT-0002245,INV-000298,1,OPEN,2024-05-29 05:24:42.846821+00:00,352,
ACT-0002246,INV-000298,2,ASSET_LOOKUP,2024-05-29 05:30:35.696928+00:00,16,INCONCLUSIVE
ACT-0002247,INV-000298,3,EVENT_SEARCH,2024-05-29 05:30:52.513407+00:00,151,INCONCLUSIVE
ACT-0002248,INV-000298,4,ASSET_LOOKUP,2024-05-29 05:33:23.876454+00:00,495,SUCCESS
ACT-0002249,INV-000298,5,CLOSE,2024-05-29 05:41:39.108096+00:00,44,
ACT-0002250,INV-000299,1,OPEN,2024-05-07 17:13:48.310054+00:00,39,
ACT-0002251,INV-000299,2,ASSET_LOOKUP,2024-05-07 17:14:28.174236+00:00,250,SUCCESS
ACT-0002252,INV-000299,3,EVENT_SEARCH,2024-05-07 17:18:39.080899+00:00,309,SUCCESS
ACT-0002253,INV-000299,4,ASSET_LOOKUP,2024-05-07 17:23:48.914317+00:00,633,SUCCESS
ACT-0002254,INV-000299,5,EVENT_SEARCH,2024-05-07 17:34:22.868463+00:00,106,INCONCLUSIVE
ACT-0002255,INV-000299,6,VALIDATE,2024-05-07 17:36:09.463528+00:00,543,FAILED
ACT-0002256,INV-000299,7,CLOSE,2024-05-07 17:45:12.646144+00:00,19,
ACT-0002257,INV-000300,1,OPEN,2024-05-05 15:57:58.537633+00:00,295,
ACT-0002258,INV-000300,2,ASSET_LOOKUP,2024-05-05 16:02:54.112651+00:00,485,SUCCESS
ACT-0002259,INV-000300,3,CORRELATION,2024-05-05 16:11:00.101679+00:00,161,SUCCESS
ACT-0002260,INV-000300,4,ASSET_LOOKUP,2024-05-05 16:13:42.026868+00:00,261,SUCCESS
ACT-0002261,INV-000300,5,VALIDATE,2024-05-05 16:18:03.774018+00:00,331,SUCCESS
ACT-0002262,INV-000300,6,CLOSE,2024-05-05 16:23:34.844315+00:00,159,
ACT-0002263,INV-000301,1,OPEN,2024-05-12 18:06:53.040216+00:00,32,
ACT-0002264,INV-000301,2,ASSET_LOOKUP,2024-05-12 18:07:25.860664+00:00,295,SUCCESS
ACT-0002265,INV-000302,1,OPEN,2024-05-02 00:28:57.832959+00:00,518,
ACT-0002266,INV-000302,2,ASSET_LOOKUP,2024-05-02 00:37:36.393348+00:00,672,SUCCESS
ACT-0002267,INV-000302,3,CORRELATION,2024-05-02 00:48:49.045194+00:00,307,INCONCLUSIVE
ACT-0002268,INV-000302,4,ASSET_LOOKUP,2024-05-02 00:53:56.830608+00:00,661,INCONCLUSIVE
ACT-0002269,INV-000303,1,OPEN,2024-05-15 02:08:21.330857+00:00,1053,
ACT-0002270,INV-000303,2,ASSET_LOOKUP,2024-05-15 02:25:54.410064+00:00,604,SUCCESS
ACT-0002271,INV-000303,3,EVENT_SEARCH,2024-05-15 02:35:58.903050+00:00,475,SUCCESS
ACT-0002272,INV-000303,4,EVENT_SEARCH,2024-05-15 02:43:53.938159+00:00,5119,SUCCESS
ACT-0002273,INV-000303,5,ASSET_LOOKUP,2024-05-15 04:09:13.151624+00:00,1006,SUCCESS
ACT-0002274,INV-000303,6,ASSET_LOOKUP,2024-05-15 04:25:59.595181+00:00,460,SUCCESS
ACT-0002275,INV-000303,7,ESCALATE,2024-05-15 04:33:39.871675+00:00,156,SUCCESS
ACT-0002276,INV-000303,8,REMEDIATION_REQUEST,2024-05-15 04:36:16.690552+00:00,394,SUCCESS
ACT-0002277,INV-000303,9,VALIDATE,2024-05-15 04:42:50.692540+00:00,479,SUCCESS
ACT-0002278,INV-000303,10,CLOSE,2024-05-15 04:50:50.139170+00:00,2506,
ACT-0002279,INV-000304,1,OPEN,2024-05-17 13:57:58.206238+00:00,481,
ACT-0002280,INV-000304,2,ASSET_LOOKUP,2024-05-17 14:05:59.770530+00:00,619,INCONCLUSIVE
ACT-0002281,INV-000304,3,EVENT_SEARCH,2024-05-17 14:16:19.640950+00:00,290,SUCCESS
ACT-0002282,INV-000304,4,CORRELATION,2024-05-17 14:21:10.257217+00:00,188,INCONCLUSIVE
ACT-0002283,INV-000304,5,ASSET_LOOKUP,2024-05-17 14:24:18.494169+00:00,292,SUCCESS
ACT-0002284,INV-000304,6,CONTEXT_REVIEW,2024-05-17 14:29:10.964223+00:00,20,FAILED
ACT-0002285,INV-000304,7,CONTAINMENT_REQUEST,2024-05-17 14:29:31.351836+00:00,239,SUCCESS
ACT-0002286,INV-000304,8,REMEDIATION_REQUEST,2024-05-17 14:33:30.807817+00:00,374,SUCCESS
ACT-0002287,INV-000304,9,VALIDATE,2024-05-17 14:39:44.956603+00:00,351,SUCCESS
ACT-0002288,INV-000304,10,CLOSE,2024-05-17 14:45:35.970341+00:00,441,
ACT-0002289,INV-000305,1,OPEN,2024-05-29 09:42:43.219162+00:00,5968,
ACT-0002290,INV-000305,2,ASSET_LOOKUP,2024-05-29 11:22:11.781672+00:00,1015,SUCCESS
ACT-0002291,INV-000305,3,EVENT_SEARCH,2024-05-29 11:39:07.767516+00:00,3734,SUCCESS
ACT-0002292,INV-000305,4,EVENT_SEARCH,2024-05-29 12:41:22.767185+00:00,2691,SUCCESS
ACT-0002293,INV-000305,5,CORRELATION,2024-05-29 13:26:14.345957+00:00,1,SUCCESS
ACT-0002294,INV-000305,6,EVENT_SEARCH,2024-05-29 13:26:14.686563+00:00,661,INCONCLUSIVE
ACT-0002295,INV-000305,7,EVENT_SEARCH,2024-05-29 13:37:15.981558+00:00,2162,INCONCLUSIVE
ACT-0002296,INV-000305,8,VALIDATE,2024-05-29 14:13:18.956545+00:00,1153,SUCCESS
ACT-0002297,INV-000305,9,CLOSE,2024-05-29 14:32:32.618437+00:00,486,
ACT-0002298,INV-000306,1,OPEN,2024-06-05 08:18:22.767249+00:00,193,
ACT-0002299,INV-000306,2,ASSET_LOOKUP,2024-06-05 08:21:36.131580+00:00,6,SUCCESS
ACT-0002300,INV-000306,3,EVENT_SEARCH,2024-06-05 08:21:42.186997+00:00,55,SUCCESS
ACT-0002301,INV-000306,4,CLOSE,2024-06-05 08:22:37.617014+00:00,631,
ACT-0002302,INV-000307,1,OPEN,2024-06-04 08:11:04.034126+00:00,93,
ACT-0002303,INV-000307,2,ASSET_LOOKUP,2024-06-04 08:12:37.125407+00:00,192,SUCCESS
ACT-0002304,INV-000307,3,CONTEXT_REVIEW,2024-06-04 08:15:49.850161+00:00,216,SUCCESS
ACT-0002305,INV-000307,4,ASSET_LOOKUP,2024-06-04 08:19:26.547635+00:00,408,SUCCESS
ACT-0002306,INV-000307,5,VALIDATE,2024-06-04 08:26:15.302424+00:00,45,SUCCESS
ACT-0002307,INV-000307,6,CLOSE,2024-06-04 08:27:01.117312+00:00,329,
ACT-0002308,INV-000308,1,OPEN,2024-06-19 07:28:59.545851+00:00,747,
ACT-0002309,INV-000308,2,ASSET_LOOKUP,2024-06-19 07:41:26.557889+00:00,87,INCONCLUSIVE
ACT-0002310,INV-000308,3,EVENT_SEARCH,2024-06-19 07:42:53.731218+00:00,357,INCONCLUSIVE
ACT-0002311,INV-000308,4,CONTEXT_REVIEW,2024-06-19 07:48:51.533472+00:00,1668,SUCCESS
ACT-0002312,INV-000308,5,ESCALATE,2024-06-19 08:16:39.753383+00:00,895,SUCCESS
ACT-0002313,INV-000309,1,OPEN,2024-06-21 15:24:32.515473+00:00,1,
ACT-0002314,INV-000309,2,ASSET_LOOKUP,2024-06-21 15:24:32.935935+00:00,74,SUCCESS
ACT-0002315,INV-000309,3,CONTEXT_REVIEW,2024-06-21 15:25:47.873975+00:00,70,INCONCLUSIVE
ACT-0002316,INV-000309,4,EVENT_SEARCH,2024-06-21 15:26:58.227140+00:00,45,INCONCLUSIVE
ACT-0002317,INV-000309,5,CONTEXT_REVIEW,2024-06-21 15:27:43.824378+00:00,435,INCONCLUSIVE
ACT-0002318,INV-000309,6,CORRELATION,2024-06-21 15:34:59.141351+00:00,285,INCONCLUSIVE
ACT-0002319,INV-000309,7,EVENT_SEARCH,2024-06-21 15:39:44.406511+00:00,60,SUCCESS
ACT-0002320,INV-000309,8,REMEDIATION_REQUEST,2024-06-21 15:40:44.910197+00:00,8,SUCCESS
ACT-0002321,INV-000309,9,VALIDATE,2024-06-21 15:40:53.196809+00:00,305,FAILED
ACT-0002322,INV-000309,10,CLOSE,2024-06-21 15:45:59.036374+00:00,31,
ACT-0002323,INV-000310,1,OPEN,2024-06-30 15:00:05.707452+00:00,516,
ACT-0002324,INV-000310,2,ASSET_LOOKUP,2024-06-30 15:08:42.007875+00:00,484,SUCCESS
ACT-0002325,INV-000310,3,ASSET_LOOKUP,2024-06-30 15:16:46.754437+00:00,9,SUCCESS
ACT-0002326,INV-000310,4,VALIDATE,2024-06-30 15:16:56.669906+00:00,370,SUCCESS
ACT-0002327,INV-000310,5,CLOSE,2024-06-30 15:23:07.398911+00:00,1322,
ACT-0002328,INV-000311,1,OPEN,2024-06-03 20:42:32.787868+00:00,1881,
ACT-0002329,INV-000311,2,ASSET_LOOKUP,2024-06-03 21:13:53.847701+00:00,1910,SUCCESS
ACT-0002330,INV-000311,3,EVENT_SEARCH,2024-06-03 21:45:44.202814+00:00,896,SUCCESS
ACT-0002331,INV-000311,4,EVENT_SEARCH,2024-06-03 22:00:40.501677+00:00,2812,INCONCLUSIVE
ACT-0002332,INV-000311,5,CONTEXT_REVIEW,2024-06-03 22:47:32.937256+00:00,194,SUCCESS
ACT-0002333,INV-000311,6,ESCALATE,2024-06-03 22:50:46.989709+00:00,420,SUCCESS
ACT-0002334,INV-000311,7,VALIDATE,2024-06-03 22:57:47.810135+00:00,364,SUCCESS
ACT-0002335,INV-000311,8,CLOSE,2024-06-03 23:03:52.181436+00:00,534,
ACT-0002336,INV-000312,1,OPEN,2024-06-17 15:42:41.011107+00:00,800,
ACT-0002337,INV-000312,2,ASSET_LOOKUP,2024-06-17 15:56:01.512133+00:00,424,INCONCLUSIVE
ACT-0002338,INV-000312,3,CORRELATION,2024-06-17 16:03:06.502693+00:00,2283,INCONCLUSIVE
ACT-0002339,INV-000312,4,CORRELATION,2024-06-17 16:41:10.315887+00:00,1176,INCONCLUSIVE
ACT-0002340,INV-000312,5,EVENT_SEARCH,2024-06-17 17:00:47.147796+00:00,1127,INCONCLUSIVE
ACT-0002341,INV-000312,6,EVIDENCE_REVIEW,2024-06-17 17:19:34.421109+00:00,8860,SUCCESS
ACT-0002342,INV-000312,7,VALIDATE,2024-06-17 19:47:15.323315+00:00,1461,FAILED
ACT-0002343,INV-000312,8,CLOSE,2024-06-17 20:11:36.820145+00:00,3088,
ACT-0002344,INV-000313,1,OPEN,2024-06-11 15:45:39.095381+00:00,574,
ACT-0002345,INV-000313,2,ASSET_LOOKUP,2024-06-11 15:55:13.265503+00:00,436,SUCCESS
ACT-0002346,INV-000313,3,CORRELATION,2024-06-11 16:02:29.976157+00:00,83,SUCCESS
ACT-0002347,INV-000313,4,EVENT_SEARCH,2024-06-11 16:03:53.683626+00:00,224,SUCCESS
ACT-0002348,INV-000313,5,EVENT_SEARCH,2024-06-11 16:07:38.057509+00:00,64,INCONCLUSIVE
ACT-0002349,INV-000313,6,EVENT_SEARCH,2024-06-11 16:08:42.614040+00:00,42,SUCCESS
ACT-0002350,INV-000313,7,ASSET_LOOKUP,2024-06-11 16:09:25.296466+00:00,88,INCONCLUSIVE
ACT-0002351,INV-000313,8,ESCALATE,2024-06-11 16:10:53.437346+00:00,2,SUCCESS
ACT-0002352,INV-000313,9,VALIDATE,2024-06-11 16:10:55.520953+00:00,58,INCONCLUSIVE
ACT-0002353,INV-000313,10,CLOSE,2024-06-11 16:11:53.748442+00:00,62,
ACT-0002354,INV-000314,1,OPEN,2024-06-05 21:03:34.467740+00:00,183,
ACT-0002355,INV-000314,2,ASSET_LOOKUP,2024-06-05 21:06:37.948280+00:00,68,FAILED
ACT-0002356,INV-000314,3,EVENT_SEARCH,2024-06-05 21:07:46.831679+00:00,30,INCONCLUSIVE
ACT-0002357,INV-000314,4,EVIDENCE_REVIEW,2024-06-05 21:08:17.358603+00:00,124,SUCCESS
ACT-0002358,INV-000314,5,VALIDATE,2024-06-05 21:10:21.484914+00:00,64,SUCCESS
ACT-0002359,INV-000314,6,CLOSE,2024-06-05 21:11:26.166984+00:00,279,
ACT-0002360,INV-000315,1,OPEN,2024-06-30 18:24:38.756295+00:00,198,
ACT-0002361,INV-000315,2,ASSET_LOOKUP,2024-06-30 18:27:57.346302+00:00,318,SUCCESS
ACT-0002362,INV-000315,3,CONTEXT_REVIEW,2024-06-30 18:33:15.437142+00:00,266,FAILED
ACT-0002363,INV-000315,4,ASSET_LOOKUP,2024-06-30 18:37:41.701376+00:00,630,SUCCESS
ACT-0002364,INV-000315,5,CONTEXT_REVIEW,2024-06-30 18:48:12.047872+00:00,1267,SUCCESS
ACT-0002365,INV-000315,6,EVIDENCE_REVIEW,2024-06-30 19:09:19.214883+00:00,294,SUCCESS
ACT-0002366,INV-000315,7,ESCALATE,2024-06-30 19:14:13.493744+00:00,85,SUCCESS
ACT-0002367,INV-000315,8,VALIDATE,2024-06-30 19:15:38.589555+00:00,700,INCONCLUSIVE
ACT-0002368,INV-000315,9,CLOSE,2024-06-30 19:27:18.767337+00:00,435,
ACT-0002369,INV-000316,1,OPEN,2024-06-13 12:00:28.626200+00:00,129,
ACT-0002370,INV-000316,2,ASSET_LOOKUP,2024-06-13 12:02:38.098815+00:00,469,SUCCESS
ACT-0002371,INV-000316,3,CORRELATION,2024-06-13 12:10:27.725633+00:00,1083,SUCCESS
ACT-0002372,INV-000316,4,CONTEXT_REVIEW,2024-06-13 12:28:30.852252+00:00,316,SUCCESS
ACT-0002373,INV-000316,5,ASSET_LOOKUP,2024-06-13 12:33:47.493228+00:00,332,FAILED
ACT-0002374,INV-000316,6,ASSET_LOOKUP,2024-06-13 12:39:20.269456+00:00,324,SUCCESS
ACT-0002375,INV-000316,7,CORRELATION,2024-06-13 12:44:44.987418+00:00,2,FAILED
ACT-0002376,INV-000316,8,ESCALATE,2024-06-13 12:44:47.258318+00:00,54,SUCCESS
ACT-0002377,INV-000316,9,VALIDATE,2024-06-13 12:45:42.056152+00:00,438,SUCCESS
ACT-0002378,INV-000316,10,CLOSE,2024-06-13 12:53:00.825437+00:00,129,
ACT-0002379,INV-000317,1,OPEN,2024-06-04 10:45:23.525468+00:00,176,
ACT-0002380,INV-000317,2,ASSET_LOOKUP,2024-06-04 10:48:20.213723+00:00,51,SUCCESS
ACT-0002381,INV-000317,3,CORRELATION,2024-06-04 10:49:12.083266+00:00,137,SUCCESS
ACT-0002382,INV-000317,4,CONTEXT_REVIEW,2024-06-04 10:51:29.691841+00:00,236,SUCCESS
ACT-0002383,INV-000317,5,CONTEXT_REVIEW,2024-06-04 10:55:26.580047+00:00,297,SUCCESS
ACT-0002384,INV-000317,6,EVENT_SEARCH,2024-06-04 11:00:24.345025+00:00,345,SUCCESS
ACT-0002385,INV-000317,7,CONTAINMENT_REQUEST,2024-06-04 11:06:09.745683+00:00,1399,SUCCESS
ACT-0002386,INV-000317,8,REMEDIATION_REQUEST,2024-06-04 11:29:29.740998+00:00,560,SUCCESS
ACT-0002387,INV-000317,9,VALIDATE,2024-06-04 11:38:50.120633+00:00,345,SUCCESS
ACT-0002388,INV-000317,10,CLOSE,2024-06-04 11:44:36.075599+00:00,205,
ACT-0002389,INV-000318,1,OPEN,2024-06-27 12:07:43.318716+00:00,100,
ACT-0002390,INV-000318,2,ASSET_LOOKUP,2024-06-27 12:09:23.919221+00:00,318,SUCCESS
ACT-0002391,INV-000318,3,CONTEXT_REVIEW,2024-06-27 12:14:42.600945+00:00,240,SUCCESS
ACT-0002392,INV-000318,4,EVENT_SEARCH,2024-06-27 12:18:42.784852+00:00,63,SUCCESS
ACT-0002393,INV-000318,5,CONTEXT_REVIEW,2024-06-27 12:19:45.979922+00:00,19,SUCCESS
ACT-0002394,INV-000318,6,EVENT_SEARCH,2024-06-27 12:20:05.297654+00:00,253,FAILED
ACT-0002395,INV-000318,7,EVENT_SEARCH,2024-06-27 12:24:18.319079+00:00,119,SUCCESS
ACT-0002396,INV-000318,8,ESCALATE,2024-06-27 12:26:18.301658+00:00,350,SUCCESS
ACT-0002397,INV-000318,9,CONTAINMENT_REQUEST,2024-06-27 12:32:09.299052+00:00,250,SUCCESS
ACT-0002398,INV-000318,10,REMEDIATION_REQUEST,2024-06-27 12:36:19.886334+00:00,1508,SUCCESS
ACT-0002399,INV-000318,11,VALIDATE,2024-06-27 13:01:28.317021+00:00,101,INCONCLUSIVE
ACT-0002400,INV-000318,12,CLOSE,2024-06-27 13:03:09.758552+00:00,291,
ACT-0002401,INV-000319,1,OPEN,2024-06-06 05:37:57.120260+00:00,31,
ACT-0002402,INV-000319,2,ASSET_LOOKUP,2024-06-06 05:38:28.396212+00:00,186,SUCCESS
ACT-0002403,INV-000319,3,ASSET_LOOKUP,2024-06-06 05:41:34.568423+00:00,727,FAILED
ACT-0002404,INV-000319,4,CONTEXT_REVIEW,2024-06-06 05:53:42.150608+00:00,642,SUCCESS
ACT-0002405,INV-000319,5,EVENT_SEARCH,2024-06-06 06:04:24.155907+00:00,562,SUCCESS
ACT-0002406,INV-000319,6,VALIDATE,2024-06-06 06:13:46.211727+00:00,142,SUCCESS
ACT-0002407,INV-000319,7,CLOSE,2024-06-06 06:16:08.941750+00:00,16,
ACT-0002408,INV-000320,1,OPEN,2024-06-09 16:00:06.108016+00:00,73,
ACT-0002409,INV-000320,2,ASSET_LOOKUP,2024-06-09 16:01:20.050266+00:00,67,INCONCLUSIVE
ACT-0002410,INV-000320,3,CORRELATION,2024-06-09 16:02:27.117105+00:00,170,SUCCESS
ACT-0002411,INV-000320,4,EVENT_SEARCH,2024-06-09 16:05:18.038670+00:00,254,SUCCESS
ACT-0002412,INV-000320,5,VALIDATE,2024-06-09 16:09:32.463919+00:00,272,SUCCESS
ACT-0002413,INV-000320,6,CLOSE,2024-06-09 16:14:04.750503+00:00,19,
ACT-0002414,INV-000321,1,OPEN,2024-06-03 15:34:52.443589+00:00,156,
ACT-0002415,INV-000321,2,ASSET_LOOKUP,2024-06-03 15:37:28.534046+00:00,84,INCONCLUSIVE
ACT-0002416,INV-000321,3,EVIDENCE_REVIEW,2024-06-03 15:38:53.390181+00:00,183,INCONCLUSIVE
ACT-0002417,INV-000321,4,EVENT_SEARCH,2024-06-03 15:41:57.018745+00:00,351,SUCCESS
ACT-0002418,INV-000321,5,EVENT_SEARCH,2024-06-03 15:47:48.258110+00:00,815,SUCCESS
ACT-0002419,INV-000321,6,VALIDATE,2024-06-03 16:01:23.639241+00:00,97,SUCCESS
ACT-0002420,INV-000321,7,CLOSE,2024-06-03 16:03:00.744357+00:00,13,
ACT-0002421,INV-000322,1,OPEN,2024-06-28 12:45:01.193327+00:00,337,
ACT-0002422,INV-000322,2,ASSET_LOOKUP,2024-06-28 12:50:38.254492+00:00,299,SUCCESS
ACT-0002423,INV-000322,3,EVENT_SEARCH,2024-06-28 12:55:38.025070+00:00,701,SUCCESS
ACT-0002424,INV-000322,4,EVIDENCE_REVIEW,2024-06-28 13:07:19.558454+00:00,8,SUCCESS
ACT-0002425,INV-000322,5,EVENT_SEARCH,2024-06-28 13:07:28.477225+00:00,109,SUCCESS
ACT-0002426,INV-000322,6,VALIDATE,2024-06-28 13:09:18.373515+00:00,893,INCONCLUSIVE
ACT-0002427,INV-000322,7,CLOSE,2024-06-28 13:24:12.000082+00:00,515,
ACT-0002428,INV-000323,1,OPEN,2024-06-26 10:21:47.158284+00:00,88,
ACT-0002429,INV-000323,2,ASSET_LOOKUP,2024-06-26 10:23:15.483037+00:00,541,SUCCESS
ACT-0002430,INV-000323,3,CONTEXT_REVIEW,2024-06-26 10:32:16.939372+00:00,402,SUCCESS
ACT-0002431,INV-000323,4,ASSET_LOOKUP,2024-06-26 10:38:59.224631+00:00,212,SUCCESS
ACT-0002432,INV-000323,5,CONTEXT_REVIEW,2024-06-26 10:42:31.991351+00:00,44,SUCCESS
ACT-0002433,INV-000323,6,VALIDATE,2024-06-26 10:43:16.658413+00:00,82,SUCCESS
ACT-0002434,INV-000323,7,CLOSE,2024-06-26 10:44:38.833481+00:00,20,
ACT-0002435,INV-000324,1,OPEN,2024-06-08 03:58:09.359345+00:00,811,
ACT-0002436,INV-000324,2,ASSET_LOOKUP,2024-06-08 04:11:40.850344+00:00,199,SUCCESS
ACT-0002437,INV-000324,3,CONTEXT_REVIEW,2024-06-08 04:14:59.862160+00:00,3239,SUCCESS
ACT-0002438,INV-000324,4,ASSET_LOOKUP,2024-06-08 05:08:59.776498+00:00,95,INCONCLUSIVE
ACT-0002439,INV-000324,5,CORRELATION,2024-06-08 05:10:35.047641+00:00,11,SUCCESS
ACT-0002440,INV-000324,6,CORRELATION,2024-06-08 05:10:46.248027+00:00,255,INCONCLUSIVE
ACT-0002441,INV-000324,7,CORRELATION,2024-06-08 05:15:01.271890+00:00,13,SUCCESS
ACT-0002442,INV-000324,8,ESCALATE,2024-06-08 05:15:14.361505+00:00,1233,SUCCESS
ACT-0002443,INV-000324,9,REMEDIATION_REQUEST,2024-06-08 05:35:47.831019+00:00,545,SUCCESS
ACT-0002444,INV-000324,10,VALIDATE,2024-06-08 05:44:53.521296+00:00,200,SUCCESS
ACT-0002445,INV-000324,11,CLOSE,2024-06-08 05:48:13.637669+00:00,372,
ACT-0002446,INV-000325,1,OPEN,2024-06-16 10:05:16.882038+00:00,537,
ACT-0002447,INV-000325,2,ASSET_LOOKUP,2024-06-16 10:14:14.228337+00:00,680,SUCCESS
ACT-0002448,INV-000325,3,ASSET_LOOKUP,2024-06-16 10:25:34.508625+00:00,1242,FAILED
ACT-0002449,INV-000325,4,EVIDENCE_REVIEW,2024-06-16 10:46:16.772155+00:00,1201,SUCCESS
ACT-0002450,INV-000325,5,EVENT_SEARCH,2024-06-16 11:06:18.643047+00:00,39,SUCCESS
ACT-0002451,INV-000325,6,EVIDENCE_REVIEW,2024-06-16 11:06:58.397129+00:00,651,INCONCLUSIVE
ACT-0002452,INV-000325,7,ESCALATE,2024-06-16 11:17:49.696761+00:00,58,SUCCESS
ACT-0002453,INV-000325,8,CONTAINMENT_REQUEST,2024-06-16 11:18:47.881426+00:00,69,SUCCESS
ACT-0002454,INV-000325,9,REMEDIATION_REQUEST,2024-06-16 11:19:57.804376+00:00,456,SUCCESS
ACT-0002455,INV-000325,10,VALIDATE,2024-06-16 11:27:34.073642+00:00,410,FAILED
ACT-0002456,INV-000325,11,CLOSE,2024-06-16 11:34:24.971406+00:00,141,
ACT-0002457,INV-000326,1,OPEN,2024-06-29 19:11:45.487609+00:00,159,
ACT-0002458,INV-000326,2,ASSET_LOOKUP,2024-06-29 19:14:25.212876+00:00,544,SUCCESS
ACT-0002459,INV-000326,3,CORRELATION,2024-06-29 19:23:30.006609+00:00,37,SUCCESS
ACT-0002460,INV-000326,4,CONTEXT_REVIEW,2024-06-29 19:24:07.746047+00:00,35,SUCCESS
ACT-0002461,INV-000326,5,CORRELATION,2024-06-29 19:24:43.007200+00:00,696,SUCCESS
ACT-0002462,INV-000326,6,EVIDENCE_REVIEW,2024-06-29 19:36:19.441056+00:00,125,FAILED
ACT-0002463,INV-000326,7,ESCALATE,2024-06-29 19:38:25.211808+00:00,310,SUCCESS
ACT-0002464,INV-000326,8,VALIDATE,2024-06-29 19:43:36.133789+00:00,297,SUCCESS
ACT-0002465,INV-000326,9,CLOSE,2024-06-29 19:48:33.619836+00:00,702,
ACT-0002466,INV-000327,1,OPEN,2024-06-13 05:12:59.255717+00:00,11,
ACT-0002467,INV-000327,2,ASSET_LOOKUP,2024-06-13 05:13:10.943088+00:00,38,INCONCLUSIVE
ACT-0002468,INV-000327,3,EVIDENCE_REVIEW,2024-06-13 05:13:49.480122+00:00,378,SUCCESS
ACT-0002469,INV-000327,4,ESCALATE,2024-06-13 05:20:07.834488+00:00,9,SUCCESS
ACT-0002470,INV-000327,5,CLOSE,2024-06-13 05:20:17.524431+00:00,131,
ACT-0002471,INV-000328,1,OPEN,2024-06-25 23:39:34.555201+00:00,97,
ACT-0002472,INV-000328,2,ASSET_LOOKUP,2024-06-25 23:41:11.659536+00:00,51,SUCCESS
ACT-0002473,INV-000328,3,EVIDENCE_REVIEW,2024-06-25 23:42:03.553347+00:00,138,SUCCESS
ACT-0002474,INV-000328,4,ASSET_LOOKUP,2024-06-25 23:44:21.985350+00:00,1,INCONCLUSIVE
ACT-0002475,INV-000328,5,VALIDATE,2024-06-25 23:44:23.585171+00:00,221,SUCCESS
ACT-0002476,INV-000328,6,CLOSE,2024-06-25 23:48:04.947791+00:00,102,
ACT-0002477,INV-000329,1,OPEN,2024-01-21 03:13:53.354734+00:00,77,
ACT-0002478,INV-000329,2,ASSET_LOOKUP,2024-01-21 03:15:10.803760+00:00,183,SUCCESS
ACT-0002479,INV-000329,3,ASSET_LOOKUP,2024-01-21 03:18:13.989150+00:00,827,SUCCESS
ACT-0002480,INV-000330,1,OPEN,2024-01-13 19:57:24.546472+00:00,335,
ACT-0002481,INV-000330,2,ASSET_LOOKUP,2024-01-13 20:03:00.073789+00:00,56,SUCCESS
ACT-0002482,INV-000330,3,EVIDENCE_REVIEW,2024-01-13 20:03:56.717179+00:00,356,SUCCESS
ACT-0002483,INV-000330,4,CONTEXT_REVIEW,2024-01-13 20:09:53.305031+00:00,419,SUCCESS
ACT-0002484,INV-000330,5,EVIDENCE_REVIEW,2024-01-13 20:16:52.667710+00:00,991,SUCCESS
ACT-0002485,INV-000331,1,OPEN,2024-01-05 16:49:46.005217+00:00,50,
ACT-0002486,INV-000331,2,ASSET_LOOKUP,2024-01-05 16:50:36.200599+00:00,694,INCONCLUSIVE
ACT-0002487,INV-000331,3,ASSET_LOOKUP,2024-01-05 17:02:10.902993+00:00,1011,SUCCESS
ACT-0002488,INV-000331,4,EVENT_SEARCH,2024-01-05 17:19:02.053426+00:00,101,INCONCLUSIVE
ACT-0002489,INV-000331,5,EVENT_SEARCH,2024-01-05 17:20:43.877139+00:00,302,INCONCLUSIVE
ACT-0002490,INV-000332,1,OPEN,2024-01-26 16:39:18.471849+00:00,3066,
ACT-0002491,INV-000332,2,ASSET_LOOKUP,2024-01-26 17:30:24.678507+00:00,2092,INCONCLUSIVE
ACT-0002492,INV-000332,3,CORRELATION,2024-01-26 18:05:17.488239+00:00,1022,SUCCESS
ACT-0002493,INV-000332,4,EVIDENCE_REVIEW,2024-01-26 18:22:20.168150+00:00,1107,SUCCESS
ACT-0002494,INV-000332,5,CONTEXT_REVIEW,2024-01-26 18:40:47.747506+00:00,7830,SUCCESS
ACT-0002495,INV-000332,6,CONTEXT_REVIEW,2024-01-26 20:51:17.773434+00:00,5669,INCONCLUSIVE
ACT-0002496,INV-000332,7,ESCALATE,2024-01-26 22:25:47.158684+00:00,727,SUCCESS
ACT-0002497,INV-000332,8,REMEDIATION_REQUEST,2024-01-26 22:37:54.232818+00:00,761,SUCCESS
ACT-0002498,INV-000332,9,VALIDATE,2024-01-26 22:50:36.202699+00:00,193,SUCCESS
ACT-0002499,INV-000332,10,CLOSE,2024-01-26 22:53:49.341279+00:00,463,
ACT-0002500,INV-000333,1,OPEN,2024-01-05 17:24:05.605886+00:00,582,
ACT-0002501,INV-000333,2,ASSET_LOOKUP,2024-01-05 17:33:48.373777+00:00,1321,INCONCLUSIVE
ACT-0002502,INV-000333,3,EVIDENCE_REVIEW,2024-01-05 17:55:50.286783+00:00,200,SUCCESS
ACT-0002503,INV-000333,4,CORRELATION,2024-01-05 17:59:11.045144+00:00,853,INCONCLUSIVE
ACT-0002504,INV-000333,5,CONTEXT_REVIEW,2024-01-05 18:13:24.814501+00:00,985,SUCCESS
ACT-0002505,INV-000333,6,VALIDATE,2024-01-05 18:29:50.763434+00:00,1258,SUCCESS
ACT-0002506,INV-000333,7,CLOSE,2024-01-05 18:50:49.681456+00:00,464,
ACT-0002507,INV-000334,1,OPEN,2024-01-22 12:46:00.029234+00:00,927,
ACT-0002508,INV-000334,2,ASSET_LOOKUP,2024-01-22 13:01:27.520503+00:00,245,SUCCESS
ACT-0002509,INV-000334,3,EVENT_SEARCH,2024-01-22 13:05:33.075878+00:00,1256,INCONCLUSIVE
ACT-0002510,INV-000334,4,EVIDENCE_REVIEW,2024-01-22 13:26:29.411524+00:00,3060,INCONCLUSIVE
ACT-0002511,INV-000334,5,EVENT_SEARCH,2024-01-22 14:17:29.414063+00:00,1224,SUCCESS
ACT-0002512,INV-000334,6,ASSET_LOOKUP,2024-01-22 14:37:54.114323+00:00,1446,SUCCESS
ACT-0002513,INV-000334,7,ESCALATE,2024-01-22 15:02:00.861184+00:00,381,SUCCESS
ACT-0002514,INV-000334,8,REMEDIATION_REQUEST,2024-01-22 15:08:22.673920+00:00,935,SUCCESS
ACT-0002515,INV-000334,9,VALIDATE,2024-01-22 15:23:57.773257+00:00,316,SUCCESS
ACT-0002516,INV-000334,10,CLOSE,2024-01-22 15:29:14.069342+00:00,161,
ACT-0002517,INV-000335,1,OPEN,2024-01-10 03:39:22.038412+00:00,3314,
ACT-0002518,INV-000335,2,ASSET_LOOKUP,2024-01-10 04:34:36.112847+00:00,246,SUCCESS
ACT-0002519,INV-000335,3,CORRELATION,2024-01-10 04:38:42.447078+00:00,111,SUCCESS
ACT-0002520,INV-000335,4,EVIDENCE_REVIEW,2024-01-10 04:40:33.605206+00:00,2090,FAILED
ACT-0002521,INV-000335,5,EVENT_SEARCH,2024-01-10 05:15:23.793726+00:00,491,SUCCESS
ACT-0002522,INV-000335,6,EVENT_SEARCH,2024-01-10 05:23:35.552371+00:00,728,SUCCESS
ACT-0002523,INV-000335,7,CONTEXT_REVIEW,2024-01-10 05:35:44.055217+00:00,748,FAILED
ACT-0002524,INV-000335,8,VALIDATE,2024-01-10 05:48:12.679610+00:00,113,SUCCESS
ACT-0002525,INV-000335,9,CLOSE,2024-01-10 05:50:06.658234+00:00,894,
ACT-0002526,INV-000336,1,OPEN,2024-01-27 15:02:07.305462+00:00,266,
ACT-0002527,INV-000336,2,ASSET_LOOKUP,2024-01-27 15:06:34.075610+00:00,6,FAILED
ACT-0002528,INV-000336,3,EVENT_SEARCH,2024-01-27 15:06:40.315963+00:00,184,SUCCESS
ACT-0002529,INV-000336,4,EVENT_SEARCH,2024-01-27 15:09:44.707392+00:00,216,SUCCESS
ACT-0002530,INV-000336,5,ASSET_LOOKUP,2024-01-27 15:13:21.046562+00:00,108,SUCCESS
ACT-0002531,INV-000336,6,CORRELATION,2024-01-27 15:15:09.413506+00:00,2393,SUCCESS
ACT-0002532,INV-000336,7,ESCALATE,2024-01-27 15:55:02.972712+00:00,297,SUCCESS
ACT-0002533,INV-000336,8,CONTAINMENT_REQUEST,2024-01-27 16:00:00.584332+00:00,186,SUCCESS
ACT-0002534,INV-000336,9,REMEDIATION_REQUEST,2024-01-27 16:03:06.842875+00:00,714,SUCCESS
ACT-0002535,INV-000336,10,VALIDATE,2024-01-27 16:15:01.287065+00:00,84,SUCCESS
ACT-0002536,INV-000336,11,CLOSE,2024-01-27 16:16:26.228289+00:00,57,
ACT-0002537,INV-000337,1,OPEN,2024-01-22 01:19:28.621547+00:00,732,
ACT-0002538,INV-000337,2,ASSET_LOOKUP,2024-01-22 01:31:41.582361+00:00,1084,INCONCLUSIVE
ACT-0002539,INV-000337,3,EVIDENCE_REVIEW,2024-01-22 01:49:45.730638+00:00,272,SUCCESS
ACT-0002540,INV-000337,4,CONTEXT_REVIEW,2024-01-22 01:54:18.639202+00:00,1094,FAILED
ACT-0002541,INV-000337,5,CORRELATION,2024-01-22 02:12:33.054969+00:00,653,INCONCLUSIVE
ACT-0002542,INV-000338,1,OPEN,2024-01-25 18:25:21.082471+00:00,678,
ACT-0002543,INV-000338,2,ASSET_LOOKUP,2024-01-25 18:36:39.857467+00:00,108,INCONCLUSIVE
ACT-0002544,INV-000338,3,ASSET_LOOKUP,2024-01-25 18:38:28.196818+00:00,1121,SUCCESS
ACT-0002545,INV-000338,4,CONTEXT_REVIEW,2024-01-25 18:57:09.673044+00:00,1542,INCONCLUSIVE
ACT-0002546,INV-000338,5,CORRELATION,2024-01-25 19:22:52.552832+00:00,973,SUCCESS
ACT-0002547,INV-000338,6,ASSET_LOOKUP,2024-01-25 19:39:06.153118+00:00,1398,SUCCESS
ACT-0002548,INV-000338,7,REMEDIATION_REQUEST,2024-01-25 20:02:24.340473+00:00,725,SUCCESS
ACT-0002549,INV-000338,8,VALIDATE,2024-01-25 20:14:30.283449+00:00,1733,SUCCESS
ACT-0002550,INV-000338,9,CLOSE,2024-01-25 20:43:24.187361+00:00,2408,
ACT-0002551,INV-000339,1,OPEN,2024-01-26 11:38:05.066536+00:00,1224,
ACT-0002552,INV-000339,2,ASSET_LOOKUP,2024-01-26 11:58:29.154726+00:00,100,SUCCESS
ACT-0002553,INV-000339,3,EVIDENCE_REVIEW,2024-01-26 12:00:10.024473+00:00,835,SUCCESS
ACT-0002554,INV-000340,1,OPEN,2024-01-27 20:35:13.893782+00:00,11,
ACT-0002555,INV-000340,2,ASSET_LOOKUP,2024-01-27 20:35:25.844682+00:00,15,SUCCESS
ACT-0002556,INV-000340,3,CONTAINMENT_REQUEST,2024-01-27 20:35:41.660283+00:00,19,SUCCESS
ACT-0002557,INV-000340,4,REMEDIATION_REQUEST,2024-01-27 20:36:01.145762+00:00,242,SUCCESS
ACT-0002558,INV-000340,5,VALIDATE,2024-01-27 20:40:03.678281+00:00,493,SUCCESS
ACT-0002559,INV-000340,6,CLOSE,2024-01-27 20:48:16.883015+00:00,413,
ACT-0002560,INV-000341,1,OPEN,2024-02-14 12:50:34.177253+00:00,102,
ACT-0002561,INV-000341,2,ASSET_LOOKUP,2024-02-14 12:52:16.963577+00:00,200,SUCCESS
ACT-0002562,INV-000341,3,VALIDATE,2024-02-14 12:55:37.782435+00:00,53,SUCCESS
ACT-0002563,INV-000341,4,CLOSE,2024-02-14 12:56:31.671232+00:00,526,
ACT-0002564,INV-000342,1,OPEN,2024-02-03 00:49:19.764634+00:00,213,
ACT-0002565,INV-000342,2,ASSET_LOOKUP,2024-02-03 00:52:53.469154+00:00,1123,SUCCESS
ACT-0002566,INV-000342,3,CONTEXT_REVIEW,2024-02-03 01:11:37.080962+00:00,298,SUCCESS
ACT-0002567,INV-000342,4,ASSET_LOOKUP,2024-02-03 01:16:36.066965+00:00,523,INCONCLUSIVE
ACT-0002568,INV-000343,1,OPEN,2024-02-28 12:18:58.224079+00:00,632,
ACT-0002569,INV-000343,2,ASSET_LOOKUP,2024-02-28 12:29:30.504652+00:00,442,SUCCESS
ACT-0002570,INV-000343,3,EVENT_SEARCH,2024-02-28 12:36:52.825887+00:00,428,SUCCESS
ACT-0002571,INV-000343,4,CONTEXT_REVIEW,2024-02-28 12:44:00.969531+00:00,188,SUCCESS
ACT-0002572,INV-000343,5,EVENT_SEARCH,2024-02-28 12:47:09.184328+00:00,924,SUCCESS
ACT-0002573,INV-000343,6,VALIDATE,2024-02-28 13:02:33.904687+00:00,398,SUCCESS
ACT-0002574,INV-000343,7,CLOSE,2024-02-28 13:09:11.988638+00:00,1319,
ACT-0002575,INV-000344,1,OPEN,2024-02-03 09:28:07.781044+00:00,1016,
ACT-0002576,INV-000344,2,ASSET_LOOKUP,2024-02-03 09:45:03.887988+00:00,263,SUCCESS
ACT-0002577,INV-000344,3,CLOSE,2024-02-03 09:49:27.645888+00:00,338,
ACT-0002578,INV-000345,1,OPEN,2024-02-27 15:35:38.317621+00:00,385,
ACT-0002579,INV-000345,2,ASSET_LOOKUP,2024-02-27 15:42:03.820610+00:00,142,INCONCLUSIVE
ACT-0002580,INV-000345,3,VALIDATE,2024-02-27 15:44:25.861275+00:00,939,SUCCESS
ACT-0002581,INV-000345,4,CLOSE,2024-02-27 16:00:05.744118+00:00,1,
ACT-0002582,INV-000346,1,OPEN,2024-02-17 21:19:10.205576+00:00,236,
ACT-0002583,INV-000346,2,ASSET_LOOKUP,2024-02-17 21:23:07.042993+00:00,1572,SUCCESS
ACT-0002584,INV-000346,3,CORRELATION,2024-02-17 21:49:19.628418+00:00,727,SUCCESS
ACT-0002585,INV-000346,4,REMEDIATION_REQUEST,2024-02-17 22:01:26.717863+00:00,53,SUCCESS
ACT-0002586,INV-000346,5,VALIDATE,2024-02-17 22:02:19.825203+00:00,1774,SUCCESS
ACT-0002587,INV-000346,6,CLOSE,2024-02-17 22:31:54.541083+00:00,1102,
ACT-0002588,INV-000347,1,OPEN,2024-02-08 22:20:57.543002+00:00,300,
ACT-0002589,INV-000347,2,ASSET_LOOKUP,2024-02-08 22:25:58.464724+00:00,29,SUCCESS
ACT-0002590,INV-000347,3,ASSET_LOOKUP,2024-02-08 22:26:28.457537+00:00,15,INCONCLUSIVE
ACT-0002591,INV-000347,4,CORRELATION,2024-02-08 22:26:43.520869+00:00,1,SUCCESS
ACT-0002592,INV-000347,5,VALIDATE,2024-02-08 22:26:43.679743+00:00,123,INCONCLUSIVE
ACT-0002593,INV-000347,6,CLOSE,2024-02-08 22:28:46.833663+00:00,260,
ACT-0002594,INV-000348,1,OPEN,2024-02-22 04:00:06.140458+00:00,28,
ACT-0002595,INV-000348,2,ASSET_LOOKUP,2024-02-22 04:00:34.889758+00:00,50,SUCCESS
ACT-0002596,INV-000348,3,EVIDENCE_REVIEW,2024-02-22 04:01:25.479654+00:00,287,SUCCESS
ACT-0002597,INV-000348,4,CORRELATION,2024-02-22 04:06:13.124158+00:00,180,SUCCESS
ACT-0002598,INV-000348,5,CONTEXT_REVIEW,2024-02-22 04:09:13.708300+00:00,52,INCONCLUSIVE
ACT-0002599,INV-000348,6,CLOSE,2024-02-22 04:10:06.676611+00:00,391,
ACT-0002600,INV-000349,1,OPEN,2024-02-28 09:37:41.107393+00:00,208,
ACT-0002601,INV-000349,2,ASSET_LOOKUP,2024-02-28 09:41:09.863140+00:00,552,SUCCESS
ACT-0002602,INV-000349,3,ASSET_LOOKUP,2024-02-28 09:50:22.071705+00:00,15,INCONCLUSIVE
ACT-0002603,INV-000349,4,VALIDATE,2024-02-28 09:50:37.950563+00:00,225,SUCCESS
ACT-0002604,INV-000349,5,CLOSE,2024-02-28 09:54:23.027062+00:00,34,
ACT-0002605,INV-000350,1,OPEN,2024-02-06 23:03:14.074810+00:00,1122,
ACT-0002606,INV-000350,2,ASSET_LOOKUP,2024-02-06 23:21:56.403940+00:00,1037,SUCCESS
ACT-0002607,INV-000351,1,OPEN,2024-02-07 18:54:07.078524+00:00,107,
ACT-0002608,INV-000351,2,ASSET_LOOKUP,2024-02-07 18:55:54.413203+00:00,49,SUCCESS
ACT-0002609,INV-000351,3,EVIDENCE_REVIEW,2024-02-07 18:56:44.045171+00:00,328,SUCCESS
ACT-0002610,INV-000351,4,EVIDENCE_REVIEW,2024-02-07 19:02:12.758270+00:00,3,SUCCESS
ACT-0002611,INV-000351,5,VALIDATE,2024-02-07 19:02:15.955605+00:00,95,SUCCESS
ACT-0002612,INV-000351,6,CLOSE,2024-02-07 19:03:51.566773+00:00,112,
ACT-0002613,INV-000352,1,OPEN,2024-02-14 04:23:00.905861+00:00,135,
ACT-0002614,INV-000352,2,ASSET_LOOKUP,2024-02-14 04:25:16.112555+00:00,818,FAILED
ACT-0002615,INV-000352,3,CONTEXT_REVIEW,2024-02-14 04:38:54.187824+00:00,63,INCONCLUSIVE
ACT-0002616,INV-000352,4,CLOSE,2024-02-14 04:39:57.983866+00:00,29,
ACT-0002617,INV-000353,1,OPEN,2024-02-08 17:52:36.310647+00:00,2757,
ACT-0002618,INV-000353,2,ASSET_LOOKUP,2024-02-08 18:38:33.724542+00:00,437,INCONCLUSIVE
ACT-0002619,INV-000353,3,CORRELATION,2024-02-08 18:45:51.378539+00:00,877,SUCCESS
ACT-0002620,INV-000353,4,CONTEXT_REVIEW,2024-02-08 19:00:28.571245+00:00,108,SUCCESS
ACT-0002621,INV-000353,5,EVENT_SEARCH,2024-02-08 19:02:17.381049+00:00,155,INCONCLUSIVE
ACT-0002622,INV-000353,6,VALIDATE,2024-02-08 19:04:52.930355+00:00,3952,SUCCESS
ACT-0002623,INV-000353,7,CLOSE,2024-02-08 20:10:45.499664+00:00,2425,
ACT-0002624,INV-000354,1,OPEN,2024-02-03 21:09:21.953272+00:00,918,
ACT-0002625,INV-000354,2,ASSET_LOOKUP,2024-02-03 21:24:40.241676+00:00,475,SUCCESS
ACT-0002626,INV-000354,3,EVENT_SEARCH,2024-02-03 21:32:36.182471+00:00,284,SUCCESS
ACT-0002627,INV-000354,4,EVIDENCE_REVIEW,2024-02-03 21:37:21.048650+00:00,277,SUCCESS
ACT-0002628,INV-000354,5,EVENT_SEARCH,2024-02-03 21:41:58.945218+00:00,67,SUCCESS
ACT-0002629,INV-000354,6,CLOSE,2024-02-03 21:43:06.868222+00:00,17,
ACT-0002630,INV-000355,1,OPEN,2024-02-09 15:54:19.163123+00:00,117,
ACT-0002631,INV-000355,2,ASSET_LOOKUP,2024-02-09 15:56:16.321512+00:00,795,SUCCESS
ACT-0002632,INV-000355,3,CORRELATION,2024-02-09 16:09:32.269979+00:00,484,SUCCESS
ACT-0002633,INV-000355,4,EVENT_SEARCH,2024-02-09 16:17:37.027986+00:00,1322,INCONCLUSIVE
ACT-0002634,INV-000355,5,EVIDENCE_REVIEW,2024-02-09 16:39:39.825816+00:00,20,SUCCESS
ACT-0002635,INV-000355,6,CONTAINMENT_REQUEST,2024-02-09 16:40:00.454679+00:00,211,SUCCESS
ACT-0002636,INV-000355,7,REMEDIATION_REQUEST,2024-02-09 16:43:32.038360+00:00,1270,SUCCESS
ACT-0002637,INV-000355,8,VALIDATE,2024-02-09 17:04:42.853830+00:00,421,SUCCESS
ACT-0002638,INV-000355,9,CLOSE,2024-02-09 17:11:43.900606+00:00,13,
ACT-0002639,INV-000356,1,OPEN,2024-03-02 22:49:55.101124+00:00,423,
ACT-0002640,INV-000356,2,ASSET_LOOKUP,2024-03-02 22:56:58.451488+00:00,605,SUCCESS
ACT-0002641,INV-000356,3,ASSET_LOOKUP,2024-03-02 23:07:04.432149+00:00,221,SUCCESS
ACT-0002642,INV-000356,4,EVENT_SEARCH,2024-03-02 23:10:45.575772+00:00,1223,SUCCESS
ACT-0002643,INV-000356,5,EVIDENCE_REVIEW,2024-03-02 23:31:08.984643+00:00,139,SUCCESS
ACT-0002644,INV-000356,6,CORRELATION,2024-03-02 23:33:28.975745+00:00,800,INCONCLUSIVE
ACT-0002645,INV-000356,7,ESCALATE,2024-03-02 23:46:49.325077+00:00,1736,SUCCESS
ACT-0002646,INV-000356,8,VALIDATE,2024-03-03 00:15:46.226023+00:00,816,SUCCESS
ACT-0002647,INV-000356,9,CLOSE,2024-03-03 00:29:23.096494+00:00,129,
ACT-0002648,INV-000357,1,OPEN,2024-03-04 07:42:06.042244+00:00,435,
ACT-0002649,INV-000357,2,ASSET_LOOKUP,2024-03-04 07:49:21.541049+00:00,807,SUCCESS
ACT-0002650,INV-000357,3,EVIDENCE_REVIEW,2024-03-04 08:02:49.465479+00:00,121,FAILED
ACT-0002651,INV-000357,4,EVENT_SEARCH,2024-03-04 08:04:50.952229+00:00,648,INCONCLUSIVE
ACT-0002652,INV-000357,5,VALIDATE,2024-03-04 08:15:39.131765+00:00,68,FAILED
ACT-0002653,INV-000357,6,CLOSE,2024-03-04 08:16:47.401062+00:00,54,
ACT-0002654,INV-000358,1,OPEN,2024-03-23 11:59:26.203461+00:00,1628,
ACT-0002655,INV-000358,2,ASSET_LOOKUP,2024-03-23 12:26:34.928382+00:00,219,SUCCESS
ACT-0002656,INV-000358,3,EVIDENCE_REVIEW,2024-03-23 12:30:14.620665+00:00,2057,SUCCESS
ACT-0002657,INV-000358,4,ASSET_LOOKUP,2024-03-23 13:04:32.062553+00:00,1885,SUCCESS
ACT-0002658,INV-000358,5,EVIDENCE_REVIEW,2024-03-23 13:35:57.247710+00:00,410,SUCCESS
ACT-0002659,INV-000358,6,EVIDENCE_REVIEW,2024-03-23 13:42:47.700475+00:00,490,SUCCESS
ACT-0002660,INV-000358,7,ESCALATE,2024-03-23 13:50:58.198381+00:00,847,SUCCESS
ACT-0002661,INV-000358,8,CONTAINMENT_REQUEST,2024-03-23 14:05:05.758614+00:00,606,SUCCESS
ACT-0002662,INV-000358,9,REMEDIATION_REQUEST,2024-03-23 14:15:12.683628+00:00,337,SUCCESS
ACT-0002663,INV-000358,10,VALIDATE,2024-03-23 14:20:50.431070+00:00,125,INCONCLUSIVE
ACT-0002664,INV-000358,11,CLOSE,2024-03-23 14:22:55.452291+00:00,1201,
ACT-0002665,INV-000359,1,OPEN,2024-03-31 08:12:38.507598+00:00,144,
ACT-0002666,INV-000359,2,ASSET_LOOKUP,2024-03-31 08:15:02.958764+00:00,1711,SUCCESS
ACT-0002667,INV-000359,3,CORRELATION,2024-03-31 08:43:34.578690+00:00,303,SUCCESS
ACT-0002668,INV-000360,1,OPEN,2024-03-25 09:27:58.573681+00:00,532,
ACT-0002669,INV-000360,2,ASSET_LOOKUP,2024-03-25 09:36:50.733513+00:00,117,SUCCESS
ACT-0002670,INV-000360,3,CONTEXT_REVIEW,2024-03-25 09:38:48.685236+00:00,467,SUCCESS
ACT-0002671,INV-000360,4,VALIDATE,2024-03-25 09:46:36.551200+00:00,172,FAILED
ACT-0002672,INV-000360,5,CLOSE,2024-03-25 09:49:29.021341+00:00,20,
ACT-0002673,INV-000361,1,OPEN,2024-03-23 12:51:51.906138+00:00,434,
ACT-0002674,INV-000361,2,ASSET_LOOKUP,2024-03-23 12:59:06.252418+00:00,873,SUCCESS
ACT-0002675,INV-000361,3,CORRELATION,2024-03-23 13:13:40.006443+00:00,1654,SUCCESS
ACT-0002676,INV-000361,4,CORRELATION,2024-03-23 13:41:14.161567+00:00,276,SUCCESS
ACT-0002677,INV-000361,5,EVIDENCE_REVIEW,2024-03-23 13:45:51.014531+00:00,548,FAILED
ACT-0002678,INV-000361,6,CONTEXT_REVIEW,2024-03-23 13:54:59.378958+00:00,396,SUCCESS
ACT-0002679,INV-000361,7,CORRELATION,2024-03-23 14:01:35.778835+00:00,537,SUCCESS
ACT-0002680,INV-000361,8,VALIDATE,2024-03-23 14:10:33.629036+00:00,444,SUCCESS
ACT-0002681,INV-000361,9,CLOSE,2024-03-23 14:17:58.437834+00:00,382,
ACT-0002682,INV-000362,1,OPEN,2024-03-08 10:36:43.244372+00:00,497,
ACT-0002683,INV-000362,2,ASSET_LOOKUP,2024-03-08 10:45:01.177586+00:00,940,SUCCESS
ACT-0002684,INV-000362,3,EVENT_SEARCH,2024-03-08 11:00:41.322459+00:00,25,FAILED
ACT-0002685,INV-000362,4,EVIDENCE_REVIEW,2024-03-08 11:01:06.772879+00:00,696,SUCCESS
ACT-0002686,INV-000363,1,OPEN,2024-03-15 13:22:27.764384+00:00,1713,
ACT-0002687,INV-000363,2,ASSET_LOOKUP,2024-03-15 13:51:01.709728+00:00,218,INCONCLUSIVE
ACT-0002688,INV-000363,3,ASSET_LOOKUP,2024-03-15 13:54:40.528008+00:00,634,SUCCESS
ACT-0002689,INV-000363,4,CONTEXT_REVIEW,2024-03-15 14:05:14.794484+00:00,1132,INCONCLUSIVE
ACT-0002690,INV-000363,5,ASSET_LOOKUP,2024-03-15 14:24:07.396280+00:00,492,INCONCLUSIVE
ACT-0002691,INV-000363,6,EVENT_SEARCH,2024-03-15 14:32:20.323945+00:00,1225,SUCCESS
ACT-0002692,INV-000363,7,EVENT_SEARCH,2024-03-15 14:52:45.726512+00:00,1334,SUCCESS
ACT-0002693,INV-000363,8,VALIDATE,2024-03-15 15:14:59.959720+00:00,48,SUCCESS
ACT-0002694,INV-000363,9,CLOSE,2024-03-15 15:15:48.377633+00:00,420,
ACT-0002695,INV-000364,1,OPEN,2024-03-08 03:04:14.949137+00:00,125,
ACT-0002696,INV-000364,2,ASSET_LOOKUP,2024-03-08 03:06:20.508636+00:00,1602,SUCCESS
ACT-0002697,INV-000364,3,EVIDENCE_REVIEW,2024-03-08 03:33:02.883664+00:00,299,SUCCESS
ACT-0002698,INV-000364,4,EVIDENCE_REVIEW,2024-03-08 03:38:01.970718+00:00,1015,SUCCESS
ACT-0002699,INV-000364,5,ESCALATE,2024-03-08 03:54:57.063868+00:00,90,SUCCESS
ACT-0002700,INV-000364,6,CLOSE,2024-03-08 03:56:27.597352+00:00,328,
ACT-0002701,INV-000365,1,OPEN,2024-03-29 19:49:19.851784+00:00,186,
ACT-0002702,INV-000365,2,ASSET_LOOKUP,2024-03-29 19:52:26.195005+00:00,299,SUCCESS
ACT-0002703,INV-000365,3,EVENT_SEARCH,2024-03-29 19:57:25.245607+00:00,326,SUCCESS
ACT-0002704,INV-000365,4,CORRELATION,2024-03-29 20:02:52.053388+00:00,437,SUCCESS
ACT-0002705,INV-000365,5,EVIDENCE_REVIEW,2024-03-29 20:10:10.042075+00:00,592,INCONCLUSIVE
ACT-0002706,INV-000365,6,EVENT_SEARCH,2024-03-29 20:20:02.602738+00:00,278,SUCCESS
ACT-0002707,INV-000365,7,EVENT_SEARCH,2024-03-29 20:24:41.022825+00:00,38,SUCCESS
ACT-0002708,INV-000366,1,OPEN,2024-04-01 00:10:14.924713+00:00,860,
ACT-0002709,INV-000366,2,ASSET_LOOKUP,2024-04-01 00:24:35.192862+00:00,1039,INCONCLUSIVE
ACT-0002710,INV-000366,3,ASSET_LOOKUP,2024-04-01 00:41:55.184786+00:00,88,SUCCESS
ACT-0002711,INV-000366,4,EVENT_SEARCH,2024-04-01 00:43:23.889591+00:00,39,SUCCESS
ACT-0002712,INV-000366,5,EVENT_SEARCH,2024-04-01 00:44:03.079654+00:00,1300,SUCCESS
ACT-0002713,INV-000366,6,EVENT_SEARCH,2024-04-01 01:05:43.986417+00:00,655,SUCCESS
ACT-0002714,INV-000366,7,EVENT_SEARCH,2024-04-01 01:16:39.710066+00:00,1733,SUCCESS
ACT-0002715,INV-000366,8,ESCALATE,2024-04-01 01:45:32.828994+00:00,299,SUCCESS
ACT-0002716,INV-000366,9,VALIDATE,2024-04-01 01:50:32.673775+00:00,1665,SUCCESS
ACT-0002717,INV-000366,10,CLOSE,2024-04-01 02:18:18.448983+00:00,1548,
ACT-0002718,INV-000367,1,OPEN,2024-04-25 09:07:09.010705+00:00,718,
ACT-0002719,INV-000367,2,ASSET_LOOKUP,2024-04-25 09:19:07.745487+00:00,141,SUCCESS
ACT-0002720,INV-000367,3,CORRELATION,2024-04-25 09:21:29.198034+00:00,359,SUCCESS
ACT-0002721,INV-000367,4,CONTEXT_REVIEW,2024-04-25 09:27:28.652086+00:00,494,SUCCESS
ACT-0002722,INV-000367,5,CORRELATION,2024-04-25 09:35:43.046606+00:00,390,FAILED
ACT-0002723,INV-000367,6,VALIDATE,2024-04-25 09:42:13.250870+00:00,34,SUCCESS
ACT-0002724,INV-000367,7,CLOSE,2024-04-25 09:42:47.274647+00:00,1355,
ACT-0002725,INV-000368,1,OPEN,2024-04-03 18:31:00.932652+00:00,698,
ACT-0002726,INV-000368,2,ASSET_LOOKUP,2024-04-03 18:42:39.112953+00:00,532,SUCCESS
ACT-0002727,INV-000368,3,EVIDENCE_REVIEW,2024-04-03 18:51:32.062722+00:00,293,SUCCESS
ACT-0002728,INV-000368,4,CONTAINMENT_REQUEST,2024-04-03 18:56:25.837357+00:00,1321,SUCCESS
ACT-0002729,INV-000368,5,REMEDIATION_REQUEST,2024-04-03 19:18:27.562456+00:00,3917,SUCCESS
ACT-0002730,INV-000368,6,VALIDATE,2024-04-03 20:23:45.051092+00:00,1362,SUCCESS
ACT-0002731,INV-000368,7,CLOSE,2024-04-03 20:46:27.301971+00:00,73,
ACT-0002732,INV-000369,1,OPEN,2024-04-12 05:36:02.671540+00:00,52,
ACT-0002733,INV-000369,2,ASSET_LOOKUP,2024-04-12 05:36:54.933645+00:00,1979,SUCCESS
ACT-0002734,INV-000369,3,CORRELATION,2024-04-12 06:09:54.759420+00:00,928,SUCCESS
ACT-0002735,INV-000369,4,EVENT_SEARCH,2024-04-12 06:25:22.787644+00:00,360,INCONCLUSIVE
ACT-0002736,INV-000369,5,EVIDENCE_REVIEW,2024-04-12 06:31:23.230349+00:00,190,SUCCESS
ACT-0002737,INV-000369,6,EVENT_SEARCH,2024-04-12 06:34:33.239051+00:00,532,INCONCLUSIVE
ACT-0002738,INV-000369,7,EVENT_SEARCH,2024-04-12 06:43:25.435854+00:00,59,SUCCESS
ACT-0002739,INV-000369,8,ESCALATE,2024-04-12 06:44:25.046153+00:00,1244,SUCCESS
ACT-0002740,INV-000369,9,VALIDATE,2024-04-12 07:05:09.257989+00:00,58,SUCCESS
ACT-0002741,INV-000369,10,CLOSE,2024-04-12 07:06:07.653316+00:00,78,
ACT-0002742,INV-000370,1,OPEN,2024-04-21 11:42:23.632423+00:00,198,
ACT-0002743,INV-000370,2,ASSET_LOOKUP,2024-04-21 11:45:42.481806+00:00,192,SUCCESS
ACT-0002744,INV-000370,3,CORRELATION,2024-04-21 11:48:54.730695+00:00,22,SUCCESS
ACT-0002745,INV-000370,4,EVIDENCE_REVIEW,2024-04-21 11:49:17.682647+00:00,77,INCONCLUSIVE
ACT-0002746,INV-000370,5,ASSET_LOOKUP,2024-04-21 11:50:34.995391+00:00,651,INCONCLUSIVE
ACT-0002747,INV-000370,6,REMEDIATION_REQUEST,2024-04-21 12:01:26.566113+00:00,67,SUCCESS
ACT-0002748,INV-000370,7,VALIDATE,2024-04-21 12:02:34.112586+00:00,53,INCONCLUSIVE
ACT-0002749,INV-000370,8,CLOSE,2024-04-21 12:03:27.900082+00:00,50,
ACT-0002750,INV-000371,1,OPEN,2024-04-30 00:36:33.152431+00:00,491,
ACT-0002751,INV-000371,2,ASSET_LOOKUP,2024-04-30 00:44:44.993730+00:00,182,SUCCESS
ACT-0002752,INV-000371,3,EVENT_SEARCH,2024-04-30 00:47:47.393421+00:00,135,SUCCESS
ACT-0002753,INV-000371,4,EVIDENCE_REVIEW,2024-04-30 00:50:03.199285+00:00,339,INCONCLUSIVE
ACT-0002754,INV-000371,5,CORRELATION,2024-04-30 00:55:42.886380+00:00,82,INCONCLUSIVE
ACT-0002755,INV-000371,6,CORRELATION,2024-04-30 00:57:05.343458+00:00,292,INCONCLUSIVE
ACT-0002756,INV-000371,7,EVENT_SEARCH,2024-04-30 01:01:57.597538+00:00,170,FAILED
ACT-0002757,INV-000371,8,CONTEXT_REVIEW,2024-04-30 01:04:48.144797+00:00,909,SUCCESS
ACT-0002758,INV-000371,9,ESCALATE,2024-04-30 01:19:57.844017+00:00,821,SUCCESS
ACT-0002759,INV-000371,10,CONTAINMENT_REQUEST,2024-04-30 01:33:39.517304+00:00,312,SUCCESS
ACT-0002760,INV-000371,11,REMEDIATION_REQUEST,2024-04-30 01:38:52.136052+00:00,1414,SUCCESS
ACT-0002761,INV-000371,12,VALIDATE,2024-04-30 02:02:26.565759+00:00,1175,INCONCLUSIVE
ACT-0002762,INV-000371,13,CLOSE,2024-04-30 02:22:01.751826+00:00,334,
ACT-0002763,INV-000372,1,OPEN,2024-04-21 11:21:03.180720+00:00,256,
ACT-0002764,INV-000372,2,ASSET_LOOKUP,2024-04-21 11:25:19.699245+00:00,207,SUCCESS
ACT-0002765,INV-000372,3,EVENT_SEARCH,2024-04-21 11:28:47.048184+00:00,221,INCONCLUSIVE
ACT-0002766,INV-000372,4,ASSET_LOOKUP,2024-04-21 11:32:28.591806+00:00,131,SUCCESS
ACT-0002767,INV-000372,5,CLOSE,2024-04-21 11:34:39.874005+00:00,45,
ACT-0002768,INV-000373,1,OPEN,2024-04-10 09:12:03.018274+00:00,1374,
ACT-0002769,INV-000373,2,ASSET_LOOKUP,2024-04-10 09:34:57.645197+00:00,526,INCONCLUSIVE
ACT-0002770,INV-000373,3,EVIDENCE_REVIEW,2024-04-10 09:43:43.947402+00:00,88,SUCCESS
ACT-0002771,INV-000373,4,EVIDENCE_REVIEW,2024-04-10 09:45:12.875073+00:00,77,SUCCESS
ACT-0002772,INV-000373,5,CORRELATION,2024-04-10 09:46:30.616516+00:00,822,SUCCESS
ACT-0002773,INV-000373,6,ESCALATE,2024-04-10 10:00:12.967542+00:00,104,SUCCESS
ACT-0002774,INV-000373,7,CONTAINMENT_REQUEST,2024-04-10 10:01:57.036340+00:00,908,SUCCESS
ACT-0002775,INV-000373,8,REMEDIATION_REQUEST,2024-04-10 10:17:05.922948+00:00,987,SUCCESS
ACT-0002776,INV-000373,9,VALIDATE,2024-04-10 10:33:33.624909+00:00,922,SUCCESS
ACT-0002777,INV-000373,10,CLOSE,2024-04-10 10:48:55.714628+00:00,669,
ACT-0002778,INV-000374,1,OPEN,2024-04-10 11:00:49.239920+00:00,191,
ACT-0002779,INV-000374,2,ASSET_LOOKUP,2024-04-10 11:04:01.212150+00:00,165,SUCCESS
ACT-0002780,INV-000374,3,CORRELATION,2024-04-10 11:06:47.068622+00:00,160,INCONCLUSIVE
ACT-0002781,INV-000374,4,CONTEXT_REVIEW,2024-04-10 11:09:27.841024+00:00,108,SUCCESS
ACT-0002782,INV-000374,5,CORRELATION,2024-04-10 11:11:16.084773+00:00,263,SUCCESS
ACT-0002783,INV-000374,6,ESCALATE,2024-04-10 11:15:39.352212+00:00,506,SUCCESS
ACT-0002784,INV-000374,7,VALIDATE,2024-04-10 11:24:05.903079+00:00,108,SUCCESS
ACT-0002785,INV-000374,8,CLOSE,2024-04-10 11:25:54.252213+00:00,253,
ACT-0002786,INV-000375,1,OPEN,2024-04-12 16:08:58.934336+00:00,78,
ACT-0002787,INV-000375,2,ASSET_LOOKUP,2024-04-12 16:10:17.890096+00:00,2134,SUCCESS
ACT-0002788,INV-000375,3,EVENT_SEARCH,2024-04-12 16:45:52.329439+00:00,921,SUCCESS
ACT-0002789,INV-000375,4,CORRELATION,2024-04-12 17:01:13.600180+00:00,69,INCONCLUSIVE
ACT-0002790,INV-000375,5,CORRELATION,2024-04-12 17:02:23.559638+00:00,125,SUCCESS
ACT-0002791,INV-000375,6,EVIDENCE_REVIEW,2024-04-12 17:04:28.801842+00:00,217,SUCCESS
ACT-0002792,INV-000375,7,CORRELATION,2024-04-12 17:08:06.674965+00:00,158,SUCCESS
ACT-0002793,INV-000375,8,VALIDATE,2024-04-12 17:10:45.143577+00:00,108,SUCCESS
ACT-0002794,INV-000375,9,CLOSE,2024-04-12 17:12:33.462734+00:00,252,
ACT-0002795,INV-000376,1,OPEN,2024-04-26 17:19:14.527101+00:00,102,
ACT-0002796,INV-000376,2,ASSET_LOOKUP,2024-04-26 17:20:56.624463+00:00,1104,SUCCESS
ACT-0002797,INV-000376,3,EVENT_SEARCH,2024-04-26 17:39:21.397249+00:00,898,INCONCLUSIVE
ACT-0002798,INV-000376,4,ASSET_LOOKUP,2024-04-26 17:54:19.825123+00:00,351,SUCCESS
ACT-0002799,INV-000376,5,ASSET_LOOKUP,2024-04-26 18:00:11.182697+00:00,766,SUCCESS
ACT-0002800,INV-000376,6,VALIDATE,2024-04-26 18:12:57.980866+00:00,380,INCONCLUSIVE
ACT-0002801,INV-000376,7,CLOSE,2024-04-26 18:19:18.201111+00:00,314,
ACT-0002802,INV-000377,1,OPEN,2024-04-14 12:00:56.831281+00:00,104,
ACT-0002803,INV-000377,2,ASSET_LOOKUP,2024-04-14 12:02:41.041690+00:00,419,SUCCESS
ACT-0002804,INV-000377,3,VALIDATE,2024-04-14 12:09:40.851799+00:00,253,SUCCESS
ACT-0002805,INV-000377,4,CLOSE,2024-04-14 12:13:54.095560+00:00,37,
ACT-0002806,INV-000378,1,OPEN,2024-04-18 05:31:38.372517+00:00,1,
ACT-0002807,INV-000378,2,ASSET_LOOKUP,2024-04-18 05:31:39.247510+00:00,87,SUCCESS
ACT-0002808,INV-000378,3,CONTEXT_REVIEW,2024-04-18 05:33:07.025036+00:00,488,SUCCESS
ACT-0002809,INV-000378,4,CONTEXT_REVIEW,2024-04-18 05:41:15.526722+00:00,346,SUCCESS
ACT-0002810,INV-000378,5,VALIDATE,2024-04-18 05:47:02.360349+00:00,499,SUCCESS
ACT-0002811,INV-000378,6,CLOSE,2024-04-18 05:55:21.862929+00:00,105,
ACT-0002812,INV-000379,1,OPEN,2024-04-05 14:47:45.408813+00:00,628,
ACT-0002813,INV-000379,2,ASSET_LOOKUP,2024-04-05 14:58:14.390791+00:00,2226,INCONCLUSIVE
ACT-0002814,INV-000379,3,EVENT_SEARCH,2024-04-05 15:35:20.667471+00:00,993,SUCCESS
ACT-0002815,INV-000379,4,CONTEXT_REVIEW,2024-04-05 15:51:54.068820+00:00,1439,SUCCESS
ACT-0002816,INV-000379,5,CORRELATION,2024-04-05 16:15:53.860336+00:00,5605,SUCCESS
ACT-0002817,INV-000379,6,VALIDATE,2024-04-05 17:49:19.774256+00:00,1571,SUCCESS
ACT-0002818,INV-000379,7,CLOSE,2024-04-05 18:15:31.693403+00:00,2345,
ACT-0002819,INV-000380,1,OPEN,2024-05-13 04:39:56.917535+00:00,703,
ACT-0002820,INV-000380,2,ASSET_LOOKUP,2024-05-13 04:51:40.778274+00:00,127,SUCCESS
ACT-0002821,INV-000380,3,CORRELATION,2024-05-13 04:53:48.727757+00:00,405,SUCCESS
ACT-0002822,INV-000380,4,CORRELATION,2024-05-13 05:00:34.006603+00:00,49,SUCCESS
ACT-0002823,INV-000380,5,EVIDENCE_REVIEW,2024-05-13 05:01:23.027236+00:00,107,FAILED
ACT-0002824,INV-000380,6,ESCALATE,2024-05-13 05:03:10.415899+00:00,1015,SUCCESS
ACT-0002825,INV-000380,7,CONTAINMENT_REQUEST,2024-05-13 05:20:05.817553+00:00,327,SUCCESS
ACT-0002826,INV-000380,8,REMEDIATION_REQUEST,2024-05-13 05:25:33.415785+00:00,24,SUCCESS
ACT-0002827,INV-000380,9,VALIDATE,2024-05-13 05:25:57.492042+00:00,535,SUCCESS
ACT-0002828,INV-000380,10,CLOSE,2024-05-13 05:34:52.838087+00:00,82,
ACT-0002829,INV-000381,1,OPEN,2024-05-26 23:48:48.892161+00:00,364,
ACT-0002830,INV-000381,2,ASSET_LOOKUP,2024-05-26 23:54:53.790847+00:00,141,INCONCLUSIVE
ACT-0002831,INV-000381,3,CLOSE,2024-05-26 23:57:15.585138+00:00,286,
ACT-0002832,INV-000382,1,OPEN,2024-05-11 14:16:36.231895+00:00,45,
ACT-0002833,INV-000382,2,ASSET_LOOKUP,2024-05-11 14:17:21.925692+00:00,188,SUCCESS
ACT-0002834,INV-000382,3,EVENT_SEARCH,2024-05-11 14:20:30.572859+00:00,1150,SUCCESS
ACT-0002835,INV-000382,4,CORRELATION,2024-05-11 14:39:40.955134+00:00,183,SUCCESS
ACT-0002836,INV-000382,5,CONTEXT_REVIEW,2024-05-11 14:42:44.167034+00:00,968,SUCCESS
ACT-0002837,INV-000382,6,CONTAINMENT_REQUEST,2024-05-11 14:58:52.281026+00:00,699,SUCCESS
ACT-0002838,INV-000382,7,REMEDIATION_REQUEST,2024-05-11 15:10:31.679607+00:00,21,SUCCESS
ACT-0002839,INV-000382,8,VALIDATE,2024-05-11 15:10:53.070132+00:00,384,SUCCESS
ACT-0002840,INV-000382,9,CLOSE,2024-05-11 15:17:17.926410+00:00,26,
ACT-0002841,INV-000383,1,OPEN,2024-05-26 05:00:14.237898+00:00,1486,
ACT-0002842,INV-000383,2,ASSET_LOOKUP,2024-05-26 05:25:00.744488+00:00,1145,INCONCLUSIVE
ACT-0002843,INV-000383,3,CORRELATION,2024-05-26 05:44:06.308086+00:00,863,SUCCESS
ACT-0002844,INV-000383,4,CORRELATION,2024-05-26 05:58:30.164915+00:00,700,SUCCESS
ACT-0002845,INV-000383,5,EVENT_SEARCH,2024-05-26 06:10:11.061870+00:00,1194,SUCCESS
ACT-0002846,INV-000383,6,EVIDENCE_REVIEW,2024-05-26 06:30:05.167819+00:00,524,SUCCESS
ACT-0002847,INV-000383,7,CONTEXT_REVIEW,2024-05-26 06:38:49.600537+00:00,578,SUCCESS
ACT-0002848,INV-000383,8,ESCALATE,2024-05-26 06:48:27.744133+00:00,752,SUCCESS
ACT-0002849,INV-000383,9,REMEDIATION_REQUEST,2024-05-26 07:01:00.711246+00:00,783,SUCCESS
ACT-0002850,INV-000383,10,VALIDATE,2024-05-26 07:14:04.379321+00:00,1748,SUCCESS
ACT-0002851,INV-000383,11,CLOSE,2024-05-26 07:43:12.503708+00:00,2602,
ACT-0002852,INV-000384,1,OPEN,2024-05-22 11:03:18.271459+00:00,314,
ACT-0002853,INV-000384,2,ASSET_LOOKUP,2024-05-22 11:08:32.399456+00:00,870,SUCCESS
ACT-0002854,INV-000384,3,EVIDENCE_REVIEW,2024-05-22 11:23:02.585039+00:00,22,SUCCESS
ACT-0002855,INV-000384,4,ASSET_LOOKUP,2024-05-22 11:23:24.881412+00:00,164,SUCCESS
ACT-0002856,INV-000384,5,EVENT_SEARCH,2024-05-22 11:26:09.780788+00:00,12,SUCCESS
ACT-0002857,INV-000384,6,CORRELATION,2024-05-22 11:26:22.658701+00:00,302,SUCCESS
ACT-0002858,INV-000384,7,CONTEXT_REVIEW,2024-05-22 11:31:25.249282+00:00,221,SUCCESS
ACT-0002859,INV-000384,8,CORRELATION,2024-05-22 11:35:07.196442+00:00,251,INCONCLUSIVE
ACT-0002860,INV-000385,1,OPEN,2024-05-08 08:12:21.881617+00:00,1838,
ACT-0002861,INV-000385,2,ASSET_LOOKUP,2024-05-08 08:43:00.567856+00:00,664,SUCCESS
ACT-0002862,INV-000385,3,EVENT_SEARCH,2024-05-08 08:54:05.475677+00:00,357,INCONCLUSIVE
ACT-0002863,INV-000385,4,VALIDATE,2024-05-08 09:00:03.195317+00:00,568,SUCCESS
ACT-0002864,INV-000385,5,CLOSE,2024-05-08 09:09:31.488044+00:00,153,
ACT-0002865,INV-000386,1,OPEN,2024-05-05 07:15:32.154919+00:00,162,
ACT-0002866,INV-000386,2,ASSET_LOOKUP,2024-05-05 07:18:14.315517+00:00,3685,INCONCLUSIVE
ACT-0002867,INV-000386,3,EVENT_SEARCH,2024-05-05 08:19:40.230805+00:00,524,FAILED
ACT-0002868,INV-000386,4,CORRELATION,2024-05-05 08:28:24.857855+00:00,235,INCONCLUSIVE
ACT-0002869,INV-000386,5,EVENT_SEARCH,2024-05-05 08:32:19.869931+00:00,1114,SUCCESS
ACT-0002870,INV-000386,6,VALIDATE,2024-05-05 08:50:54.583890+00:00,40,INCONCLUSIVE
ACT-0002871,INV-000386,7,CLOSE,2024-05-05 08:51:35.247876+00:00,2136,
ACT-0002872,INV-000387,1,OPEN,2024-05-30 22:50:13.863955+00:00,638,
ACT-0002873,INV-000387,2,ASSET_LOOKUP,2024-05-30 23:00:52.200125+00:00,81,SUCCESS
ACT-0002874,INV-000387,3,ASSET_LOOKUP,2024-05-30 23:02:13.635699+00:00,4693,SUCCESS
ACT-0002875,INV-000387,4,EVENT_SEARCH,2024-05-31 00:20:27.021257+00:00,761,SUCCESS
ACT-0002876,INV-000387,5,EVIDENCE_REVIEW,2024-05-31 00:33:08.326642+00:00,504,SUCCESS
ACT-0002877,INV-000387,6,ASSET_LOOKUP,2024-05-31 00:41:32.713357+00:00,611,SUCCESS
ACT-0002878,INV-000387,7,REMEDIATION_REQUEST,2024-05-31 00:51:44.254846+00:00,306,SUCCESS
ACT-0002879,INV-000387,8,VALIDATE,2024-05-31 00:56:50.410243+00:00,62,SUCCESS
ACT-0002880,INV-000387,9,CLOSE,2024-05-31 00:57:52.468332+00:00,680,
ACT-0002881,INV-000388,1,OPEN,2024-05-17 07:32:15.481036+00:00,124,
ACT-0002882,INV-000388,2,ASSET_LOOKUP,2024-05-17 07:34:20.248183+00:00,213,INCONCLUSIVE
ACT-0002883,INV-000388,3,EVIDENCE_REVIEW,2024-05-17 07:37:53.727673+00:00,37,SUCCESS
ACT-0002884,INV-000388,4,CORRELATION,2024-05-17 07:38:31.358003+00:00,1100,SUCCESS
ACT-0002885,INV-000388,5,EVENT_SEARCH,2024-05-17 07:56:51.683424+00:00,31,SUCCESS
ACT-0002886,INV-000388,6,REMEDIATION_REQUEST,2024-05-17 07:57:23.105663+00:00,516,SUCCESS
ACT-0002887,INV-000388,7,VALIDATE,2024-05-17 08:05:59.284372+00:00,120,INCONCLUSIVE
ACT-0002888,INV-000388,8,CLOSE,2024-05-17 08:08:00.091132+00:00,128,
ACT-0002889,INV-000389,1,OPEN,2024-05-04 07:36:09.397038+00:00,245,
ACT-0002890,INV-000389,2,ASSET_LOOKUP,2024-05-04 07:40:14.587369+00:00,160,FAILED
ACT-0002891,INV-000389,3,ESCALATE,2024-05-04 07:42:54.897468+00:00,143,SUCCESS
ACT-0002892,INV-000389,4,REMEDIATION_REQUEST,2024-05-04 07:45:18.548713+00:00,143,SUCCESS
ACT-0002893,INV-000389,5,CLOSE,2024-05-04 07:47:42.235218+00:00,120,
ACT-0002894,INV-000390,1,OPEN,2024-05-05 16:54:01.910350+00:00,541,
ACT-0002895,INV-000390,2,ASSET_LOOKUP,2024-05-05 17:03:03.300434+00:00,36,INCONCLUSIVE
ACT-0002896,INV-000390,3,EVENT_SEARCH,2024-05-05 17:03:40.167779+00:00,808,SUCCESS
ACT-0002897,INV-000390,4,CONTEXT_REVIEW,2024-05-05 17:17:08.648515+00:00,320,SUCCESS
ACT-0002898,INV-000390,5,EVENT_SEARCH,2024-05-05 17:22:29.523417+00:00,8,SUCCESS
ACT-0002899,INV-000390,6,EVENT_SEARCH,2024-05-05 17:22:38.378132+00:00,334,SUCCESS
ACT-0002900,INV-000390,7,CORRELATION,2024-05-05 17:28:13.181635+00:00,51,SUCCESS
ACT-0002901,INV-000390,8,VALIDATE,2024-05-05 17:29:04.564156+00:00,766,INCONCLUSIVE
ACT-0002902,INV-000390,9,CLOSE,2024-05-05 17:41:51.187532+00:00,79,
ACT-0002903,INV-000391,1,OPEN,2024-05-02 09:09:50.259627+00:00,10,
ACT-0002904,INV-000391,2,ASSET_LOOKUP,2024-05-02 09:10:01.069447+00:00,835,SUCCESS
ACT-0002905,INV-000391,3,EVIDENCE_REVIEW,2024-05-02 09:23:56.648147+00:00,487,FAILED
ACT-0002906,INV-000391,4,ASSET_LOOKUP,2024-05-02 09:32:03.951613+00:00,823,SUCCESS
ACT-0002907,INV-000391,5,CONTEXT_REVIEW,2024-05-02 09:45:46.953054+00:00,255,SUCCESS
ACT-0002908,INV-000391,6,CORRELATION,2024-05-02 09:50:02.817989+00:00,374,SUCCESS
ACT-0002909,INV-000391,7,REMEDIATION_REQUEST,2024-05-02 09:56:16.858671+00:00,695,SUCCESS
ACT-0002910,INV-000391,8,VALIDATE,2024-05-02 10:07:52.257560+00:00,21,FAILED
ACT-0002911,INV-000391,9,CLOSE,2024-05-02 10:08:14.223539+00:00,268,
ACT-0002912,INV-000392,1,OPEN,2024-05-15 23:36:46.926901+00:00,348,
ACT-0002913,INV-000392,2,ASSET_LOOKUP,2024-05-15 23:42:35.661414+00:00,1064,SUCCESS
ACT-0002914,INV-000392,3,ASSET_LOOKUP,2024-05-16 00:00:20.052617+00:00,367,SUCCESS
ACT-0002915,INV-000392,4,EVENT_SEARCH,2024-05-16 00:06:27.774169+00:00,418,SUCCESS
ACT-0002916,INV-000392,5,ASSET_LOOKUP,2024-05-16 00:13:26.731358+00:00,1499,FAILED
ACT-0002917,INV-000392,6,EVENT_SEARCH,2024-05-16 00:38:26.171381+00:00,614,SUCCESS
ACT-0002918,INV-000392,7,ESCALATE,2024-05-16 00:48:40.232782+00:00,1558,SUCCESS
ACT-0002919,INV-000392,8,REMEDIATION_REQUEST,2024-05-16 01:14:38.820847+00:00,1181,SUCCESS
ACT-0002920,INV-000392,9,VALIDATE,2024-05-16 01:34:19.937883+00:00,48,SUCCESS
ACT-0002921,INV-000392,10,CLOSE,2024-05-16 01:35:08.650665+00:00,1366,
ACT-0002922,INV-000393,1,OPEN,2024-06-26 12:17:07.425789+00:00,863,
ACT-0002923,INV-000393,2,ASSET_LOOKUP,2024-06-26 12:31:31.294719+00:00,131,SUCCESS
ACT-0002924,INV-000393,3,CONTEXT_REVIEW,2024-06-26 12:33:43.097214+00:00,1405,INCONCLUSIVE
ACT-0002925,INV-000393,4,VALIDATE,2024-06-26 12:57:08.294953+00:00,285,SUCCESS
ACT-0002926,INV-000393,5,CLOSE,2024-06-26 13:01:54.213853+00:00,880,
ACT-0002927,INV-000394,1,OPEN,2024-06-13 01:44:35.995340+00:00,399,
ACT-0002928,INV-000394,2,ASSET_LOOKUP,2024-06-13 01:51:15.164180+00:00,102,SUCCESS
ACT-0002929,INV-000394,3,EVENT_SEARCH,2024-06-13 01:52:57.204078+00:00,828,INCONCLUSIVE
ACT-0002930,INV-000394,4,EVIDENCE_REVIEW,2024-06-13 02:06:45.466305+00:00,451,INCONCLUSIVE
ACT-0002931,INV-000394,5,EVENT_SEARCH,2024-06-13 02:14:17.232818+00:00,294,SUCCESS
ACT-0002932,INV-000394,6,CORRELATION,2024-06-13 02:19:11.407260+00:00,492,FAILED
ACT-0002933,INV-000394,7,VALIDATE,2024-06-13 02:27:23.767235+00:00,670,INCONCLUSIVE
ACT-0002934,INV-000394,8,CLOSE,2024-06-13 02:38:34.623107+00:00,851,
ACT-0002935,INV-000395,1,OPEN,2024-06-07 10:44:03.426492+00:00,223,
ACT-0002936,INV-000395,2,ASSET_LOOKUP,2024-06-07 10:47:46.996376+00:00,288,SUCCESS
ACT-0002937,INV-000395,3,EVENT_SEARCH,2024-06-07 10:52:35.994255+00:00,29,SUCCESS
ACT-0002938,INV-000395,4,EVENT_SEARCH,2024-06-07 10:53:05.388740+00:00,440,SUCCESS
ACT-0002939,INV-000395,5,EVIDENCE_REVIEW,2024-06-07 11:00:25.530131+00:00,767,SUCCESS
ACT-0002940,INV-000395,6,CORRELATION,2024-06-07 11:13:12.661671+00:00,1655,SUCCESS
ACT-0002941,INV-000395,7,ESCALATE,2024-06-07 11:40:47.999910+00:00,126,SUCCESS
ACT-0002942,INV-000395,8,VALIDATE,2024-06-07 11:42:54.629177+00:00,43,SUCCESS
ACT-0002943,INV-000395,9,CLOSE,2024-06-07 11:43:37.838864+00:00,623,
ACT-0002944,INV-000396,1,OPEN,2024-06-03 07:03:54.907830+00:00,1127,
ACT-0002945,INV-000396,2,ASSET_LOOKUP,2024-06-03 07:22:41.925097+00:00,330,SUCCESS
ACT-0002946,INV-000396,3,ASSET_LOOKUP,2024-06-03 07:28:12.065871+00:00,324,SUCCESS
ACT-0002947,INV-000396,4,EVENT_SEARCH,2024-06-03 07:33:36.616490+00:00,388,INCONCLUSIVE
ACT-0002948,INV-000396,5,ASSET_LOOKUP,2024-06-03 07:40:05.419564+00:00,524,SUCCESS
ACT-0002949,INV-000396,6,EVENT_SEARCH,2024-06-03 07:48:49.841563+00:00,85,SUCCESS
ACT-0002950,INV-000396,7,REMEDIATION_REQUEST,2024-06-03 07:50:15.153301+00:00,11,SUCCESS
ACT-0002951,INV-000396,8,VALIDATE,2024-06-03 07:50:26.599409+00:00,49,SUCCESS
ACT-0002952,INV-000396,9,CLOSE,2024-06-03 07:51:16.453736+00:00,263,
ACT-0002953,INV-000397,1,OPEN,2024-06-04 02:26:39.751240+00:00,57,
ACT-0002954,INV-000397,2,ASSET_LOOKUP,2024-06-04 02:27:37.021315+00:00,211,SUCCESS
ACT-0002955,INV-000397,3,CORRELATION,2024-06-04 02:31:08.285847+00:00,246,SUCCESS
ACT-0002956,INV-000397,4,EVENT_SEARCH,2024-06-04 02:35:14.495693+00:00,1845,SUCCESS
ACT-0002957,INV-000397,5,EVENT_SEARCH,2024-06-04 03:05:59.618939+00:00,597,INCONCLUSIVE
ACT-0002958,INV-000397,6,ASSET_LOOKUP,2024-06-04 03:15:57.613312+00:00,53,INCONCLUSIVE
ACT-0002959,INV-000397,7,ESCALATE,2024-06-04 03:16:50.869626+00:00,737,SUCCESS
ACT-0002960,INV-000397,8,CONTAINMENT_REQUEST,2024-06-04 03:29:08.365090+00:00,32,SUCCESS
ACT-0002961,INV-000397,9,REMEDIATION_REQUEST,2024-06-04 03:29:40.499822+00:00,129,SUCCESS
ACT-0002962,INV-000397,10,VALIDATE,2024-06-04 03:31:49.512202+00:00,761,INCONCLUSIVE
ACT-0002963,INV-000397,11,CLOSE,2024-06-04 03:44:30.751485+00:00,446,
ACT-0002964,INV-000398,1,OPEN,2024-06-11 02:18:52.651347+00:00,71,
ACT-0002965,INV-000398,2,ASSET_LOOKUP,2024-06-11 02:20:04.256737+00:00,217,SUCCESS
ACT-0002966,INV-000398,3,EVENT_SEARCH,2024-06-11 02:23:41.798858+00:00,197,SUCCESS
ACT-0002967,INV-000398,4,VALIDATE,2024-06-11 02:26:59.325124+00:00,46,SUCCESS
ACT-0002968,INV-000398,5,CLOSE,2024-06-11 02:27:45.411488+00:00,38,
ACT-0002969,INV-000399,1,OPEN,2024-06-01 10:39:07.016481+00:00,113,
ACT-0002970,INV-000399,2,ASSET_LOOKUP,2024-06-01 10:41:00.171587+00:00,545,SUCCESS
ACT-0002971,INV-000399,3,EVENT_SEARCH,2024-06-01 10:50:05.252462+00:00,25,SUCCESS
ACT-0002972,INV-000399,4,EVIDENCE_REVIEW,2024-06-01 10:50:30.556922+00:00,192,INCONCLUSIVE
ACT-0002973,INV-000399,5,VALIDATE,2024-06-01 10:53:42.793295+00:00,25,SUCCESS
ACT-0002974,INV-000399,6,CLOSE,2024-06-01 10:54:08.469794+00:00,290,
ACT-0002975,INV-000400,1,OPEN,2024-06-03 11:09:57.740455+00:00,98,
ACT-0002976,INV-000400,2,ASSET_LOOKUP,2024-06-03 11:11:35.754509+00:00,279,SUCCESS
ACT-0002977,INV-000400,3,CONTEXT_REVIEW,2024-06-03 11:16:15.221280+00:00,89,SUCCESS
ACT-0002978,INV-000400,4,CLOSE,2024-06-03 11:17:44.299709+00:00,133,
ACT-0002979,INV-000401,1,OPEN,2024-06-05 09:56:26.979777+00:00,1754,
ACT-0002980,INV-000401,2,ASSET_LOOKUP,2024-06-05 10:25:41.558142+00:00,113,INCONCLUSIVE
ACT-0002981,INV-000401,3,CONTEXT_REVIEW,2024-06-05 10:27:35.449933+00:00,1298,SUCCESS
ACT-0002982,INV-000401,4,ASSET_LOOKUP,2024-06-05 10:49:14.389390+00:00,517,SUCCESS
ACT-0002983,INV-000401,5,ASSET_LOOKUP,2024-06-05 10:57:52.031990+00:00,682,SUCCESS
ACT-0002984,INV-000401,6,CONTEXT_REVIEW,2024-06-05 11:09:14.542927+00:00,547,INCONCLUSIVE
ACT-0002985,INV-000401,7,CONTAINMENT_REQUEST,2024-06-05 11:18:21.948649+00:00,651,SUCCESS
ACT-0002986,INV-000401,8,REMEDIATION_REQUEST,2024-06-05 11:29:13.895117+00:00,762,SUCCESS
ACT-0002987,INV-000401,9,VALIDATE,2024-06-05 11:41:56.649180+00:00,387,SUCCESS
ACT-0002988,INV-000401,10,CLOSE,2024-06-05 11:48:23.836341+00:00,775,
ACT-0002989,INV-000402,1,OPEN,2024-01-30 04:05:02.936313+00:00,314,
ACT-0002990,INV-000402,2,ASSET_LOOKUP,2024-01-30 04:10:17.910247+00:00,864,INCONCLUSIVE
ACT-0002991,INV-000402,3,CLOSE,2024-01-30 04:24:42.251513+00:00,43,
ACT-0002992,INV-000403,1,OPEN,2024-01-25 20:29:37.997419+00:00,1792,
ACT-0002993,INV-000403,2,ASSET_LOOKUP,2024-01-25 20:59:30.538836+00:00,1078,SUCCESS
ACT-0002994,INV-000403,3,CONTEXT_REVIEW,2024-01-25 21:17:29.121671+00:00,142,SUCCESS
ACT-0002995,INV-000403,4,CONTEXT_REVIEW,2024-01-25 21:19:51.474148+00:00,432,SUCCESS
ACT-0002996,INV-000403,5,EVIDENCE_REVIEW,2024-01-25 21:27:03.636843+00:00,70,SUCCESS
ACT-0002997,INV-000403,6,ASSET_LOOKUP,2024-01-25 21:28:14.176747+00:00,103,SUCCESS
ACT-0002998,INV-000403,7,CORRELATION,2024-01-25 21:29:57.534080+00:00,268,SUCCESS
ACT-0002999,INV-000403,8,ESCALATE,2024-01-25 21:34:26.019183+00:00,589,SUCCESS
ACT-0003000,INV-000403,9,VALIDATE,2024-01-25 21:44:15.526363+00:00,103,SUCCESS
ACT-0003001,INV-000403,10,CLOSE,2024-01-25 21:45:58.780967+00:00,172,
ACT-0003002,INV-000404,1,OPEN,2024-01-17 08:21:13.697520+00:00,410,
ACT-0003003,INV-000404,2,ASSET_LOOKUP,2024-01-17 08:28:04.237768+00:00,546,SUCCESS
ACT-0003004,INV-000404,3,EVENT_SEARCH,2024-01-17 08:37:10.777183+00:00,50,SUCCESS
ACT-0003005,INV-000404,4,EVENT_SEARCH,2024-01-17 08:38:00.778041+00:00,630,INCONCLUSIVE
ACT-0003006,INV-000404,5,ESCALATE,2024-01-17 08:48:31.679097+00:00,1152,SUCCESS
ACT-0003007,INV-000404,6,VALIDATE,2024-01-17 09:07:43.883096+00:00,89,SUCCESS
ACT-0003008,INV-000404,7,CLOSE,2024-01-17 09:09:13.390941+00:00,234,
ACT-0003009,INV-000405,1,OPEN,2024-01-04 01:19:14.223666+00:00,932,
ACT-0003010,INV-000405,2,ASSET_LOOKUP,2024-01-04 01:34:46.564127+00:00,529,SUCCESS
ACT-0003011,INV-000405,3,ASSET_LOOKUP,2024-01-04 01:43:36.560861+00:00,400,INCONCLUSIVE
ACT-0003012,INV-000405,4,CONTEXT_REVIEW,2024-01-04 01:50:16.824708+00:00,472,SUCCESS
ACT-0003013,INV-000405,5,CONTEXT_REVIEW,2024-01-04 01:58:09.416360+00:00,517,INCONCLUSIVE
ACT-0003014,INV-000405,6,VALIDATE,2024-01-04 02:06:46.920874+00:00,622,SUCCESS
ACT-0003015,INV-000405,7,CLOSE,2024-01-04 02:17:09.322135+00:00,350,
ACT-0003016,INV-000406,1,OPEN,2024-01-02 13:29:18.383121+00:00,78,
ACT-0003017,INV-000406,2,ASSET_LOOKUP,2024-01-02 13:30:36.397387+00:00,249,SUCCESS
ACT-0003018,INV-000406,3,CONTEXT_REVIEW,2024-01-02 13:34:45.484544+00:00,30,SUCCESS
ACT-0003019,INV-000406,4,EVENT_SEARCH,2024-01-02 13:35:16.450502+00:00,671,SUCCESS
ACT-0003020,INV-000406,5,CLOSE,2024-01-02 13:46:28.144940+00:00,209,
ACT-0003021,INV-000407,1,OPEN,2024-01-25 04:14:10.403756+00:00,4700,
ACT-0003022,INV-000407,2,ASSET_LOOKUP,2024-01-25 05:32:30.886889+00:00,6721,SUCCESS
ACT-0003023,INV-000407,3,CORRELATION,2024-01-25 07:24:32.598542+00:00,569,SUCCESS
ACT-0003024,INV-000407,4,CONTEXT_REVIEW,2024-01-25 07:34:01.697546+00:00,1624,SUCCESS
ACT-0003025,INV-000407,5,CONTEXT_REVIEW,2024-01-25 08:01:06.551497+00:00,561,SUCCESS
ACT-0003026,INV-000407,6,CORRELATION,2024-01-25 08:10:28.280087+00:00,368,SUCCESS
ACT-0003027,INV-000407,7,ESCALATE,2024-01-25 08:16:36.460691+00:00,556,SUCCESS
ACT-0003028,INV-000407,8,REMEDIATION_REQUEST,2024-01-25 08:25:52.599827+00:00,285,SUCCESS
ACT-0003029,INV-000407,9,VALIDATE,2024-01-25 08:30:38.414398+00:00,2299,SUCCESS
ACT-0003030,INV-000407,10,CLOSE,2024-01-25 09:08:57.773266+00:00,4527,
ACT-0003031,INV-000408,1,OPEN,2024-01-02 10:51:15.157136+00:00,303,
ACT-0003032,INV-000408,2,ASSET_LOOKUP,2024-01-02 10:56:18.172392+00:00,26,SUCCESS
ACT-0003033,INV-000408,3,CORRELATION,2024-01-02 10:56:44.551866+00:00,146,SUCCESS
ACT-0003034,INV-000408,4,EVIDENCE_REVIEW,2024-01-02 10:59:11.138511+00:00,53,SUCCESS
ACT-0003035,INV-000408,5,CORRELATION,2024-01-02 11:00:04.762735+00:00,440,INCONCLUSIVE
ACT-0003036,INV-000408,6,VALIDATE,2024-01-02 11:07:24.948026+00:00,24,SUCCESS
ACT-0003037,INV-000408,7,CLOSE,2024-01-02 11:07:49.384367+00:00,199,
ACT-0003038,INV-000409,1,OPEN,2024-01-28 19:33:28.933338+00:00,82,
ACT-0003039,INV-000409,2,ASSET_LOOKUP,2024-01-28 19:34:51.416481+00:00,290,SUCCESS
ACT-0003040,INV-000409,3,CONTEXT_REVIEW,2024-01-28 19:39:41.436284+00:00,1115,SUCCESS
ACT-0003041,INV-000409,4,EVENT_SEARCH,2024-01-28 19:58:17.248809+00:00,25,SUCCESS
ACT-0003042,INV-000409,5,EVIDENCE_REVIEW,2024-01-28 19:58:43.154423+00:00,1092,SUCCESS
ACT-0003043,INV-000409,6,CONTEXT_REVIEW,2024-01-28 20:16:55.867596+00:00,2223,SUCCESS
ACT-0003044,INV-000409,7,CORRELATION,2024-01-28 20:53:59.274441+00:00,2340,SUCCESS
ACT-0003045,INV-000409,8,ESCALATE,2024-01-28 21:32:59.596286+00:00,2031,SUCCESS
ACT-0003046,INV-000409,9,REMEDIATION_REQUEST,2024-01-28 22:06:51.322682+00:00,879,SUCCESS
ACT-0003047,INV-000409,10,VALIDATE,2024-01-28 22:21:31.065471+00:00,517,SUCCESS
ACT-0003048,INV-000409,11,CLOSE,2024-01-28 22:30:08.094873+00:00,1587,
ACT-0003049,INV-000410,1,OPEN,2024-01-25 09:24:28.104510+00:00,94,
ACT-0003050,INV-000410,2,ASSET_LOOKUP,2024-01-25 09:26:02.145596+00:00,105,SUCCESS
ACT-0003051,INV-000410,3,EVENT_SEARCH,2024-01-25 09:27:47.698065+00:00,330,SUCCESS
ACT-0003052,INV-000410,4,ESCALATE,2024-01-25 09:33:17.840754+00:00,122,SUCCESS
ACT-0003053,INV-000411,1,OPEN,2024-01-01 08:24:33.915107+00:00,205,
ACT-0003054,INV-000411,2,ASSET_LOOKUP,2024-01-01 08:27:59.254454+00:00,577,SUCCESS
ACT-0003055,INV-000411,3,CONTEXT_REVIEW,2024-01-01 08:37:36.624201+00:00,135,SUCCESS
ACT-0003056,INV-000411,4,EVENT_SEARCH,2024-01-01 08:39:52.585342+00:00,1127,SUCCESS
ACT-0003057,INV-000411,5,EVIDENCE_REVIEW,2024-01-01 08:58:39.888964+00:00,87,SUCCESS
ACT-0003058,INV-000411,6,CORRELATION,2024-01-01 09:00:07.616885+00:00,457,SUCCESS
ACT-0003059,INV-000411,7,REMEDIATION_REQUEST,2024-01-01 09:07:45.460913+00:00,696,SUCCESS
ACT-0003060,INV-000411,8,VALIDATE,2024-01-01 09:19:22.091966+00:00,908,SUCCESS
ACT-0003061,INV-000411,9,CLOSE,2024-01-01 09:34:30.246866+00:00,374,
ACT-0003062,INV-000412,1,OPEN,2024-01-21 07:29:44.107169+00:00,501,
ACT-0003063,INV-000412,2,ASSET_LOOKUP,2024-01-21 07:38:05.375513+00:00,834,INCONCLUSIVE
ACT-0003064,INV-000412,3,ASSET_LOOKUP,2024-01-21 07:51:59.846053+00:00,705,SUCCESS
ACT-0003065,INV-000412,4,CORRELATION,2024-01-21 08:03:45.553002+00:00,2080,SUCCESS
ACT-0003066,INV-000412,5,CORRELATION,2024-01-21 08:38:25.963234+00:00,262,SUCCESS
ACT-0003067,INV-000412,6,CORRELATION,2024-01-21 08:42:48.337188+00:00,148,SUCCESS
ACT-0003068,INV-000412,7,ESCALATE,2024-01-21 08:45:16.408267+00:00,3524,SUCCESS
ACT-0003069,INV-000412,8,CONTAINMENT_REQUEST,2024-01-21 09:44:01.014986+00:00,1878,SUCCESS
ACT-0003070,INV-000412,9,REMEDIATION_REQUEST,2024-01-21 10:15:19.022187+00:00,695,SUCCESS
ACT-0003071,INV-000412,10,VALIDATE,2024-01-21 10:26:54.940356+00:00,1035,SUCCESS
ACT-0003072,INV-000412,11,CLOSE,2024-01-21 10:44:10.398344+00:00,1148,
ACT-0003073,INV-000413,1,OPEN,2024-01-26 12:22:34.869297+00:00,288,
ACT-0003074,INV-000413,2,ASSET_LOOKUP,2024-01-26 12:27:22.879069+00:00,211,SUCCESS
ACT-0003075,INV-000413,3,CORRELATION,2024-01-26 12:30:54.041410+00:00,211,INCONCLUSIVE
ACT-0003076,INV-000413,4,CLOSE,2024-01-26 12:34:25.344466+00:00,596,
ACT-0003077,INV-000414,1,OPEN,2024-02-15 12:47:28.816623+00:00,406,
ACT-0003078,INV-000414,2,ASSET_LOOKUP,2024-02-15 12:54:15.290248+00:00,62,SUCCESS
ACT-0003079,INV-000414,3,CLOSE,2024-02-15 12:55:17.400070+00:00,27,
ACT-0003080,INV-000415,1,OPEN,2024-02-11 10:27:17.431544+00:00,938,
ACT-0003081,INV-000415,2,ASSET_LOOKUP,2024-02-11 10:42:56.093552+00:00,2162,SUCCESS
ACT-0003082,INV-000415,3,EVENT_SEARCH,2024-02-11 11:18:58.771582+00:00,1167,SUCCESS
ACT-0003083,INV-000415,4,CONTEXT_REVIEW,2024-02-11 11:38:26.170462+00:00,27,SUCCESS
ACT-0003084,INV-000415,5,CONTEXT_REVIEW,2024-02-11 11:38:53.228882+00:00,609,SUCCESS
ACT-0003085,INV-000415,6,ESCALATE,2024-02-11 11:49:03.197046+00:00,520,SUCCESS
ACT-0003086,INV-000415,7,VALIDATE,2024-02-11 11:57:43.874635+00:00,570,SUCCESS
ACT-0003087,INV-000415,8,CLOSE,2024-02-11 12:07:14.707045+00:00,1049,
ACT-0003088,INV-000416,1,OPEN,2024-02-10 20:29:36.995474+00:00,13,
ACT-0003089,INV-000416,2,ASSET_LOOKUP,2024-02-10 20:29:50.927913+00:00,396,SUCCESS
ACT-0003090,INV-000416,3,EVIDENCE_REVIEW,2024-02-10 20:36:27.019882+00:00,10,SUCCESS
ACT-0003091,INV-000416,4,CORRELATION,2024-02-10 20:36:37.137851+00:00,422,INCONCLUSIVE
ACT-0003092,INV-000416,5,ASSET_LOOKUP,2024-02-10 20:43:39.805821+00:00,342,SUCCESS
ACT-0003093,INV-000416,6,CONTAINMENT_REQUEST,2024-02-10 20:49:22.718024+00:00,30,SUCCESS
ACT-0003094,INV-000416,7,REMEDIATION_REQUEST,2024-02-10 20:49:53.235413+00:00,559,SUCCESS
ACT-0003095,INV-000416,8,CLOSE,2024-02-10 20:59:12.994727+00:00,459,
ACT-0003096,INV-000417,1,OPEN,2024-02-16 12:25:12.524551+00:00,475,
ACT-0003097,INV-000417,2,ASSET_LOOKUP,2024-02-16 12:33:08.391574+00:00,30,SUCCESS
ACT-0003098,INV-000417,3,CORRELATION,2024-02-16 12:33:39.220474+00:00,482,INCONCLUSIVE
ACT-0003099,INV-000417,4,VALIDATE,2024-02-16 12:41:41.239355+00:00,134,SUCCESS
ACT-0003100,INV-000417,5,CLOSE,2024-02-16 12:43:56.036795+00:00,67,
ACT-0003101,INV-000418,1,OPEN,2024-02-23 01:23:33.520414+00:00,151,
ACT-0003102,INV-000418,2,ASSET_LOOKUP,2024-02-23 01:26:05.012605+00:00,231,SUCCESS
ACT-0003103,INV-000418,3,CONTEXT_REVIEW,2024-02-23 01:29:56.129490+00:00,26,INCONCLUSIVE
ACT-0003104,INV-000418,4,EVIDENCE_REVIEW,2024-02-23 01:30:22.950098+00:00,126,SUCCESS
ACT-0003105,INV-000418,5,VALIDATE,2024-02-23 01:32:29.839378+00:00,635,SUCCESS
ACT-0003106,INV-000418,6,CLOSE,2024-02-23 01:43:05.239120+00:00,2,
ACT-0003107,INV-000419,1,OPEN,2024-02-11 19:22:19.943834+00:00,759,
ACT-0003108,INV-000419,2,ASSET_LOOKUP,2024-02-11 19:34:59.304132+00:00,1094,SUCCESS
ACT-0003109,INV-000420,1,OPEN,2024-02-12 12:57:25.636266+00:00,388,
ACT-0003110,INV-000420,2,ASSET_LOOKUP,2024-02-12 13:03:54.390040+00:00,1514,FAILED
ACT-0003111,INV-000420,3,CONTEXT_REVIEW,2024-02-12 13:29:08.886354+00:00,585,SUCCESS
ACT-0003112,INV-000420,4,EVENT_SEARCH,2024-02-12 13:38:54.466649+00:00,344,SUCCESS
ACT-0003113,INV-000420,5,ASSET_LOOKUP,2024-02-12 13:44:38.801202+00:00,662,SUCCESS
ACT-0003114,INV-000420,6,ASSET_LOOKUP,2024-02-12 13:55:41.491504+00:00,501,SUCCESS
ACT-0003115,INV-000420,7,VALIDATE,2024-02-12 14:04:02.745806+00:00,243,SUCCESS
ACT-0003116,INV-000420,8,CLOSE,2024-02-12 14:08:06.570221+00:00,112,
ACT-0003117,INV-000421,1,OPEN,2024-02-01 12:23:22.961347+00:00,468,
ACT-0003118,INV-000421,2,ASSET_LOOKUP,2024-02-01 12:31:11.654616+00:00,2310,SUCCESS
ACT-0003119,INV-000421,3,CORRELATION,2024-02-01 13:09:41.842097+00:00,2528,SUCCESS
ACT-0003120,INV-000421,4,EVENT_SEARCH,2024-02-01 13:51:49.944058+00:00,1540,FAILED
ACT-0003121,INV-000421,5,CONTEXT_REVIEW,2024-02-01 14:17:30.042120+00:00,888,SUCCESS
ACT-0003122,INV-000421,6,ASSET_LOOKUP,2024-02-01 14:32:18.526381+00:00,862,SUCCESS
ACT-0003123,INV-000421,7,ASSET_LOOKUP,2024-02-01 14:46:41.126462+00:00,770,INCONCLUSIVE
ACT-0003124,INV-000421,8,VALIDATE,2024-02-01 14:59:31.782001+00:00,1590,SUCCESS
ACT-0003125,INV-000421,9,CLOSE,2024-02-01 15:26:01.942083+00:00,2702,
ACT-0003126,INV-000422,1,OPEN,2024-02-18 20:16:54.855847+00:00,1202,
ACT-0003127,INV-000422,2,ASSET_LOOKUP,2024-02-18 20:36:56.950282+00:00,1257,INCONCLUSIVE
ACT-0003128,INV-000422,3,ASSET_LOOKUP,2024-02-18 20:57:54.887544+00:00,99,INCONCLUSIVE
ACT-0003129,INV-000422,4,CORRELATION,2024-02-18 20:59:34.609261+00:00,1178,SUCCESS
ACT-0003130,INV-000422,5,ASSET_LOOKUP,2024-02-18 21:19:13.410716+00:00,1353,SUCCESS
ACT-0003131,INV-000422,6,CORRELATION,2024-02-18 21:41:46.797737+00:00,75,SUCCESS
ACT-0003132,INV-000422,7,EVENT_SEARCH,2024-02-18 21:43:02.398807+00:00,1183,SUCCESS
ACT-0003133,INV-000422,8,CORRELATION,2024-02-18 22:02:45.519161+00:00,609,SUCCESS
ACT-0003134,INV-000422,9,ESCALATE,2024-02-18 22:12:55.377676+00:00,792,SUCCESS
ACT-0003135,INV-000422,10,REMEDIATION_REQUEST,2024-02-18 22:26:08.154924+00:00,3185,SUCCESS
ACT-0003136,INV-000422,11,VALIDATE,2024-02-18 23:19:14.068767+00:00,3630,SUCCESS
ACT-0003137,INV-000422,12,CLOSE,2024-02-19 00:19:44.169893+00:00,286,
ACT-0003138,INV-000423,1,OPEN,2024-02-23 16:35:06.047558+00:00,219,
ACT-0003139,INV-000423,2,ASSET_LOOKUP,2024-02-23 16:38:45.819734+00:00,163,SUCCESS
ACT-0003140,INV-000423,3,EVENT_SEARCH,2024-02-23 16:41:29.438926+00:00,718,SUCCESS
ACT-0003141,INV-000423,4,VALIDATE,2024-02-23 16:53:27.829248+00:00,24,SUCCESS
ACT-0003142,INV-000423,5,CLOSE,2024-02-23 16:53:52.109538+00:00,476,
ACT-0003143,INV-000424,1,OPEN,2024-02-09 20:18:19.366990+00:00,157,
ACT-0003144,INV-000424,2,ASSET_LOOKUP,2024-02-09 20:20:56.988058+00:00,489,INCONCLUSIVE
ACT-0003145,INV-000424,3,CORRELATION,2024-02-09 20:29:06.326127+00:00,339,INCONCLUSIVE
ACT-0003146,INV-000424,4,EVENT_SEARCH,2024-02-09 20:34:45.831470+00:00,160,SUCCESS
ACT-0003147,INV-000424,5,CORRELATION,2024-02-09 20:37:26.653549+00:00,748,FAILED
ACT-0003148,INV-000424,6,ESCALATE,2024-02-09 20:49:55.283536+00:00,264,SUCCESS
ACT-0003149,INV-000425,1,OPEN,2024-02-07 17:13:37.669692+00:00,1315,
ACT-0003150,INV-000425,2,ASSET_LOOKUP,2024-02-07 17:35:32.708825+00:00,3252,INCONCLUSIVE
ACT-0003151,INV-000425,3,EVIDENCE_REVIEW,2024-02-07 18:29:45.058088+00:00,253,SUCCESS
ACT-0003152,INV-000425,4,EVENT_SEARCH,2024-02-07 18:33:58.272510+00:00,1917,INCONCLUSIVE
ACT-0003153,INV-000425,5,EVENT_SEARCH,2024-02-07 19:05:56.162299+00:00,321,SUCCESS
ACT-0003154,INV-000425,6,ASSET_LOOKUP,2024-02-07 19:11:17.861271+00:00,555,FAILED
ACT-0003155,INV-000425,7,ASSET_LOOKUP,2024-02-07 19:20:33.723489+00:00,1145,SUCCESS
ACT-0003156,INV-000425,8,REMEDIATION_REQUEST,2024-02-07 19:39:39.594967+00:00,578,SUCCESS
ACT-0003157,INV-000425,9,VALIDATE,2024-02-07 19:49:18.393965+00:00,963,SUCCESS
ACT-0003158,INV-000425,10,CLOSE,2024-02-07 20:05:21.460612+00:00,719,
ACT-0003159,INV-000426,1,OPEN,2024-03-23 16:08:45.708723+00:00,97,
ACT-0003160,INV-000426,2,ASSET_LOOKUP,2024-03-23 16:10:23.197253+00:00,85,SUCCESS
ACT-0003161,INV-000426,3,VALIDATE,2024-03-23 16:11:48.257721+00:00,117,SUCCESS
ACT-0003162,INV-000426,4,CLOSE,2024-03-23 16:13:46.039436+00:00,180,
ACT-0003163,INV-000427,1,OPEN,2024-03-03 04:54:47.728201+00:00,1278,
ACT-0003164,INV-000427,2,ASSET_LOOKUP,2024-03-03 05:16:05.743224+00:00,665,SUCCESS
ACT-0003165,INV-000427,3,EVENT_SEARCH,2024-03-03 05:27:10.947687+00:00,1808,FAILED
ACT-0003166,INV-000427,4,EVENT_SEARCH,2024-03-03 05:57:19.674260+00:00,45,SUCCESS
ACT-0003167,INV-000427,5,ASSET_LOOKUP,2024-03-03 05:58:05.657175+00:00,155,SUCCESS
ACT-0003168,INV-000427,6,CORRELATION,2024-03-03 06:00:40.660457+00:00,156,SUCCESS
ACT-0003169,INV-000427,7,ASSET_LOOKUP,2024-03-03 06:03:17.587313+00:00,177,SUCCESS
ACT-0003170,INV-000427,8,VALIDATE,2024-03-03 06:06:14.768620+00:00,458,FAILED
ACT-0003171,INV-000427,9,CLOSE,2024-03-03 06:13:53.149098+00:00,318,
ACT-0003172,INV-000428,1,OPEN,2024-03-11 00:12:25.609495+00:00,38,
ACT-0003173,INV-000428,2,ASSET_LOOKUP,2024-03-11 00:13:03.817021+00:00,104,SUCCESS
ACT-0003174,INV-000428,3,EVENT_SEARCH,2024-03-11 00:14:48.814197+00:00,38,SUCCESS
ACT-0003175,INV-000428,4,CORRELATION,2024-03-11 00:15:27.348702+00:00,847,SUCCESS
ACT-0003176,INV-000428,5,EVIDENCE_REVIEW,2024-03-11 00:29:34.487503+00:00,933,SUCCESS
ACT-0003177,INV-000428,6,EVIDENCE_REVIEW,2024-03-11 00:45:08.455728+00:00,838,INCONCLUSIVE
ACT-0003178,INV-000428,7,ESCALATE,2024-03-11 00:59:06.856323+00:00,536,SUCCESS
ACT-0003179,INV-000428,8,REMEDIATION_REQUEST,2024-03-11 01:08:02.943319+00:00,172,SUCCESS
ACT-0003180,INV-000428,9,VALIDATE,2024-03-11 01:10:55.890971+00:00,270,INCONCLUSIVE
ACT-0003181,INV-000428,10,CLOSE,2024-03-11 01:15:26.247300+00:00,367,
ACT-0003182,INV-000429,1,OPEN,2024-03-29 13:36:25.493887+00:00,263,
ACT-0003183,INV-000429,2,ASSET_LOOKUP,2024-03-29 13:40:49.271672+00:00,366,SUCCESS
ACT-0003184,INV-000429,3,EVIDENCE_REVIEW,2024-03-29 13:46:56.058890+00:00,431,SUCCESS
ACT-0003185,INV-000429,4,VALIDATE,2024-03-29 13:54:08.055482+00:00,85,SUCCESS
ACT-0003186,INV-000429,5,CLOSE,2024-03-29 13:55:33.106475+00:00,717,
ACT-0003187,INV-000430,1,OPEN,2024-03-26 00:25:25.291419+00:00,29,
ACT-0003188,INV-000430,2,ASSET_LOOKUP,2024-03-26 00:25:54.681741+00:00,245,SUCCESS
ACT-0003189,INV-000430,3,CORRELATION,2024-03-26 00:29:59.906662+00:00,35,INCONCLUSIVE
ACT-0003190,INV-000430,4,CLOSE,2024-03-26 00:30:35.166302+00:00,66,
ACT-0003191,INV-000431,1,OPEN,2024-03-06 03:00:14.231190+00:00,342,
ACT-0003192,INV-000431,2,ASSET_LOOKUP,2024-03-06 03:05:56.718234+00:00,186,SUCCESS
ACT-0003193,INV-000431,3,CORRELATION,2024-03-06 03:09:02.872867+00:00,53,SUCCESS
ACT-0003194,INV-000431,4,EVENT_SEARCH,2024-03-06 03:09:56.021325+00:00,602,SUCCESS
ACT-0003195,INV-000431,5,EVIDENCE_REVIEW,2024-03-06 03:19:58.298310+00:00,458,SUCCESS
ACT-0003196,INV-000431,6,VALIDATE,2024-03-06 03:27:37.261457+00:00,604,SUCCESS
ACT-0003197,INV-000431,7,CLOSE,2024-03-06 03:37:41.938308+00:00,404,
ACT-0003198,INV-000432,1,OPEN,2024-03-16 22:34:56.268207+00:00,121,
ACT-0003199,INV-000432,2,ASSET_LOOKUP,2024-03-16 22:36:57.605569+00:00,329,SUCCESS
ACT-0003200,INV-000432,3,ASSET_LOOKUP,2024-03-16 22:42:26.914167+00:00,10,SUCCESS
ACT-0003201,INV-000432,4,CONTEXT_REVIEW,2024-03-16 22:42:37.142362+00:00,329,SUCCESS
ACT-0003202,INV-000432,5,CORRELATION,2024-03-16 22:48:06.491663+00:00,262,SUCCESS
ACT-0003203,INV-000432,6,VALIDATE,2024-03-16 22:52:28.844208+00:00,178,SUCCESS
ACT-0003204,INV-000432,7,CLOSE,2024-03-16 22:55:27.830149+00:00,210,
ACT-0003205,INV-000433,1,OPEN,2024-03-18 17:13:27.239199+00:00,525,
ACT-0003206,INV-000433,2,ASSET_LOOKUP,2024-03-18 17:22:12.384143+00:00,14,SUCCESS
ACT-0003207,INV-000433,3,EVENT_SEARCH,2024-03-18 17:22:26.744241+00:00,1482,INCONCLUSIVE
ACT-0003208,INV-000433,4,CONTEXT_REVIEW,2024-03-18 17:47:09.062443+00:00,1748,SUCCESS
ACT-0003209,INV-000433,5,CONTEXT_REVIEW,2024-03-18 18:16:17.298349+00:00,1466,SUCCESS
ACT-0003210,INV-000433,6,ASSET_LOOKUP,2024-03-18 18:40:43.412114+00:00,1052,SUCCESS
ACT-0003211,INV-000433,7,CONTEXT_REVIEW,2024-03-18 18:58:16.085594+00:00,1373,SUCCESS
ACT-0003212,INV-000433,8,ESCALATE,2024-03-18 19:21:09.494561+00:00,894,SUCCESS
ACT-0003213,INV-000433,9,VALIDATE,2024-03-18 19:36:04.411525+00:00,70,SUCCESS
ACT-0003214,INV-000433,10,CLOSE,2024-03-18 19:37:14.786389+00:00,113,
ACT-0003215,INV-000434,1,OPEN,2024-03-15 16:17:10.041565+00:00,1069,
ACT-0003216,INV-000434,2,ASSET_LOOKUP,2024-03-15 16:34:59.241257+00:00,21,INCONCLUSIVE
ACT-0003217,INV-000434,3,EVIDENCE_REVIEW,2024-03-15 16:35:20.534345+00:00,53,SUCCESS
ACT-0003218,INV-000434,4,VALIDATE,2024-03-15 16:36:14.159161+00:00,102,SUCCESS
ACT-0003219,INV-000434,5,CLOSE,2024-03-15 16:37:56.862357+00:00,11,
ACT-0003220,INV-000435,1,OPEN,2024-03-05 06:25:25.396697+00:00,344,
ACT-0003221,INV-000435,2,ASSET_LOOKUP,2024-03-05 06:31:09.447766+00:00,150,SUCCESS
ACT-0003222,INV-000435,3,CORRELATION,2024-03-05 06:33:40.227051+00:00,278,SUCCESS
ACT-0003223,INV-000435,4,CORRELATION,2024-03-05 06:38:19.123022+00:00,262,SUCCESS
ACT-0003224,INV-000435,5,VALIDATE,2024-03-05 06:42:41.324484+00:00,97,SUCCESS
ACT-0003225,INV-000435,6,CLOSE,2024-03-05 06:44:18.693379+00:00,25,
ACT-0003226,INV-000436,1,OPEN,2024-04-08 03:23:31.578644+00:00,260,
ACT-0003227,INV-000436,2,ASSET_LOOKUP,2024-04-08 03:27:52.253481+00:00,719,SUCCESS
ACT-0003228,INV-000436,3,ASSET_LOOKUP,2024-04-08 03:39:52.210785+00:00,508,SUCCESS
ACT-0003229,INV-000436,4,CONTEXT_REVIEW,2024-04-08 03:48:20.994729+00:00,448,SUCCESS
ACT-0003230,INV-000436,5,CONTAINMENT_REQUEST,2024-04-08 03:55:49.929689+00:00,45,SUCCESS
ACT-0003231,INV-000436,6,REMEDIATION_REQUEST,2024-04-08 03:56:35.170677+00:00,40,SUCCESS
ACT-0003232,INV-000436,7,VALIDATE,2024-04-08 03:57:15.842555+00:00,3048,FAILED
ACT-0003233,INV-000436,8,CLOSE,2024-04-08 04:48:04.592034+00:00,745,
ACT-0003234,INV-000437,1,OPEN,2024-04-06 06:53:02.189532+00:00,247,
ACT-0003235,INV-000437,2,ASSET_LOOKUP,2024-04-06 06:57:09.743154+00:00,208,SUCCESS
ACT-0003236,INV-000437,3,EVENT_SEARCH,2024-04-06 07:00:38.369362+00:00,227,INCONCLUSIVE
ACT-0003237,INV-000437,4,CORRELATION,2024-04-06 07:04:25.595755+00:00,111,FAILED
ACT-0003238,INV-000437,5,CORRELATION,2024-04-06 07:06:16.863161+00:00,2521,INCONCLUSIVE
ACT-0003239,INV-000437,6,REMEDIATION_REQUEST,2024-04-06 07:48:18.828303+00:00,281,SUCCESS
ACT-0003240,INV-000437,7,CLOSE,2024-04-06 07:53:00.680051+00:00,551,
ACT-0003241,INV-000438,1,OPEN,2024-04-04 15:16:25.355122+00:00,1341,
ACT-0003242,INV-000438,2,ASSET_LOOKUP,2024-04-04 15:38:46.706428+00:00,911,SUCCESS
ACT-0003243,INV-000438,3,CLOSE,2024-04-04 15:53:58.005361+00:00,172,
ACT-0003244,INV-000439,1,OPEN,2024-04-02 16:34:12.254143+00:00,411,
ACT-0003245,INV-000439,2,ASSET_LOOKUP,2024-04-02 16:41:04.069244+00:00,76,SUCCESS
ACT-0003246,INV-000439,3,CONTEXT_REVIEW,2024-04-02 16:42:20.922114+00:00,82,INCONCLUSIVE
ACT-0003247,INV-000439,4,EVIDENCE_REVIEW,2024-04-02 16:43:43.429014+00:00,568,INCONCLUSIVE
ACT-0003248,INV-000439,5,CONTEXT_REVIEW,2024-04-02 16:53:12.251958+00:00,248,SUCCESS
ACT-0003249,INV-000439,6,EVENT_SEARCH,2024-04-02 16:57:20.976189+00:00,450,SUCCESS
ACT-0003250,INV-000439,7,REMEDIATION_REQUEST,2024-04-02 17:04:51.477557+00:00,697,SUCCESS
ACT-0003251,INV-000439,8,VALIDATE,2024-04-02 17:16:28.679777+00:00,5,FAILED
ACT-0003252,INV-000439,9,CLOSE,2024-04-02 17:16:34.251544+00:00,276,
ACT-0003253,INV-000440,1,OPEN,2024-04-26 23:36:56.759345+00:00,191,
ACT-0003254,INV-000440,2,ASSET_LOOKUP,2024-04-26 23:40:08.535081+00:00,349,SUCCESS
ACT-0003255,INV-000440,3,EVENT_SEARCH,2024-04-26 23:45:58.186228+00:00,778,SUCCESS
ACT-0003256,INV-000440,4,EVENT_SEARCH,2024-04-26 23:58:57.123201+00:00,249,SUCCESS
ACT-0003257,INV-000440,5,EVENT_SEARCH,2024-04-27 00:03:06.684025+00:00,447,INCONCLUSIVE
ACT-0003258,INV-000440,6,ASSET_LOOKUP,2024-04-27 00:10:33.805573+00:00,467,FAILED
ACT-0003259,INV-000440,7,ESCALATE,2024-04-27 00:18:20.862018+00:00,1222,SUCCESS
ACT-0003260,INV-000440,8,REMEDIATION_REQUEST,2024-04-27 00:38:43.498055+00:00,75,SUCCESS
ACT-0003261,INV-000440,9,VALIDATE,2024-04-27 00:39:59.164897+00:00,134,SUCCESS
ACT-0003262,INV-000440,10,CLOSE,2024-04-27 00:42:13.559364+00:00,1437,
ACT-0003263,INV-000441,1,OPEN,2024-04-19 14:17:59.894466+00:00,624,
ACT-0003264,INV-000441,2,ASSET_LOOKUP,2024-04-19 14:28:24.651200+00:00,118,INCONCLUSIVE
ACT-0003265,INV-000441,3,EVENT_SEARCH,2024-04-19 14:30:22.759372+00:00,131,SUCCESS
ACT-0003266,INV-000441,4,CLOSE,2024-04-19 14:32:34.124260+00:00,48,
ACT-0003267,INV-000442,1,OPEN,2024-04-19 21:44:35.465561+00:00,26,
ACT-0003268,INV-000442,2,ASSET_LOOKUP,2024-04-19 21:45:02.193924+00:00,2352,SUCCESS
ACT-0003269,INV-000442,3,EVENT_SEARCH,2024-04-19 22:24:14.764918+00:00,197,SUCCESS
ACT-0003270,INV-000442,4,EVENT_SEARCH,2024-04-19 22:27:32.108235+00:00,179,SUCCESS
ACT-0003271,INV-000442,5,CORRELATION,2024-04-19 22:30:31.470180+00:00,1466,SUCCESS
ACT-0003272,INV-000442,6,EVENT_SEARCH,2024-04-19 22:54:58.172444+00:00,458,SUCCESS
ACT-0003273,INV-000442,7,CONTEXT_REVIEW,2024-04-19 23:02:36.582737+00:00,972,SUCCESS
ACT-0003274,INV-000442,8,EVENT_SEARCH,2024-04-19 23:18:48.791298+00:00,149,SUCCESS
ACT-0003275,INV-000442,9,REMEDIATION_REQUEST,2024-04-19 23:21:18.371002+00:00,1017,SUCCESS
ACT-0003276,INV-000442,10,VALIDATE,2024-04-19 23:38:16.190618+00:00,64,INCONCLUSIVE
ACT-0003277,INV-000442,11,CLOSE,2024-04-19 23:39:20.706416+00:00,556,
ACT-0003278,INV-000443,1,OPEN,2024-04-05 16:18:06.945799+00:00,250,
ACT-0003279,INV-000443,2,ASSET_LOOKUP,2024-04-05 16:22:17.253063+00:00,586,INCONCLUSIVE
ACT-0003280,INV-000443,3,EVENT_SEARCH,2024-04-05 16:32:03.259138+00:00,280,SUCCESS
ACT-0003281,INV-000443,4,EVIDENCE_REVIEW,2024-04-05 16:36:43.391806+00:00,433,INCONCLUSIVE
ACT-0003282,INV-000443,5,EVENT_SEARCH,2024-04-05 16:43:57.390192+00:00,1057,SUCCESS
ACT-0003283,INV-000443,6,CONTAINMENT_REQUEST,2024-04-05 17:01:34.643784+00:00,8,SUCCESS
ACT-0003284,INV-000443,7,REMEDIATION_REQUEST,2024-04-05 17:01:43.295792+00:00,39,SUCCESS
ACT-0003285,INV-000443,8,VALIDATE,2024-04-05 17:02:22.803026+00:00,1097,SUCCESS
ACT-0003286,INV-000443,9,CLOSE,2024-04-05 17:20:40.752437+00:00,140,
ACT-0003287,INV-000444,1,OPEN,2024-05-05 15:01:16.380671+00:00,1003,
ACT-0003288,INV-000444,2,ASSET_LOOKUP,2024-05-05 15:17:59.457738+00:00,100,INCONCLUSIVE
ACT-0003289,INV-000444,3,CORRELATION,2024-05-05 15:19:40.072417+00:00,1338,FAILED
ACT-0003290,INV-000444,4,CONTEXT_REVIEW,2024-05-05 15:41:58.209554+00:00,154,SUCCESS
ACT-0003291,INV-000444,5,ASSET_LOOKUP,2024-05-05 15:44:32.507311+00:00,854,SUCCESS
ACT-0003292,INV-000444,6,EVIDENCE_REVIEW,2024-05-05 15:58:46.708236+00:00,1763,INCONCLUSIVE
ACT-0003293,INV-000444,7,ESCALATE,2024-05-05 16:28:10.576325+00:00,334,SUCCESS
ACT-0003294,INV-000444,8,REMEDIATION_REQUEST,2024-05-05 16:33:44.743397+00:00,32,SUCCESS
ACT-0003295,INV-000444,9,VALIDATE,2024-05-05 16:34:16.750064+00:00,65,FAILED
ACT-0003296,INV-000444,10,CLOSE,2024-05-05 16:35:22.279518+00:00,822,
ACT-0003297,INV-000445,1,OPEN,2024-05-20 12:28:06.465304+00:00,597,
ACT-0003298,INV-000445,2,ASSET_LOOKUP,2024-05-20 12:38:03.633964+00:00,1131,FAILED
ACT-0003299,INV-000445,3,EVENT_SEARCH,2024-05-20 12:56:54.836205+00:00,471,INCONCLUSIVE
ACT-0003300,INV-000445,4,ASSET_LOOKUP,2024-05-20 13:04:46.031866+00:00,239,SUCCESS
ACT-0003301,INV-000445,5,CONTEXT_REVIEW,2024-05-20 13:08:45.312811+00:00,1327,SUCCESS
ACT-0003302,INV-000445,6,CONTEXT_REVIEW,2024-05-20 13:30:52.368389+00:00,429,SUCCESS
ACT-0003303,INV-000445,7,ESCALATE,2024-05-20 13:38:02.185544+00:00,1512,SUCCESS
ACT-0003304,INV-000445,8,VALIDATE,2024-05-20 14:03:14.693320+00:00,109,INCONCLUSIVE
ACT-0003305,INV-000445,9,CLOSE,2024-05-20 14:05:03.944167+00:00,322,
ACT-0003306,INV-000446,1,OPEN,2024-05-12 18:52:17.547894+00:00,42,
ACT-0003307,INV-000446,2,ASSET_LOOKUP,2024-05-12 18:52:59.935813+00:00,91,SUCCESS
ACT-0003308,INV-000446,3,CORRELATION,2024-05-12 18:54:31.502211+00:00,260,SUCCESS
ACT-0003309,INV-000446,4,CORRELATION,2024-05-12 18:58:51.687254+00:00,560,FAILED
ACT-0003310,INV-000446,5,ESCALATE,2024-05-12 19:08:12.563168+00:00,314,SUCCESS
ACT-0003311,INV-000446,6,VALIDATE,2024-05-12 19:13:26.612754+00:00,553,INCONCLUSIVE
ACT-0003312,INV-000446,7,CLOSE,2024-05-12 19:22:40.541469+00:00,460,
ACT-0003313,INV-000447,1,OPEN,2024-05-26 05:19:35.234245+00:00,2,
ACT-0003314,INV-000447,2,ASSET_LOOKUP,2024-05-26 05:19:38.179031+00:00,217,INCONCLUSIVE
ACT-0003315,INV-000447,3,CONTEXT_REVIEW,2024-05-26 05:23:15.218727+00:00,258,SUCCESS
ACT-0003316,INV-000447,4,EVENT_SEARCH,2024-05-26 05:27:33.585029+00:00,8,SUCCESS
ACT-0003317,INV-000447,5,VALIDATE,2024-05-26 05:27:41.937201+00:00,57,INCONCLUSIVE
ACT-0003318,INV-000447,6,CLOSE,2024-05-26 05:28:39.028892+00:00,161,
ACT-0003319,INV-000448,1,OPEN,2024-05-26 05:42:02.115455+00:00,86,
ACT-0003320,INV-000448,2,ASSET_LOOKUP,2024-05-26 05:43:28.161374+00:00,364,SUCCESS
ACT-0003321,INV-000448,3,ASSET_LOOKUP,2024-05-26 05:49:32.845002+00:00,590,INCONCLUSIVE
ACT-0003322,INV-000448,4,VALIDATE,2024-05-26 05:59:22.973314+00:00,21,SUCCESS
ACT-0003323,INV-000448,5,CLOSE,2024-05-26 05:59:44.688138+00:00,234,
ACT-0003324,INV-000449,1,OPEN,2024-05-22 13:09:15.364946+00:00,95,
ACT-0003325,INV-000449,2,ASSET_LOOKUP,2024-05-22 13:10:50.555084+00:00,509,SUCCESS
ACT-0003326,INV-000449,3,ASSET_LOOKUP,2024-05-22 13:19:19.971481+00:00,164,SUCCESS
ACT-0003327,INV-000449,4,EVENT_SEARCH,2024-05-22 13:22:04.051342+00:00,276,SUCCESS
ACT-0003328,INV-000449,5,CLOSE,2024-05-22 13:26:40.094745+00:00,2,
ACT-0003329,INV-000450,1,OPEN,2024-05-07 10:22:55.705033+00:00,7,
ACT-0003330,INV-000450,2,ASSET_LOOKUP,2024-05-07 10:23:03.638123+00:00,361,SUCCESS
ACT-0003331,INV-000450,3,CORRELATION,2024-05-07 10:29:05.472250+00:00,193,INCONCLUSIVE
ACT-0003332,INV-000450,4,EVENT_SEARCH,2024-05-07 10:32:19.019120+00:00,149,SUCCESS
ACT-0003333,INV-000450,5,EVIDENCE_REVIEW,2024-05-07 10:34:48.932061+00:00,2348,SUCCESS
ACT-0003334,INV-000450,6,ASSET_LOOKUP,2024-05-07 11:13:57.149022+00:00,198,INCONCLUSIVE
ACT-0003335,INV-000450,7,ESCALATE,2024-05-07 11:17:15.718174+00:00,882,SUCCESS
ACT-0003336,INV-000450,8,VALIDATE,2024-05-07 11:31:57.772679+00:00,246,INCONCLUSIVE
ACT-0003337,INV-000450,9,CLOSE,2024-05-07 11:36:03.907857+00:00,1168,
ACT-0003338,INV-000451,1,OPEN,2024-05-08 12:47:05.395744+00:00,1869,
ACT-0003339,INV-000451,2,ASSET_LOOKUP,2024-05-08 13:18:14.569702+00:00,32,SUCCESS
ACT-0003340,INV-000451,3,EVENT_SEARCH,2024-05-08 13:18:47.361563+00:00,1125,SUCCESS
ACT-0003341,INV-000451,4,VALIDATE,2024-05-08 13:37:32.883565+00:00,122,SUCCESS
ACT-0003342,INV-000451,5,CLOSE,2024-05-08 13:39:35.060384+00:00,149,
ACT-0003343,INV-000452,1,OPEN,2024-05-29 18:32:12.630516+00:00,152,
ACT-0003344,INV-000452,2,ASSET_LOOKUP,2024-05-29 18:34:44.641101+00:00,169,SUCCESS
ACT-0003345,INV-000452,3,EVENT_SEARCH,2024-05-29 18:37:33.860128+00:00,284,INCONCLUSIVE
ACT-0003346,INV-000452,4,EVIDENCE_REVIEW,2024-05-29 18:42:18.006281+00:00,205,SUCCESS
ACT-0003347,INV-000452,5,CORRELATION,2024-05-29 18:45:43.152170+00:00,97,SUCCESS
ACT-0003348,INV-000452,6,VALIDATE,2024-05-29 18:47:20.808404+00:00,19,SUCCESS
ACT-0003349,INV-000452,7,CLOSE,2024-05-29 18:47:40.348918+00:00,39,
ACT-0003350,INV-000453,1,OPEN,2024-06-11 17:29:48.126839+00:00,876,
ACT-0003351,INV-000453,2,ASSET_LOOKUP,2024-06-11 17:44:24.581155+00:00,267,SUCCESS
ACT-0003352,INV-000453,3,CORRELATION,2024-06-11 17:48:52.538849+00:00,2,SUCCESS
ACT-0003353,INV-000453,4,EVENT_SEARCH,2024-06-11 17:48:54.844114+00:00,125,SUCCESS
ACT-0003354,INV-000453,5,EVENT_SEARCH,2024-06-11 17:50:59.866316+00:00,3808,INCONCLUSIVE
ACT-0003355,INV-000453,6,CORRELATION,2024-06-11 18:54:28.587942+00:00,1341,INCONCLUSIVE
ACT-0003356,INV-000453,7,REMEDIATION_REQUEST,2024-06-11 19:16:49.606030+00:00,733,SUCCESS
ACT-0003357,INV-000453,8,VALIDATE,2024-06-11 19:29:02.717016+00:00,31,SUCCESS
ACT-0003358,INV-000453,9,CLOSE,2024-06-11 19:29:33.858739+00:00,319,
ACT-0003359,INV-000454,1,OPEN,2024-06-27 21:34:13.708862+00:00,31,
ACT-0003360,INV-000454,2,ASSET_LOOKUP,2024-06-27 21:34:45.667252+00:00,88,SUCCESS
ACT-0003361,INV-000454,3,CORRELATION,2024-06-27 21:36:14.460098+00:00,560,SUCCESS
ACT-0003362,INV-000454,4,EVIDENCE_REVIEW,2024-06-27 21:45:34.546202+00:00,890,SUCCESS
ACT-0003363,INV-000454,5,REMEDIATION_REQUEST,2024-06-27 22:00:24.865704+00:00,240,SUCCESS
ACT-0003364,INV-000454,6,VALIDATE,2024-06-27 22:04:25.663941+00:00,208,SUCCESS
ACT-0003365,INV-000454,7,CLOSE,2024-06-27 22:07:53.795564+00:00,387,
ACT-0003366,INV-000455,1,OPEN,2024-06-12 19:58:26.280660+00:00,35,
ACT-0003367,INV-000455,2,ASSET_LOOKUP,2024-06-12 19:59:01.400538+00:00,114,SUCCESS
ACT-0003368,INV-000455,3,ASSET_LOOKUP,2024-06-12 20:00:55.562737+00:00,394,INCONCLUSIVE
ACT-0003369,INV-000455,4,CORRELATION,2024-06-12 20:07:29.904231+00:00,10,SUCCESS
ACT-0003370,INV-000455,5,EVENT_SEARCH,2024-06-12 20:07:40.503999+00:00,14,FAILED
ACT-0003371,INV-000455,6,VALIDATE,2024-06-12 20:07:54.923911+00:00,65,SUCCESS
ACT-0003372,INV-000455,7,CLOSE,2024-06-12 20:09:00.023096+00:00,80,
ACT-0003373,INV-000456,1,OPEN,2024-06-27 03:20:37.891063+00:00,87,
ACT-0003374,INV-000456,2,ASSET_LOOKUP,2024-06-27 03:22:05.807075+00:00,91,SUCCESS
ACT-0003375,INV-000456,3,ASSET_LOOKUP,2024-06-27 03:23:37.807061+00:00,750,SUCCESS
ACT-0003376,INV-000456,4,EVENT_SEARCH,2024-06-27 03:36:08.780044+00:00,12,SUCCESS
ACT-0003377,INV-000456,5,VALIDATE,2024-06-27 03:36:20.936609+00:00,189,INCONCLUSIVE
ACT-0003378,INV-000456,6,CLOSE,2024-06-27 03:39:30.436517+00:00,5,
ACT-0003379,INV-000457,1,OPEN,2024-06-18 21:46:38.659268+00:00,139,
ACT-0003380,INV-000457,2,ASSET_LOOKUP,2024-06-18 21:48:58.419847+00:00,24,FAILED
ACT-0003381,INV-000457,3,CONTEXT_REVIEW,2024-06-18 21:49:23.234088+00:00,593,SUCCESS
ACT-0003382,INV-000458,1,OPEN,2024-06-21 12:21:49.390471+00:00,467,
ACT-0003383,INV-000458,2,ASSET_LOOKUP,2024-06-21 12:29:36.759519+00:00,265,INCONCLUSIVE
ACT-0003384,INV-000458,3,CONTEXT_REVIEW,2024-06-21 12:34:01.830645+00:00,1881,SUCCESS
ACT-0003385,INV-000458,4,EVIDENCE_REVIEW,2024-06-21 13:05:23.044983+00:00,2354,INCONCLUSIVE
ACT-0003386,INV-000458,5,CORRELATION,2024-06-21 13:44:37.216350+00:00,176,SUCCESS
ACT-0003387,INV-000458,6,CORRELATION,2024-06-21 13:47:33.597985+00:00,3545,SUCCESS
ACT-0003388,INV-000458,7,CONTEXT_REVIEW,2024-06-21 14:46:39.292683+00:00,2328,SUCCESS
ACT-0003389,INV-000458,8,ESCALATE,2024-06-21 15:25:27.402113+00:00,1819,SUCCESS
ACT-0003390,INV-000458,9,VALIDATE,2024-06-21 15:55:46.483754+00:00,1039,SUCCESS
ACT-0003391,INV-000458,10,CLOSE,2024-06-21 16:13:06.316543+00:00,1404,
ACT-0003392,INV-000459,1,OPEN,2024-06-15 04:32:53.610541+00:00,356,
ACT-0003393,INV-000459,2,ASSET_LOOKUP,2024-06-15 04:38:49.771891+00:00,136,INCONCLUSIVE
ACT-0003394,INV-000459,3,CORRELATION,2024-06-15 04:41:06.174207+00:00,643,SUCCESS
ACT-0003395,INV-000459,4,CONTEXT_REVIEW,2024-06-15 04:51:49.759345+00:00,298,SUCCESS
ACT-0003396,INV-000459,5,CORRELATION,2024-06-15 04:56:48.031731+00:00,102,SUCCESS
ACT-0003397,INV-000459,6,ESCALATE,2024-06-15 04:58:30.729719+00:00,1581,SUCCESS
ACT-0003398,INV-000459,7,REMEDIATION_REQUEST,2024-06-15 05:24:52.615964+00:00,447,SUCCESS
ACT-0003399,INV-000459,8,VALIDATE,2024-06-15 05:32:19.664328+00:00,802,SUCCESS
ACT-0003400,INV-000459,9,CLOSE,2024-06-15 05:45:41.670054+00:00,245,
ACT-0003401,INV-000460,1,OPEN,2024-06-14 17:10:52.392822+00:00,30,
ACT-0003402,INV-000460,2,ASSET_LOOKUP,2024-06-14 17:11:22.919804+00:00,830,SUCCESS
ACT-0003403,INV-000460,3,CONTEXT_REVIEW,2024-06-14 17:25:13.407514+00:00,2872,INCONCLUSIVE
ACT-0003404,INV-000460,4,EVIDENCE_REVIEW,2024-06-14 18:13:06.294874+00:00,1286,INCONCLUSIVE
ACT-0003405,INV-000460,5,ASSET_LOOKUP,2024-06-14 18:34:33.143794+00:00,1036,SUCCESS
ACT-0003406,INV-000460,6,ESCALATE,2024-06-14 18:51:49.635098+00:00,1803,SUCCESS
ACT-0003407,INV-000460,7,REMEDIATION_REQUEST,2024-06-14 19:21:53.355526+00:00,1781,SUCCESS
ACT-0003408,INV-000460,8,VALIDATE,2024-06-14 19:51:35.170982+00:00,720,SUCCESS
ACT-0003409,INV-000460,9,CLOSE,2024-06-14 20:03:35.616141+00:00,3350,
ACT-0003410,INV-000461,1,OPEN,2024-06-26 16:57:13.424526+00:00,3283,
ACT-0003411,INV-000461,2,ASSET_LOOKUP,2024-06-26 17:51:56.878584+00:00,129,SUCCESS
ACT-0003412,INV-000461,3,EVENT_SEARCH,2024-06-26 17:54:05.904948+00:00,1476,SUCCESS
ACT-0003413,INV-000461,4,CORRELATION,2024-06-26 18:18:42.530506+00:00,589,FAILED
ACT-0003414,INV-000461,5,EVENT_SEARCH,2024-06-26 18:28:32.016403+00:00,16,FAILED
ACT-0003415,INV-000461,6,VALIDATE,2024-06-26 18:28:48.442876+00:00,139,SUCCESS
ACT-0003416,INV-000461,7,CLOSE,2024-06-26 18:31:08.234580+00:00,569,
ACT-0003417,INV-000462,1,OPEN,2024-06-21 20:02:38.920441+00:00,1914,
ACT-0003418,INV-000462,2,ASSET_LOOKUP,2024-06-21 20:34:33.748487+00:00,784,SUCCESS
ACT-0003419,INV-000462,3,CORRELATION,2024-06-21 20:47:38.050351+00:00,960,SUCCESS
ACT-0003420,INV-000462,4,ASSET_LOOKUP,2024-06-21 21:03:38.706019+00:00,1131,SUCCESS
ACT-0003421,INV-000462,5,EVENT_SEARCH,2024-06-21 21:22:30.568699+00:00,76,INCONCLUSIVE
ACT-0003422,INV-000462,6,VALIDATE,2024-06-21 21:23:47.551593+00:00,632,SUCCESS
ACT-0003423,INV-000462,7,CLOSE,2024-06-21 21:34:19.559352+00:00,127,
ACT-0003424,INV-000463,1,OPEN,2024-06-23 05:52:39.447917+00:00,418,
ACT-0003425,INV-000463,2,ASSET_LOOKUP,2024-06-23 05:59:38.024703+00:00,182,SUCCESS
ACT-0003426,INV-000463,3,ASSET_LOOKUP,2024-06-23 06:02:40.221300+00:00,100,SUCCESS
ACT-0003427,INV-000463,4,CORRELATION,2024-06-23 06:04:20.707861+00:00,3138,SUCCESS
ACT-0003428,INV-000463,5,CONTEXT_REVIEW,2024-06-23 06:56:38.756412+00:00,703,SUCCESS
ACT-0003429,INV-000463,6,CONTEXT_REVIEW,2024-06-23 07:08:22.469985+00:00,1105,SUCCESS
ACT-0003430,INV-000463,7,CONTEXT_REVIEW,2024-06-23 07:26:48.374530+00:00,1442,INCONCLUSIVE
ACT-0003431,INV-000463,8,ESCALATE,2024-06-23 07:50:50.747210+00:00,143,SUCCESS
ACT-0003432,INV-000463,9,VALIDATE,2024-06-23 07:53:14.095380+00:00,337,SUCCESS
ACT-0003433,INV-000463,10,CLOSE,2024-06-23 07:58:51.157918+00:00,11,
ACT-0003434,INV-000464,1,OPEN,2024-06-05 08:45:26.996642+00:00,353,
ACT-0003435,INV-000464,2,ASSET_LOOKUP,2024-06-05 08:51:20.617874+00:00,161,SUCCESS
ACT-0003436,INV-000464,3,CONTEXT_REVIEW,2024-06-05 08:54:02.600535+00:00,372,SUCCESS
ACT-0003437,INV-000464,4,EVENT_SEARCH,2024-06-05 09:00:14.627926+00:00,135,SUCCESS
ACT-0003438,INV-000464,5,CONTAINMENT_REQUEST,2024-06-05 09:02:30.024371+00:00,268,SUCCESS
ACT-0003439,INV-000464,6,REMEDIATION_REQUEST,2024-06-05 09:06:58.692869+00:00,582,SUCCESS
ACT-0003440,INV-000464,7,VALIDATE,2024-06-05 09:16:41.322090+00:00,290,SUCCESS
ACT-0003441,INV-000464,8,CLOSE,2024-06-05 09:21:32.237450+00:00,387,
ACT-0003442,INV-000465,1,OPEN,2024-06-17 00:25:08.575044+00:00,839,
ACT-0003443,INV-000465,2,ASSET_LOOKUP,2024-06-17 00:39:07.696184+00:00,1127,SUCCESS
ACT-0003444,INV-000465,3,CORRELATION,2024-06-17 00:57:54.870454+00:00,382,SUCCESS
ACT-0003445,INV-000465,4,EVENT_SEARCH,2024-06-17 01:04:17.680396+00:00,105,INCONCLUSIVE
ACT-0003446,INV-000465,5,EVENT_SEARCH,2024-06-17 01:06:02.771852+00:00,104,SUCCESS
ACT-0003447,INV-000465,6,ASSET_LOOKUP,2024-06-17 01:07:47.377405+00:00,3157,SUCCESS
ACT-0003448,INV-000465,7,EVIDENCE_REVIEW,2024-06-17 02:00:25.181946+00:00,1136,INCONCLUSIVE
ACT-0003449,INV-000465,8,ESCALATE,2024-06-17 02:19:21.912002+00:00,400,SUCCESS
ACT-0003450,INV-000465,9,VALIDATE,2024-06-17 02:26:02.233104+00:00,333,SUCCESS
ACT-0003451,INV-000465,10,CLOSE,2024-06-17 02:31:35.450004+00:00,765,
ACT-0003452,INV-000466,1,OPEN,2024-06-23 14:02:30.430705+00:00,141,
ACT-0003453,INV-000466,2,ASSET_LOOKUP,2024-06-23 14:04:52.258131+00:00,15,INCONCLUSIVE
ACT-0003454,INV-000466,3,EVENT_SEARCH,2024-06-23 14:05:07.554585+00:00,670,SUCCESS
ACT-0003455,INV-000466,4,VALIDATE,2024-06-23 14:16:18.332461+00:00,126,INCONCLUSIVE
ACT-0003456,INV-000466,5,CLOSE,2024-06-23 14:18:24.991056+00:00,613,
ACT-0003457,INV-000467,1,OPEN,2024-01-25 11:18:16.515148+00:00,5,
ACT-0003458,INV-000467,2,ASSET_LOOKUP,2024-01-25 11:18:22.093170+00:00,139,FAILED
ACT-0003459,INV-000467,3,EVENT_SEARCH,2024-01-25 11:20:41.625577+00:00,67,SUCCESS
ACT-0003460,INV-000467,4,EVENT_SEARCH,2024-01-25 11:21:48.715133+00:00,6,SUCCESS
ACT-0003461,INV-000467,5,VALIDATE,2024-01-25 11:21:55.382018+00:00,160,SUCCESS
ACT-0003462,INV-000467,6,CLOSE,2024-01-25 11:24:36.277403+00:00,26,
ACT-0003463,INV-000468,1,OPEN,2024-02-15 04:25:48.847398+00:00,280,
ACT-0003464,INV-000468,2,ASSET_LOOKUP,2024-02-15 04:30:29.575197+00:00,141,INCONCLUSIVE
ACT-0003465,INV-000468,3,CORRELATION,2024-02-15 04:32:50.627698+00:00,69,SUCCESS
ACT-0003466,INV-000468,4,EVIDENCE_REVIEW,2024-02-15 04:33:59.891567+00:00,274,INCONCLUSIVE
ACT-0003467,INV-000468,5,VALIDATE,2024-02-15 04:38:34.367539+00:00,305,INCONCLUSIVE
ACT-0003468,INV-000468,6,CLOSE,2024-02-15 04:43:39.551159+00:00,128,
ACT-0003469,INV-000469,1,OPEN,2024-02-21 09:55:59.495418+00:00,1592,
ACT-0003470,INV-000469,2,ASSET_LOOKUP,2024-02-21 10:22:32.082724+00:00,608,SUCCESS
ACT-0003471,INV-000469,3,CONTEXT_REVIEW,2024-02-21 10:32:40.545250+00:00,467,SUCCESS
ACT-0003472,INV-000469,4,VALIDATE,2024-02-21 10:40:27.716665+00:00,153,INCONCLUSIVE
ACT-0003473,INV-000469,5,CLOSE,2024-02-21 10:43:00.881532+00:00,310,
ACT-0003474,INV-000470,1,OPEN,2024-02-15 14:12:05.699263+00:00,495,
ACT-0003475,INV-000470,2,ASSET_LOOKUP,2024-02-15 14:20:21.362445+00:00,37,SUCCESS
ACT-0003476,INV-000470,3,CORRELATION,2024-02-15 14:20:58.547961+00:00,592,SUCCESS
ACT-0003477,INV-000470,4,CLOSE,2024-02-15 14:30:51.341369+00:00,272,
ACT-0003478,INV-000471,1,OPEN,2024-03-08 18:18:26.595501+00:00,187,
ACT-0003479,INV-000471,2,ASSET_LOOKUP,2024-03-08 18:21:34.182455+00:00,141,SUCCESS
ACT-0003480,INV-000471,3,EVENT_SEARCH,2024-03-08 18:23:55.410614+00:00,876,INCONCLUSIVE
ACT-0003481,INV-000471,4,EVENT_SEARCH,2024-03-08 18:38:32.225712+00:00,481,SUCCESS
ACT-0003482,INV-000471,5,ASSET_LOOKUP,2024-03-08 18:46:33.912281+00:00,370,SUCCESS
ACT-0003483,INV-000471,6,ESCALATE,2024-03-08 18:52:44.601844+00:00,1027,SUCCESS
ACT-0003484,INV-000471,7,REMEDIATION_REQUEST,2024-03-08 19:09:51.984511+00:00,184,SUCCESS
ACT-0003485,INV-000471,8,VALIDATE,2024-03-08 19:12:56.738773+00:00,578,SUCCESS
ACT-0003486,INV-000471,9,CLOSE,2024-03-08 19:22:34.745804+00:00,1342,
ACT-0003487,INV-000472,1,OPEN,2024-03-27 14:22:48.887129+00:00,563,
ACT-0003488,INV-000472,2,ASSET_LOOKUP,2024-03-27 14:32:12.802523+00:00,298,SUCCESS
ACT-0003489,INV-000472,3,CORRELATION,2024-03-27 14:37:10.932371+00:00,583,SUCCESS
ACT-0003490,INV-000472,4,CLOSE,2024-03-27 14:46:54.800382+00:00,1617,
ACT-0003491,INV-000473,1,OPEN,2024-03-30 21:49:56.192529+00:00,254,
ACT-0003492,INV-000473,2,ASSET_LOOKUP,2024-03-30 21:54:10.448984+00:00,92,SUCCESS
ACT-0003493,INV-000473,3,CORRELATION,2024-03-30 21:55:42.818831+00:00,406,SUCCESS
ACT-0003494,INV-000473,4,ASSET_LOOKUP,2024-03-30 22:02:28.836403+00:00,528,SUCCESS
ACT-0003495,INV-000473,5,EVENT_SEARCH,2024-03-30 22:11:17.444296+00:00,122,SUCCESS
ACT-0003496,INV-000473,6,VALIDATE,2024-03-30 22:13:19.544843+00:00,119,SUCCESS
ACT-0003497,INV-000473,7,CLOSE,2024-03-30 22:15:18.807665+00:00,934,
ACT-0003498,INV-000474,1,OPEN,2024-03-16 09:56:52.652113+00:00,930,
ACT-0003499,INV-000474,2,ASSET_LOOKUP,2024-03-16 10:12:22.785273+00:00,554,SUCCESS
ACT-0003500,INV-000474,3,EVIDENCE_REVIEW,2024-03-16 10:21:37.090230+00:00,377,SUCCESS
ACT-0003501,INV-000474,4,VALIDATE,2024-03-16 10:27:54.929436+00:00,707,INCONCLUSIVE
ACT-0003502,INV-000474,5,CLOSE,2024-03-16 10:39:42.359793+00:00,28,
ACT-0003503,INV-000475,1,OPEN,2024-04-27 15:50:33.038758+00:00,8,
ACT-0003504,INV-000475,2,ASSET_LOOKUP,2024-04-27 15:50:41.966253+00:00,33,INCONCLUSIVE
ACT-0003505,INV-000475,3,EVIDENCE_REVIEW,2024-04-27 15:51:15.048448+00:00,34,SUCCESS
ACT-0003506,INV-000475,4,EVENT_SEARCH,2024-04-27 15:51:49.141938+00:00,90,SUCCESS
ACT-0003507,INV-000475,5,VALIDATE,2024-04-27 15:53:20.067328+00:00,29,SUCCESS
ACT-0003508,INV-000475,6,CLOSE,2024-04-27 15:53:49.256016+00:00,156,
ACT-0003509,INV-000476,1,OPEN,2024-04-27 02:47:27.871570+00:00,93,
ACT-0003510,INV-000476,2,ASSET_LOOKUP,2024-04-27 02:49:00.891034+00:00,281,SUCCESS
ACT-0003511,INV-000476,3,CORRELATION,2024-04-27 02:53:42.819407+00:00,692,SUCCESS
ACT-0003512,INV-000476,4,VALIDATE,2024-04-27 03:05:15.160968+00:00,772,SUCCESS
ACT-0003513,INV-000476,5,CLOSE,2024-04-27 03:18:08.026513+00:00,222,
ACT-0003514,INV-000477,1,OPEN,2024-04-27 23:11:30.467171+00:00,262,
ACT-0003515,INV-000477,2,ASSET_LOOKUP,2024-04-27 23:15:52.660512+00:00,1268,SUCCESS
ACT-0003516,INV-000477,3,CORRELATION,2024-04-27 23:37:01.654198+00:00,892,SUCCESS
ACT-0003517,INV-000477,4,EVENT_SEARCH,2024-04-27 23:51:53.810569+00:00,338,SUCCESS
ACT-0003518,INV-000477,5,CORRELATION,2024-04-27 23:57:32.282311+00:00,42,SUCCESS
ACT-0003519,INV-000477,6,EVIDENCE_REVIEW,2024-04-27 23:58:14.598051+00:00,1841,SUCCESS
ACT-0003520,INV-000477,7,EVIDENCE_REVIEW,2024-04-28 00:28:55.868587+00:00,251,INCONCLUSIVE
ACT-0003521,INV-000477,8,VALIDATE,2024-04-28 00:33:07.168444+00:00,2060,INCONCLUSIVE
ACT-0003522,INV-000477,9,CLOSE,2024-04-28 01:07:28.029796+00:00,1778,
ACT-0003523,INV-000478,1,OPEN,2024-04-09 20:39:17.060622+00:00,1350,
ACT-0003524,INV-000478,2,ASSET_LOOKUP,2024-04-09 21:01:47.442255+00:00,361,INCONCLUSIVE
ACT-0003525,INV-000478,3,CLOSE,2024-04-09 21:07:49.096344+00:00,120,
ACT-0003526,INV-000479,1,OPEN,2024-04-16 10:40:55.393605+00:00,632,
ACT-0003527,INV-000479,2,ASSET_LOOKUP,2024-04-16 10:51:27.748738+00:00,305,INCONCLUSIVE
ACT-0003528,INV-000479,3,VALIDATE,2024-04-16 10:56:32.763792+00:00,434,SUCCESS
ACT-0003529,INV-000479,4,CLOSE,2024-04-16 11:03:47.491210+00:00,96,
ACT-0003530,INV-000480,1,OPEN,2024-05-29 20:52:02.725656+00:00,473,
ACT-0003531,INV-000480,2,ASSET_LOOKUP,2024-05-29 20:59:55.993111+00:00,538,SUCCESS
ACT-0003532,INV-000480,3,CONTEXT_REVIEW,2024-05-29 21:08:54.023864+00:00,65,SUCCESS
ACT-0003533,INV-000480,4,EVENT_SEARCH,2024-05-29 21:09:59.656786+00:00,99,SUCCESS
ACT-0003534,INV-000480,5,VALIDATE,2024-05-29 21:11:39.266537+00:00,542,SUCCESS
ACT-0003535,INV-000480,6,CLOSE,2024-05-29 21:20:41.325746+00:00,41,
ACT-0003536,INV-000481,1,OPEN,2024-05-31 11:22:01.258184+00:00,6,
ACT-0003537,INV-000481,2,ASSET_LOOKUP,2024-05-31 11:22:07.339963+00:00,40,SUCCESS
ACT-0003538,INV-000481,3,CONTEXT_REVIEW,2024-05-31 11:22:47.523497+00:00,1181,INCONCLUSIVE
ACT-0003539,INV-000481,4,VALIDATE,2024-05-31 11:42:28.742103+00:00,174,SUCCESS
ACT-0003540,INV-000481,5,CLOSE,2024-05-31 11:45:22.896134+00:00,360,
ACT-0003541,INV-000482,1,OPEN,2024-05-20 05:29:03.833122+00:00,283,
ACT-0003542,INV-000482,2,ASSET_LOOKUP,2024-05-20 05:33:47.636695+00:00,624,SUCCESS
ACT-0003543,INV-000482,3,EVENT_SEARCH,2024-05-20 05:44:12.190801+00:00,2260,FAILED
ACT-0003544,INV-000482,4,EVIDENCE_REVIEW,2024-05-20 06:21:52.317439+00:00,524,INCONCLUSIVE
ACT-0003545,INV-000482,5,CLOSE,2024-05-20 06:30:37.260270+00:00,464,
ACT-0003546,INV-000483,1,OPEN,2024-05-13 15:13:02.440116+00:00,1093,
ACT-0003547,INV-000483,2,ASSET_LOOKUP,2024-05-13 15:31:15.586969+00:00,2528,SUCCESS
ACT-0003548,INV-000483,3,CORRELATION,2024-05-13 16:13:24.082619+00:00,7606,SUCCESS
ACT-0003549,INV-000483,4,CORRELATION,2024-05-13 18:20:10.775421+00:00,2172,SUCCESS
ACT-0003550,INV-000483,5,EVENT_SEARCH,2024-05-13 18:56:23.627688+00:00,633,SUCCESS
ACT-0003551,INV-000483,6,CONTEXT_REVIEW,2024-05-13 19:06:57.050250+00:00,2127,SUCCESS
ACT-0003552,INV-000483,7,ASSET_LOOKUP,2024-05-13 19:42:24.537840+00:00,1080,SUCCESS
ACT-0003553,INV-000483,8,ESCALATE,2024-05-13 20:00:24.600196+00:00,438,SUCCESS
ACT-0003554,INV-000483,9,VALIDATE,2024-05-13 20:07:43.322171+00:00,1274,INCONCLUSIVE
ACT-0003555,INV-000483,10,CLOSE,2024-05-13 20:28:57.364267+00:00,1553,
ACT-0003556,INV-000484,1,OPEN,2024-05-22 12:57:35.525266+00:00,21,
ACT-0003557,INV-000484,2,ASSET_LOOKUP,2024-05-22 12:57:56.862982+00:00,20,INCONCLUSIVE
ACT-0003558,INV-000484,3,ASSET_LOOKUP,2024-05-22 12:58:16.916530+00:00,1446,SUCCESS
ACT-0003559,INV-000484,4,CORRELATION,2024-05-22 13:22:23.499390+00:00,372,SUCCESS
ACT-0003560,INV-000484,5,EVENT_SEARCH,2024-05-22 13:28:35.696555+00:00,34,SUCCESS
ACT-0003561,INV-000484,6,EVIDENCE_REVIEW,2024-05-22 13:29:09.979549+00:00,769,SUCCESS
ACT-0003562,INV-000484,7,ESCALATE,2024-05-22 13:41:59.823563+00:00,1390,SUCCESS
ACT-0003563,INV-000484,8,CONTAINMENT_REQUEST,2024-05-22 14:05:10.562947+00:00,231,SUCCESS
ACT-0003564,INV-000484,9,REMEDIATION_REQUEST,2024-05-22 14:09:01.794464+00:00,373,SUCCESS
ACT-0003565,INV-000484,10,VALIDATE,2024-05-22 14:15:15.007518+00:00,1379,SUCCESS
ACT-0003566,INV-000484,11,CLOSE,2024-05-22 14:38:14.420728+00:00,1371,
ACT-0003567,INV-000485,1,OPEN,2024-05-09 00:38:41.576377+00:00,170,
ACT-0003568,INV-000485,2,ASSET_LOOKUP,2024-05-09 00:41:32.228120+00:00,174,SUCCESS
ACT-0003569,INV-000485,3,EVENT_SEARCH,2024-05-09 00:44:27.017773+00:00,627,INCONCLUSIVE
ACT-0003570,INV-000485,4,VALIDATE,2024-05-09 00:54:54.419779+00:00,538,SUCCESS
ACT-0003571,INV-000485,5,CLOSE,2024-05-09 01:03:53.311837+00:00,83,
ACT-0003572,INV-000486,1,OPEN,2024-05-09 18:38:55.006688+00:00,1868,
ACT-0003573,INV-000486,2,ASSET_LOOKUP,2024-05-09 19:10:03.365880+00:00,1957,FAILED
ACT-0003574,INV-000486,3,ASSET_LOOKUP,2024-05-09 19:42:41.155456+00:00,420,INCONCLUSIVE
ACT-0003575,INV-000486,4,CLOSE,2024-05-09 19:49:42.040533+00:00,291,
ACT-0003576,INV-000487,1,OPEN,2024-06-03 00:20:07.398365+00:00,171,
ACT-0003577,INV-000487,2,ASSET_LOOKUP,2024-06-03 00:22:58.800212+00:00,36,SUCCESS
ACT-0003578,INV-000487,3,EVIDENCE_REVIEW,2024-06-03 00:23:35.465199+00:00,81,SUCCESS
ACT-0003579,INV-000487,4,CLOSE,2024-06-03 00:24:56.540516+00:00,84,
ACT-0003580,INV-000488,1,OPEN,2024-06-16 23:30:09.744823+00:00,144,
ACT-0003581,INV-000488,2,ASSET_LOOKUP,2024-06-16 23:32:34.463617+00:00,323,SUCCESS
ACT-0003582,INV-000488,3,EVENT_SEARCH,2024-06-16 23:37:57.749744+00:00,31,INCONCLUSIVE
ACT-0003583,INV-000488,4,CLOSE,2024-06-16 23:38:29.069769+00:00,682,
ACT-0003584,INV-000489,1,OPEN,2024-06-17 07:34:48.562035+00:00,74,
ACT-0003585,INV-000489,2,ASSET_LOOKUP,2024-06-17 07:36:03.231750+00:00,672,SUCCESS
ACT-0003586,INV-000489,3,EVENT_SEARCH,2024-06-17 07:47:15.832884+00:00,1412,SUCCESS
ACT-0003587,INV-000490,1,OPEN,2024-02-09 17:04:07.943801+00:00,3791,
ACT-0003588,INV-000490,2,ASSET_LOOKUP,2024-02-09 18:07:19.815827+00:00,236,SUCCESS
ACT-0003589,INV-000490,3,EVENT_SEARCH,2024-02-09 18:11:15.846291+00:00,1660,INCONCLUSIVE
ACT-0003590,INV-000490,4,CORRELATION,2024-02-09 18:38:56.547886+00:00,2393,INCONCLUSIVE
ACT-0003591,INV-000490,5,CONTEXT_REVIEW,2024-02-09 19:18:50.501463+00:00,1636,SUCCESS
ACT-0003592,INV-000490,6,EVIDENCE_REVIEW,2024-02-09 19:46:07.210851+00:00,1828,SUCCESS
ACT-0003593,INV-000490,7,VALIDATE,2024-02-09 20:16:35.677716+00:00,133,FAILED
ACT-0003594,INV-000490,8,CLOSE,2024-02-09 20:18:49.395851+00:00,916,
ACT-0003595,INV-000491,1,OPEN,2024-03-10 07:24:46.217367+00:00,1737,
ACT-0003596,INV-000491,2,ASSET_LOOKUP,2024-03-10 07:53:43.838168+00:00,1367,SUCCESS
ACT-0003597,INV-000491,3,EVENT_SEARCH,2024-03-10 08:16:31.749266+00:00,416,SUCCESS
ACT-0003598,INV-000491,4,CORRELATION,2024-03-10 08:23:28.704017+00:00,1151,INCONCLUSIVE
ACT-0003599,INV-000491,5,CONTEXT_REVIEW,2024-03-10 08:42:40.104988+00:00,1235,SUCCESS
ACT-0003600,INV-000491,6,EVIDENCE_REVIEW,2024-03-10 09:03:15.339637+00:00,2615,SUCCESS
ACT-0003601,INV-000491,7,VALIDATE,2024-03-10 09:46:50.607418+00:00,1146,INCONCLUSIVE
ACT-0003602,INV-000491,8,CLOSE,2024-03-10 10:05:57.149279+00:00,1523,
ACT-0003603,INV-000492,1,OPEN,2024-04-10 00:11:38.971538+00:00,940,
ACT-0003604,INV-000492,2,ASSET_LOOKUP,2024-04-10 00:27:19.967244+00:00,4078,SUCCESS
ACT-0003605,INV-000492,3,EVENT_SEARCH,2024-04-10 01:35:18.630494+00:00,691,INCONCLUSIVE
ACT-0003606,INV-000492,4,CORRELATION,2024-04-10 01:46:50.004880+00:00,1503,SUCCESS
ACT-0003607,INV-000492,5,CONTEXT_REVIEW,2024-04-10 02:11:53.267151+00:00,1941,SUCCESS
ACT-0003608,INV-000492,6,EVIDENCE_REVIEW,2024-04-10 02:44:14.858473+00:00,1749,SUCCESS
ACT-0003609,INV-000492,7,VALIDATE,2024-04-10 03:13:24.337325+00:00,1668,SUCCESS
ACT-0003610,INV-000492,8,CLOSE,2024-04-10 03:41:12.964177+00:00,696,
ACT-0003611,INV-000493,1,OPEN,2024-02-18 09:46:35.486161+00:00,6,
ACT-0003612,INV-000493,2,CLOSE,2024-02-18 09:46:41.774620+00:00,44,
ACT-0003613,INV-000494,1,OPEN,2024-03-19 14:31:35.641142+00:00,23,
ACT-0003614,INV-000494,2,CLOSE,2024-03-19 14:31:59.336494+00:00,24,
ACT-0003615,INV-000495,1,OPEN,2024-04-19 00:08:22.677897+00:00,69,
ACT-0003616,INV-000495,2,CLOSE,2024-04-19 00:09:32.308323+00:00,26,
ACT-0003617,INV-000496,1,OPEN,2024-01-13 10:00:08.369000+00:00,391,
ACT-0003618,INV-000496,2,ASSET_LOOKUP,2024-01-13 10:06:39.536807+00:00,211,FAILED
ACT-0003619,INV-000496,3,EVENT_SEARCH,2024-01-13 10:10:10.917748+00:00,130,SUCCESS
ACT-0003620,INV-000496,4,CORRELATION,2024-01-13 10:12:21.409531+00:00,353,INCONCLUSIVE
ACT-0003621,INV-000496,5,VALIDATE,2024-01-13 10:18:14.476704+00:00,2305,SUCCESS
ACT-0003622,INV-000496,6,CLOSE,2024-01-13 10:56:39.821316+00:00,847,
ACT-0003623,INV-000497,1,OPEN,2024-02-12 14:44:36.704177+00:00,61,
ACT-0003624,INV-000497,2,ASSET_LOOKUP,2024-02-12 14:45:38.323426+00:00,112,INCONCLUSIVE
ACT-0003625,INV-000497,3,EVENT_SEARCH,2024-02-12 14:47:30.935486+00:00,174,SUCCESS
ACT-0003626,INV-000497,4,CORRELATION,2024-02-12 14:50:25.633116+00:00,1648,SUCCESS
ACT-0003627,INV-000497,5,VALIDATE,2024-02-12 15:17:54.104926+00:00,1169,FAILED
ACT-0003628,INV-000497,6,CLOSE,2024-02-12 15:37:23.441462+00:00,1516,
ACT-0003629,INV-000498,1,OPEN,2024-03-13 09:57:30.169520+00:00,396,
ACT-0003630,INV-000498,2,ASSET_LOOKUP,2024-03-13 10:04:06.212779+00:00,457,SUCCESS
ACT-0003631,INV-000498,3,EVENT_SEARCH,2024-03-13 10:11:43.982950+00:00,397,FAILED
ACT-0003632,INV-000498,4,CORRELATION,2024-03-13 10:18:21.507261+00:00,933,SUCCESS
ACT-0003633,INV-000498,5,VALIDATE,2024-03-13 10:33:55.404887+00:00,295,SUCCESS
ACT-0003634,INV-000498,6,CLOSE,2024-03-13 10:38:51.327766+00:00,245,
ACT-0003635,INV-000499,1,OPEN,2024-04-13 00:15:53.957553+00:00,3127,
ACT-0003636,INV-000499,2,ASSET_LOOKUP,2024-04-13 01:08:01.784896+00:00,777,FAILED
ACT-0003637,INV-000499,3,EVENT_SEARCH,2024-04-13 01:20:59.306930+00:00,4170,SUCCESS
ACT-0003638,INV-000499,4,CORRELATION,2024-04-13 02:30:29.644388+00:00,544,SUCCESS
ACT-0003639,INV-000499,5,VALIDATE,2024-04-13 02:39:33.811197+00:00,1043,SUCCESS
ACT-0003640,INV-000499,6,CLOSE,2024-04-13 02:56:56.862534+00:00,2977,
ACT-0003641,INV-000500,1,OPEN,2024-05-13 09:58:19.615490+00:00,923,
ACT-0003642,INV-000500,2,ASSET_LOOKUP,2024-05-13 10:13:43.446727+00:00,204,SUCCESS
ACT-0003643,INV-000500,3,EVENT_SEARCH,2024-05-13 10:17:07.814888+00:00,1900,SUCCESS
ACT-0003644,INV-000500,4,CORRELATION,2024-05-13 10:48:48.062270+00:00,235,SUCCESS
ACT-0003645,INV-000500,5,VALIDATE,2024-05-13 10:52:43.578141+00:00,597,SUCCESS
ACT-0003646,INV-000500,6,CLOSE,2024-05-13 11:02:41.424671+00:00,995,
ACT-0003647,INV-000501,1,OPEN,2024-01-13 09:59:11.220458+00:00,1231,
ACT-0003648,INV-000501,2,ASSET_LOOKUP,2024-01-13 10:19:42.452684+00:00,526,SUCCESS
ACT-0003649,INV-000501,3,EVENT_SEARCH,2024-01-13 10:28:29.244925+00:00,3140,SUCCESS
ACT-0003650,INV-000501,4,CORRELATION,2024-01-13 11:20:49.276073+00:00,275,SUCCESS
ACT-0003651,INV-000501,5,VALIDATE,2024-01-13 11:25:25.171530+00:00,256,INCONCLUSIVE
ACT-0003652,INV-000501,6,CLOSE,2024-01-13 11:29:41.380470+00:00,17,
ACT-0003653,INV-000502,1,OPEN,2024-02-12 14:40:29.729904+00:00,644,
ACT-0003654,INV-000502,2,ASSET_LOOKUP,2024-02-12 14:51:13.921896+00:00,1352,SUCCESS
ACT-0003655,INV-000502,3,EVENT_SEARCH,2024-02-12 15:13:46.050424+00:00,4963,SUCCESS
ACT-0003656,INV-000502,4,CORRELATION,2024-02-12 16:36:29.819171+00:00,1095,SUCCESS
ACT-0003657,INV-000502,5,VALIDATE,2024-02-12 16:54:45.054968+00:00,6346,SUCCESS
ACT-0003658,INV-000502,6,CLOSE,2024-02-12 18:40:31.731032+00:00,4350,
ACT-0003659,INV-000503,1,OPEN,2024-03-13 10:04:59.796925+00:00,1496,
ACT-0003660,INV-000503,2,ASSET_LOOKUP,2024-03-13 10:29:55.879693+00:00,997,INCONCLUSIVE
ACT-0003661,INV-000503,3,EVENT_SEARCH,2024-03-13 10:46:32.905718+00:00,6108,INCONCLUSIVE
ACT-0003662,INV-000503,4,CORRELATION,2024-03-13 12:28:21.699177+00:00,185,SUCCESS
ACT-0003663,INV-000503,5,VALIDATE,2024-03-13 12:31:27.660622+00:00,1258,INCONCLUSIVE
ACT-0003664,INV-000503,6,CLOSE,2024-03-13 12:52:26.416950+00:00,703,
ACT-0003665,INV-000504,1,OPEN,2024-04-13 00:25:15.019880+00:00,4509,
ACT-0003666,INV-000504,2,ASSET_LOOKUP,2024-04-13 01:40:24.407894+00:00,158,SUCCESS
ACT-0003667,INV-000504,3,EVENT_SEARCH,2024-04-13 01:43:02.547774+00:00,2039,INCONCLUSIVE
ACT-0003668,INV-000504,4,CORRELATION,2024-04-13 02:17:02.299782+00:00,2054,SUCCESS
ACT-0003669,INV-000504,5,VALIDATE,2024-04-13 02:51:16.608524+00:00,1068,FAILED
ACT-0003670,INV-000504,6,CLOSE,2024-04-13 03:09:05.527188+00:00,1583,
ACT-0003671,INV-000505,1,OPEN,2024-05-13 09:46:21.674826+00:00,625,
ACT-0003672,INV-000505,2,ASSET_LOOKUP,2024-05-13 09:56:47.286145+00:00,2883,SUCCESS
ACT-0003673,INV-000505,3,EVENT_SEARCH,2024-05-13 10:44:51.265052+00:00,157,INCONCLUSIVE
ACT-0003674,INV-000505,4,CORRELATION,2024-05-13 10:47:28.988039+00:00,447,SUCCESS
ACT-0003675,INV-000505,5,VALIDATE,2024-05-13 10:54:56.400635+00:00,101,SUCCESS
ACT-0003676,INV-000505,6,CLOSE,2024-05-13 10:56:38.278949+00:00,252,
ACT-0003677,INV-000506,1,OPEN,2024-03-07 04:59:42.756629+00:00,100,
ACT-0003678,INV-000506,2,EVENT_SEARCH,2024-03-07 05:01:22.821248+00:00,76,SUCCESS
ACT-0003679,INV-000506,3,EVENT_SEARCH,2024-03-07 05:02:39.266369+00:00,1062,SUCCESS
ACT-0003680,INV-000506,4,EVENT_SEARCH,2024-03-07 05:20:21.926241+00:00,539,INCONCLUSIVE
ACT-0003681,INV-000506,5,CLOSE,2024-03-07 05:29:21.396846+00:00,21,
ACT-0003682,INV-000507,1,OPEN,2024-03-11 20:37:36.737837+00:00,195,
ACT-0003683,INV-000507,2,EVENT_SEARCH,2024-03-11 20:40:52.338404+00:00,30,INCONCLUSIVE
ACT-0003684,INV-000507,3,EVENT_SEARCH,2024-03-11 20:41:22.865594+00:00,856,SUCCESS
ACT-0003685,INV-000507,4,EVENT_SEARCH,2024-03-11 20:55:39.399980+00:00,394,SUCCESS
ACT-0003686,INV-000507,5,CLOSE,2024-03-11 21:02:14.055867+00:00,322,
ACT-0003687,INV-000508,1,OPEN,2024-03-16 12:15:28.230032+00:00,326,
ACT-0003688,INV-000508,2,EVENT_SEARCH,2024-03-16 12:20:54.276922+00:00,275,SUCCESS
ACT-0003689,INV-000508,3,EVENT_SEARCH,2024-03-16 12:25:30.248911+00:00,709,INCONCLUSIVE
ACT-0003690,INV-000508,4,EVENT_SEARCH,2024-03-16 12:37:20.111836+00:00,396,INCONCLUSIVE
ACT-0003691,INV-000508,5,CLOSE,2024-03-16 12:43:56.767336+00:00,91,
ACT-0003692,INV-000509,1,OPEN,2024-03-21 03:56:58.476791+00:00,420,
ACT-0003693,INV-000509,2,EVENT_SEARCH,2024-03-21 04:03:59.245707+00:00,437,SUCCESS
ACT-0003694,INV-000509,3,EVENT_SEARCH,2024-03-21 04:11:16.416602+00:00,298,SUCCESS
ACT-0003695,INV-000509,4,EVENT_SEARCH,2024-03-21 04:16:14.836598+00:00,12,INCONCLUSIVE
ACT-0003696,INV-000509,5,CLOSE,2024-03-21 04:16:27.612736+00:00,630,
ACT-0003697,INV-000510,1,OPEN,2024-04-11 12:11:56.798050+00:00,5788,
ACT-0003698,INV-000510,2,EVENT_SEARCH,2024-04-11 13:48:25.373109+00:00,2888,SUCCESS
ACT-0003699,INV-000510,3,CLOSE,2024-04-11 14:36:34.046277+00:00,911,
ACT-0003700,INV-000511,1,OPEN,2024-05-11 20:52:24.424681+00:00,90,
ACT-0003701,INV-000511,2,EVENT_SEARCH,2024-05-11 20:53:55.049276+00:00,1969,SUCCESS
ACT-0003702,INV-000511,3,CLOSE,2024-05-11 21:26:44.534374+00:00,6192,
ACT-0003703,INV-000512,1,OPEN,2024-06-11 12:23:21.766913+00:00,542,
ACT-0003704,INV-000512,2,EVENT_SEARCH,2024-06-11 12:32:24.032687+00:00,3905,SUCCESS
ACT-0003705,INV-000512,3,CLOSE,2024-06-11 13:37:29.432384+00:00,878,
