telemetry_id,entity_id,asset_id,period_start,period_end,category,event_count,activity_level,source_status,expected
TLM-000001,ENT-01,AST-00001,2024-01-01 00:00:00+00:00,2024-02-01 00:00:00+00:00,ENDPOINT_PROCESS,71349,1.1021,HEALTHY,True
TLM-000002,ENT-01,AST-00001,2024-02-01 00:00:00+00:00,2024-03-01 00:00:00+00:00,ENDPOINT_PROCESS,65264,1.0983,HEALTHY,True
TLM-000003,ENT-01,AST-00001,2024-03-01 00:00:00+00:00,2024-04-01 00:00:00+00:00,ENDPOINT_PROCESS,71152,1.1408,HEALTHY,True
TLM-000004,ENT-01,AST-00001,2024-04-01 00:00:00+00:00,2024-05-01 00:00:00+00:00,ENDPOINT_PROCESS,81970,0.9278,HEALTHY,True
TLM-000005,ENT-01,AST-00001,2024-05-01 00:00:00+00:00,2024-06-01 00:00:00+00:00,ENDPOINT_PROCESS,70469,1.2529,HEALTHY,True
TLM-000006,ENT-01,AST-00001,2024-06-01 00:00:00+00:00,2024-07-01 00:00:00+00:00,ENDPOINT_PROCESS,89097,1.0823,HEALTHY,True
TLM-000007,ENT-01,AST-00002,2024-01-01 00:00:00+00:00,2024-02-01 00:00:00+00:00,ENDPOINT_PROCESS,24961,0.9735,HEALTHY,True
TLM-000008,ENT-01,AST-00002,2024-02-01 00:00:00+00:00,2024-03-01 00:00:00+00:00,ENDPOINT_PROCESS,32655,1.0287,HEALTHY,True
TLM-000009,ENT-01,AST-00002,2024-03-01 00:00:00+00:00,2024-04-01 00:00:00+00:00,ENDPOINT_PROCESS,33736,0.9081,HEALTHY,True
TLM-000010,ENT-01,AST-00002,2024-04-01 00:00:00+00:00,2024-05-01 00:00:00+00:00,ENDPOINT_PROCESS,31279,1.4091,HEALTHY,True
TLM-000011,ENT-01,AST-00002,2024-05-01 00:00:00+00:00,2024-06-01 00:00:00+00:00,ENDPOINT_PROCESS,21296,1.206,HEALTHY,True
TLM-000012,ENT-01,AST-00002,2024-06-01 00:00:00+00:00,2024-07-01 00:00:00+00:00,ENDPOINT_PROCESS,28154,0.8129,HEALTHY,True
TLM-000013,ENT-01,AST-00003,2024-01-01 00:00:00+00:00,2024-02-01 00:00:00+00:00,ENDPOINT_PROCESS,47468,0.9146,HEALTHY,True
TLM-000014,ENT-01,AST-00003,2024-02-01 00:00:00+00:00,2024-03-01 00:00:00+00:00,ENDPOINT_PROCESS,54651,1.0595,HEALTHY,True
TLM-000015,ENT-01,AST-00003,2024-03-01 00:00:00+00:00,2024-04-01 00:00:00+00:00,ENDPOINT_PROCESS,75167,0.9547,HEALTHY,True
TLM-000016,ENT-01,AST-00003,2024-04-01 00:00:00+00:00,2024-05-01 00:00:00+00:00,ENDPOINT_PROCESS,76756,1.0819,HEALTHY,True
TLM-000017,ENT-01,AST-00003,2024-05-01 00:00:00+00:00,2024-06-01 00:00:00+00:00,ENDPOINT_PROCESS,52207,0.9236,HEALTHY,True
TLM-000018,ENT-01,AST-00003,2024-06-01 00:00:00+00:00,2024-07-01 00:00:00+00:00,ENDPOINT_PROCESS,43363,0.8698,HEALTHY,True
TLM-000019,ENT-01,AST-00004,2024-01-01 00:00:00+00:00,2024-02-01 00:00:00+00:00,CLOUD_AUDIT,14376,0.9381,HEALTHY,True
TLM-000020,ENT-01,AST-00004,2024-02-01 00:00:00+00:00,2024-03-01 00:00:00+00:00,CLOUD_AUDIT,10512,1.0642,HEALTHY,True
TLM-000021,ENT-01,AST-00004,2024-03-01 00:00:00+00:00,2024-04-01 00:00:00+00:00,CLOUD_AUDIT,13444,0.9608,HEALTHY,True
TLM-000022,ENT-01,AST-00004,2024-04-01 00:00:00+00:00,2024-05-01 00:00:00+00:00,CLOUD_AUDIT,12384,0.9609,HEALTHY,True
TLM-000023,ENT-01,AST-00004,2024-05-01 00:00:00+00:00,2024-06-01 00:00:00+00:00,CLOUD_AUDIT,9246,1.1365,HEALTHY,True
TLM-000024,ENT-01,AST-00004,2024-06-01 00:00:00+00:00,2024-07-01 00:00:00+00:00,CLOUD_AUDIT,13458,0.8665,HEALTHY,True
TLM-000025,ENT-01,AST-00005,2024-01-01 00:00:00+00:00,2024-02-01 00:00:00+00:00,CLOUD_AUDIT,35471,0.8404,HEALTHY,True
TLM-000026,ENT-01,AST-00005,2024-02-01 00:00:00+00:00,2024-03-01 00:00:00+00:00,CLOUD_AUDIT,48818,1.1407,DEGRADED,True
TLM-000027,ENT-01,AST-00005,2024-03-01 00:00:00+00:00,2024-04-01 00:00:00+00:00,CLOUD_AUDIT,50225,0.8184,HEALTHY,True
TLM-000028,ENT-01,AST-00005,2024-04-01 00:00:00+00:00,2024-05-01 00:00:00+00:00,CLOUD_AUDIT,43197,0.774,DEGRADED,True
TLM-000029,ENT-01,AST-00005,2024-05-01 00:00:00+00:00,2024-06-01 00:00:00+00:00,CLOUD_AUDIT,45125,1.2673,HEALTHY,True
TLM-000030,ENT-01,AST-00005,2024-06-01 00:00:00+00:00,2024-07-01 00:00:00+00:00,CLOUD_AUDIT,47564,0.8652,HEALTHY,True
TLM-000031,ENT-01,AST-00006,2024-01-01 00:00:00+00:00,2024-02-01 00:00:00+00:00,CLOUD_AUDIT,27029,0.9194,HEALTHY,True
TLM-000032,ENT-01,AST-00006,2024-02-01 00:00:00+00:00,2024-03-01 00:00:00+00:00,CLOUD_AUDIT,21360,0.9649,HEALTHY,True
TLM-000033,ENT-01,AST-00006,2024-03-01 00:00:00+00:00,2024-04-01 00:00:00+00:00,CLOUD_AUDIT,25934,0.9132,HEALTHY,True
TLM-000034,ENT-01,AST-00006,2024-04-01 00:00:00+00:00,2024-05-01 00:00:00+00:00,CLOUD_AUDIT,37116,0.9617,HEALTHY,True
TLM-000035,ENT-01,AST-00006,2024-05-01 00:00:00+00:00,2024-06-01 00:00:00+00:00,CLOUD_AUDIT,26567,1.3135,HEALTHY,True
TLM-000036,ENT-01,AST-00006,2024-06-01 00:00:00+00:00,2024-07-01 00:00:00+00:00,CLOUD_AUDIT,33973,1.0784,HEALTHY,True
TLM-000037,ENT-01,AST-00007,2024-01-01 00:00:00+00:00,2024-02-01 00:00:00+00:00,ENDPOINT_PROCESS,14486,1.1363,HEALTHY,True
TLM-000038,ENT-01,AST-00007,2024-02-01 00:00:00+00:00,2024-03-01 00:00:00+00:00,ENDPOINT_PROCESS,17714,0.9634,HEALTHY,True
TLM-000039,ENT-01,AST-00007,2024-03-01 00:00:00+00:00,2024-04-01 00:00:00+00:00,ENDPOINT_PROCESS,14621,0.9823,HEALTHY,True
TLM-000040,ENT-01,AST-00007,2024-04-01 00:00:00+00:00,2024-05-01 00:00:00+00:00,ENDPOINT_PROCESS,23385,0.8339,HEALTHY,True
TLM-000041,ENT-01,AST-00007,2024-05-01 00:00:00+00:00,2024-06-01 00:00:00+00:00,ENDPOINT_PROCESS,18412,1.0645,HEALTHY,True
TLM-000042,ENT-01,AST-00007,2024-06-01 00:00:00+00:00,2024-07-01 00:00:00+00:00,ENDPOINT_PROCESS,24083,1.2921,HEALTHY,True
TLM-000043,ENT-01,AST-00008,2024-01-01 00:00:00+00:00,2024-02-01 00:00:00+00:00,ENDPOINT_PROCESS,31588,0.7055,HEALTHY,True
TLM-000044,ENT-01,AST-00008,2024-02-01 00:00:00+00:00,2024-03-01 00:00:00+00:00,ENDPOINT_PROCESS,26816,0.9429,HEALTHY,True
TLM-000045,ENT-01,AST-00008,2024-03-01 00:00:00+00:00,2024-04-01 00:00:00+00:00,ENDPOINT_PROCESS,27716,1.0504,HEALTHY,True
TLM-000046,ENT-01,AST-00008,2024-04-01 00:00:00+00:00,2024-05-01 00:00:00+00:00,ENDPOINT_PROCESS,31753,1.062,HEALTHY,True
TLM-000047,ENT-01,AST-00008,2024-05-01 00:00:00+00:00,2024-06-01 00:00:00+00:00,ENDPOINT_PROCESS,28836,0.9961,HEALTHY,True
TLM-000048,ENT-01,AST-00008,2024-06-01 00:00:00+00:00,2024-07-01 00:00:00+00:00,ENDPOINT_PROCESS,37206,0.8654,HEALTHY,True
TLM-000049,ENT-01,AST-00009,2024-01-01 00:00:00+00:00,2024-02-01 00:00:00+00:00,ENDPOINT_PROCESS,15328,1.0111,HEALTHY,True
TLM-000050,ENT-01,AST-00009,2024-02-01 00:00:00+00:00,2024-03-01 00:00:00+00:00,ENDPOINT_PROCESS,20197,1.2515,HEALTHY,True
TLM-000051,ENT-01,AST-00009,2024-03-01 00:00:00+00:00,2024-04-01 00:00:00+00:00,ENDPOINT_PROCESS,18686,1.0931,HEALTHY,True
TLM-000052,ENT-01,AST-00009,2024-04-01 00:00:00+00:00,2024-05-01 00:00:00+00:00,ENDPOINT_PROCESS,20583,0.7582,HEALTHY,True
TLM-000053,ENT-01,AST-00009,2024-05-01 00:00:00+00:00,2024-06-01 00:00:00+00:00,ENDPOINT_PROCESS,14870,1.0503,HEALTHY,True
TLM-000054,ENT-01,AST-00009,2024-06-01 00:00:00+00:00,2024-07-01 00:00:00+00:00,ENDPOINT_PROCESS,17133,0.8125,HEALTHY,True
TLM-000055,ENT-01,AST-00010,2024-01-01 00:00:00+00:00,2024-02-01 00:00:00+00:00,ENDPOINT_PROCESS,33928,0.8314,HEALTHY,True
TLM-000056,ENT-01,AST-00010,2024-02-01 00:00:00+00:00,2024-03-01 00:00:00+00:00,ENDPOINT_PROCESS,30789,1.0914,HEALTHY,True
TLM-000057,ENT-01,AST-00010,2024-03-01 00:00:00+00:00,2024-04-01 00:00:00+00:00,ENDPOINT_PROCESS,32809,1.0814,HEALTHY,True
TLM-000058,ENT-01,AST-00010,2024-04-01 00:00:00+00:00,2024-05-01 00:00:00+00:00,ENDPOINT_PROCESS,36849,1.1232,HEALTHY,True
TLM-000059,ENT-01,AST-00010,2024-05-01 00:00:00+00:00,2024-06-01 00:00:00+00:00,ENDPOINT_PROCESS,32425,0.9786,HEALTHY,True
TLM-000060,ENT-01,AST-00010,2024-06-01 00:00:00+00:00,2024-07-01 00:00:00+00:00,ENDPOINT_PROCESS,41293,0.7165,HEALTHY,True
TLM-000061,ENT-01,AST-00012,2024-01-01 00:00:00+00:00,2024-02-01 00:00:00+00:00,CLOUD_AUDIT,8428,0.7083,HEALTHY,True
TLM-000062,ENT-01,AST-00012,2024-02-01 00:00:00+00:00,2024-03-01 00:00:00+00:00,CLOUD_AUDIT,12509,1.2359,HEALTHY,True
TLM-000063,ENT-01,AST-00012,2024-03-01 00:00:00+00:00,2024-04-01 00:00:00+00:00,CLOUD_AUDIT,9073,1.143,HEALTHY,True
TLM-000064,ENT-01,AST-00012,2024-04-01 00:00:00+00:00,2024-05-01 00:00:00+00:00,CLOUD_AUDIT,11812,1.2417,HEALTHY,True
TLM-000065,ENT-01,AST-00012,2024-05-01 00:00:00+00:00,2024-06-01 00:00:00+00:00,CLOUD_AUDIT,11113,1.2914,HEALTHY,True
TLM-000066,ENT-01,AST-00012,2024-06-01 00:00:00+00:00,2024-07-01 00:00:00+00:00,CLOUD_AUDIT,12545,1.1048,HEALTHY,True
TLM-000067,ENT-01,AST-00013,2024-01-01 00:00:00+00:00,2024-02-01 00:00:00+00:00,ENDPOINT_PROCESS,36832,0.9873,HEALTHY,True
TLM-000068,ENT-01,AST-00013,2024-02-01 00:00:00+00:00,2024-03-01 00:00:00+00:00,ENDPOINT_PROCESS,45138,1.0106,HEALTHY,True
TLM-000069,ENT-01,AST-00013,2024-03-01 00:00:00+00:00,2024-04-01 00:00:00+00:00,ENDPOINT_PROCESS,56863,0.9401,HEALTHY,True
TLM-000070,ENT-01,AST-00013,2024-04-01 00:00:00+00:00,2024-05-01 00:00:00+00:00,ENDPOINT_PROCESS,51575,1.1173,HEALTHY,True
TLM-000071,ENT-01,AST-00013,2024-05-01 00:00:00+00:00,2024-06-01 00:00:00+00:00,ENDPOINT_PROCESS,45579,0.6202,HEALTHY,True
TLM-000072,ENT-01,AST-00013,2024-06-01 00:00:00+00:00,2024-07-01 00:00:00+00:00,ENDPOINT_PROCESS,53011,1.1774,HEALTHY,True
TLM-000073,ENT-01,AST-00014,2024-01-01 00:00:00+00:00,2024-02-01 00:00:00+00:00,ENDPOINT_PROCESS,15317,0.9741,HEALTHY,True
TLM-000074,ENT-01,AST-00014,2024-02-01 00:00:00+00:00,2024-03-01 00:00:00+00:00,ENDPOINT_PROCESS,19109,1.0409,HEALTHY,True
TLM-000075,ENT-01,AST-00014,2024-03-01 00:00:00+00:00,2024-04-01 00:00:00+00:00,ENDPOINT_PROCESS,24428,0.9482,DEGRADED,True
TLM-000076,ENT-01,AST-00014,2024-04-01 00:00:00+00:00,2024-05-01 00:00:00+00:00,ENDPOINT_PROCESS,13575,0.7591,HEALTHY,True
TLM-000077,ENT-01,AST-00014,2024-05-01 00:00:00+00:00,2024-06-01 00:00:00+00:00,ENDPOINT_PROCESS,15642,0.8318,HEALTHY,True
TLM-000078,ENT-01,AST-00014,2024-06-01 00:00:00+00:00,2024-07-01 00:00:00+00:00,ENDPOINT_PROCESS,16331,0.9272,HEALTHY,True
TLM-000079,ENT-01,AST-00015,2024-01-01 00:00:00+00:00,2024-02-01 00:00:00+00:00,AUTHENTICATION,27810,0.854,HEALTHY,True
TLM-000080,ENT-01,AST-00015,2024-02-01 00:00:00+00:00,2024-03-01 00:00:00+00:00,AUTHENTICATION,30830,1.0031,HEALTHY,True
TLM-000081,ENT-01,AST-00015,2024-03-01 00:00:00+00:00,2024-04-01 00:00:00+00:00,AUTHENTICATION,37146,1.1828,HEALTHY,True
TLM-000082,ENT-01,AST-00015,2024-04-01 00:00:00+00:00,2024-05-01 00:00:00+00:00,AUTHENTICATION,49216,0.7993,HEALTHY,True
TLM-000083,ENT-01,AST-00015,2024-05-01 00:00:00+00:00,2024-06-01 00:00:00+00:00,AUTHENTICATION,23535,1.228,HEALTHY,True
TLM-000084,ENT-01,AST-00015,2024-06-01 00:00:00+00:00,2024-07-01 00:00:00+00:00,AUTHENTICATION,36878,0.8193,HEALTHY,True
TLM-000085,ENT-01,AST-00016,2024-01-01 00:00:00+00:00,2024-02-01 00:00:00+00:00,ENDPOINT_PROCESS,16721,1.0429,HEALTHY,True
TLM-000086,ENT-01,AST-00016,2024-02-01 00:00:00+00:00,2024-03-01 00:00:00+00:00,ENDPOINT_PROCESS,15087,1.0056,HEALTHY,True
TLM-000087,ENT-01,AST-00016,2024-03-01 00:00:00+00:00,2024-04-01 00:00:00+00:00,ENDPOINT_PROCESS,17293,0.9697,HEALTHY,True
TLM-000088,ENT-01,AST-00016,2024-04-01 00:00:00+00:00,2024-05-01 00:00:00+00:00,ENDPOINT_PROCESS,17218,0.8847,HEALTHY,True
TLM-000089,ENT-01,AST-00016,2024-05-01 00:00:00+00:00,2024-06-01 00:00:00+00:00,ENDPOINT_PROCESS,14798,1.1235,HEALTHY,True
TLM-000090,ENT-01,AST-00016,2024-06-01 00:00:00+00:00,2024-07-01 00:00:00+00:00,ENDPOINT_PROCESS,27962,1.0175,HEALTHY,True
TLM-000091,ENT-01,AST-00018,2024-01-01 00:00:00+00:00,2024-02-01 00:00:00+00:00,ENDPOINT_PROCESS,48564,1.0118,HEALTHY,True
TLM-000092,ENT-01,AST-00018,2024-02-01 00:00:00+00:00,2024-03-01 00:00:00+00:00,ENDPOINT_PROCESS,38202,0.8932,HEALTHY,True
TLM-000093,ENT-01,AST-00018,2024-03-01 00:00:00+00:00,2024-04-01 00:00:00+00:00,ENDPOINT_PROCESS,41852,0.7374,HEALTHY,True
TLM-000094,ENT-01,AST-00018,2024-04-01 00:00:00+00:00,2024-05-01 00:00:00+00:00,ENDPOINT_PROCESS,47268,1.0355,HEALTHY,True
TLM-000095,ENT-01,AST-00018,2024-05-01 00:00:00+00:00,2024-06-01 00:00:00+00:00,ENDPOINT_PROCESS,49928,0.698,HEALTHY,True
TLM-000096,ENT-01,AST-00018,2024-06-01 00:00:00+00:00,2024-07-01 00:00:00+00:00,ENDPOINT_PROCESS,40269,1.1198,HEALTHY,True
TLM-000097,ENT-01,AST-00019,2024-01-01 00:00:00+00:00,2024-02-01 00:00:00+00:00,ENDPOINT_PROCESS,19123,1.3468,HEALTHY,True
TLM-000098,ENT-01,AST-00019,2024-02-01 00:00:00+00:00,2024-03-01 00:00:00+00:00,ENDPOINT_PROCESS,18206,0.8658,HEALTHY,True
TLM-000099,ENT-01,AST-00019,2024-03-01 00:00:00+00:00,2024-04-01 00:00:00+00:00,ENDPOINT_PROCESS,15226,1.1348,HEALTHY,True
TLM-000100,ENT-01,AST-00019,2024-04-01 00:00:00+00:00,2024-05-01 00:00:00+00:00,ENDPOINT_PROCESS,22551,0.8775,HEALTHY,True
TLM-000101,ENT-01,AST-00019,2024-05-01 00:00:00+00:00,2024-06-01 00:00:00+00:00,ENDPOINT_PROCESS,22556,1.0144,DEGRADED,True
TLM-000102,ENT-01,AST-00019,2024-06-01 00:00:00+00:00,2024-07-01 00:00:00+00:00,ENDPOINT_PROCESS,24022,1.1981,HEALTHY,True
TLM-000103,ENT-01,AST-00020,2024-01-01 00:00:00+00:00,2024-02-01 00:00:00+00:00,CLOUD_AUDIT,13252,0.9854,HEALTHY,True
TLM-000104,ENT-01,AST-00020,2024-02-01 00:00:00+00:00,2024-03-01 00:00:00+00:00,CLOUD_AUDIT,9545,1.2791,DEGRADED,True
TLM-000105,ENT-01,AST-00020,2024-03-01 00:00:00+00:00,2024-04-01 00:00:00+00:00,CLOUD_AUDIT,11230,0.8128,HEALTHY,True
TLM-000106,ENT-01,AST-00020,2024-04-01 00:00:00+00:00,2024-05-01 00:00:00+00:00,CLOUD_AUDIT,11182,1.0466,HEALTHY,True
TLM-000107,ENT-01,AST-00020,2024-05-01 00:00:00+00:00,2024-06-01 00:00:00+00:00,CLOUD_AUDIT,10129,1.0108,HEALTHY,True
TLM-000108,ENT-01,AST-00020,2024-06-01 00:00:00+00:00,2024-07-01 00:00:00+00:00,CLOUD_AUDIT,16751,1.1099,HEALTHY,True
TLM-000109,ENT-01,AST-00021,2024-01-01 00:00:00+00:00,2024-02-01 00:00:00+00:00,ENDPOINT_PROCESS,28852,1.0083,HEALTHY,True
TLM-000110,ENT-01,AST-00021,2024-02-01 00:00:00+00:00,2024-03-01 00:00:00+00:00,ENDPOINT_PROCESS,30283,0.7983,HEALTHY,True
TLM-000111,ENT-01,AST-00021,2024-03-01 00:00:00+00:00,2024-04-01 00:00:00+00:00,ENDPOINT_PROCESS,34159,1.0494,HEALTHY,True
TLM-000112,ENT-01,AST-00021,2024-04-01 00:00:00+00:00,2024-05-01 00:00:00+00:00,ENDPOINT_PROCESS,37336,0.8331,HEALTHY,True
TLM-000113,ENT-01,AST-00021,2024-05-01 00:00:00+00:00,2024-06-01 00:00:00+00:00,ENDPOINT_PROCESS,27637,1.0241,DEGRADED,True
TLM-000114,ENT-01,AST-00021,2024-06-01 00:00:00+00:00,2024-07-01 00:00:00+00:00,ENDPOINT_PROCESS,35741,0.7834,HEALTHY,True
TLM-000115,ENT-01,AST-00022,2024-01-01 00:00:00+00:00,2024-02-01 00:00:00+00:00,CLOUD_AUDIT,14264,0.8229,HEALTHY,True
TLM-000116,ENT-01,AST-00022,2024-02-01 00:00:00+00:00,2024-03-01 00:00:00+00:00,CLOUD_AUDIT,15186,0.8766,HEALTHY,True
TLM-000117,ENT-01,AST-00022,2024-03-01 00:00:00+00:00,2024-04-01 00:00:00+00:00,CLOUD_AUDIT,18409,1.1754,HEALTHY,True
TLM-000118,ENT-01,AST-00022,2024-04-01 00:00:00+00:00,2024-05-01 00:00:00+00:00,CLOUD_AUDIT,21891,0.9955,HEALTHY,True
TLM-000119,ENT-01,AST-00022,2024-05-01 00:00:00+00:00,2024-06-01 00:00:00+00:00,CLOUD_AUDIT,18488,1.0444,HEALTHY,True
TLM-000120,ENT-01,AST-00022,2024-06-01 00:00:00+00:00,2024-07-01 00:00:00+00:00,CLOUD_AUDIT,17323,0.8782,HEALTHY,True
TLM-000121,ENT-01,AST-00023,2024-01-01 00:00:00+00:00,2024-02-01 00:00:00+00:00,CLOUD_AUDIT,24114,0.7751,HEALTHY,True
TLM-000122,ENT-01,AST-00023,2024-02-01 00:00:00+00:00,2024-03-01 00:00:00+00:00,CLOUD_AUDIT,24174,1.1055,HEALTHY,True
TLM-000123,ENT-01,AST-00023,2024-03-01 00:00:00+00:00,2024-04-01 00:00:00+00:00,CLOUD_AUDIT,29174,1.1773,HEALTHY,True
TLM-000124,ENT-01,AST-00023,2024-04-01 00:00:00+00:00,2024-05-01 00:00:00+00:00,CLOUD_AUDIT,39244,1.0743,HEALTHY,True
TLM-000125,ENT-01,AST-00023,2024-05-01 00:00:00+00:00,2024-06-01 00:00:00+00:00,CLOUD_AUDIT,29356,1.007,HEALTHY,True
TLM-000126,ENT-01,AST-00023,2024-06-01 00:00:00+00:00,2024-07-01 00:00:00+00:00,CLOUD_AUDIT,32522,0.9173,HEALTHY,True
TLM-000127,ENT-01,AST-00025,2024-01-01 00:00:00+00:00,2024-02-01 00:00:00+00:00,AUTHENTICATION,29213,1.0528,HEALTHY,True
TLM-000128,ENT-01,AST-00025,2024-02-01 00:00:00+00:00,2024-03-01 00:00:00+00:00,AUTHENTICATION,40973,0.9745,HEALTHY,True
TLM-000129,ENT-01,AST-00025,2024-03-01 00:00:00+00:00,2024-04-01 00:00:00+00:00,AUTHENTICATION,25212,0.782,HEALTHY,True
TLM-000130,ENT-01,AST-00025,2024-04-01 00:00:00+00:00,2024-05-01 00:00:00+00:00,AUTHENTICATION,24781,0.8352,HEALTHY,True
TLM-000131,ENT-01,AST-00025,2024-05-01 00:00:00+00:00,2024-06-01 00:00:00+00:00,AUTHENTICATION,34898,1.006,HEALTHY,True
TLM-000132,ENT-01,AST-00025,2024-06-01 00:00:00+00:00,2024-07-01 00:00:00+00:00,AUTHENTICATION,41913,0.9526,HEALTHY,True
TLM-000133,ENT-01,AST-00026,2024-01-01 00:00:00+00:00,2024-02-01 00:00:00+00:00,CLOUD_AUDIT,10846,0.9026,HEALTHY,True
TLM-000134,ENT-01,AST-00026,2024-02-01 00:00:00+00:00,2024-03-01 00:00:00+00:00,CLOUD_AUDIT,14192,1.1833,HEALTHY,True
TLM-000135,ENT-01,AST-00026,2024-03-01 00:00:00+00:00,2024-04-01 00:00:00+00:00,CLOUD_AUDIT,9860,1.0188,HEALTHY,True
TLM-000136,ENT-01,AST-00026,2024-04-01 00:00:00+00:00,2024-05-01 00:00:00+00:00,CLOUD_AUDIT,11017,1.1215,HEALTHY,True
TLM-000137,ENT-01,AST-00026,2024-05-01 00:00:00+00:00,2024-06-01 00:00:00+00:00,CLOUD_AUDIT,9436,1.0569,HEALTHY,True
TLM-000138,ENT-01,AST-00026,2024-06-01 00:00:00+00:00,2024-07-01 00:00:00+00:00,CLOUD_AUDIT,14219,0.8643,HEALTHY,True
TLM-000139,ENT-01,AST-00028,2024-01-01 00:00:00+00:00,2024-02-01 00:00:00+00:00,CLOUD_AUDIT,16521,1.1293,HEALTHY,True
TLM-000140,ENT-01,AST-00028,2024-02-01 00:00:00+00:00,2024-03-01 00:00:00+00:00,CLOUD_AUDIT,17459,1.1107,HEALTHY,True
TLM-000141,ENT-01,AST-00028,2024-03-01 00:00:00+00:00,2024-04-01 00:00:00+00:00,CLOUD_AUDIT,21277,0.9858,HEALTHY,True
TLM-000142,ENT-01,AST-00028,2024-04-01 00:00:00+00:00,2024-05-01 00:00:00+00:00,CLOUD_AUDIT,19180,0.8354,HEALTHY,True
TLM-000143,ENT-01,AST-00028,2024-05-01 00:00:00+00:00,2024-06-01 00:00:00+00:00,CLOUD_AUDIT,16595,1.0394,HEALTHY,True
TLM-000144,ENT-01,AST-00028,2024-06-01 00:00:00+00:00,2024-07-01 00:00:00+00:00,CLOUD_AUDIT,25391,1.1029,HEALTHY,True
TLM-000145,ENT-01,AST-00029,2024-01-01 00:00:00+00:00,2024-02-01 00:00:00+00:00,CLOUD_AUDIT,8367,1.0256,HEALTHY,True
TLM-000146,ENT-01,AST-00029,2024-02-01 00:00:00+00:00,2024-03-01 00:00:00+00:00,CLOUD_AUDIT,11545,0.9075,HEALTHY,True
TLM-000147,ENT-01,AST-00029,2024-03-01 00:00:00+00:00,2024-04-01 00:00:00+00:00,CLOUD_AUDIT,15059,0.8667,HEALTHY,True
TLM-000148,ENT-01,AST-00029,2024-04-01 00:00:00+00:00,2024-05-01 00:00:00+00:00,CLOUD_AUDIT,16332,1.112,HEALTHY,True
TLM-000149,ENT-01,AST-00029,2024-05-01 00:00:00+00:00,2024-06-01 00:00:00+00:00,CLOUD_AUDIT,9167,0.7537,DEGRADED,True
TLM-000150,ENT-01,AST-00029,2024-06-01 00:00:00+00:00,2024-07-01 00:00:00+00:00,CLOUD_AUDIT,10741,1.0535,HEALTHY,True
TLM-000151,ENT-01,AST-00030,2024-01-01 00:00:00+00:00,2024-02-01 00:00:00+00:00,ENDPOINT_PROCESS,18906,1.0767,HEALTHY,True
TLM-000152,ENT-01,AST-00030,2024-02-01 00:00:00+00:00,2024-03-01 00:00:00+00:00,ENDPOINT_PROCESS,20453,1.2154,HEALTHY,True
TLM-000153,ENT-01,AST-00030,2024-03-01 00:00:00+00:00,2024-04-01 00:00:00+00:00,ENDPOINT_PROCESS,12039,0.6649,HEALTHY,True
TLM-000154,ENT-01,AST-00030,2024-04-01 00:00:00+00:00,2024-05-01 00:00:00+00:00,ENDPOINT_PROCESS,18861,0.8134,HEALTHY,True
TLM-000155,ENT-01,AST-00030,2024-05-01 00:00:00+00:00,2024-06-01 00:00:00+00:00,ENDPOINT_PROCESS,21953,1.1934,HEALTHY,True
TLM-000156,ENT-01,AST-00030,2024-06-01 00:00:00+00:00,2024-07-01 00:00:00+00:00,ENDPOINT_PROCESS,17305,1.0305,HEALTHY,True
TLM-000157,ENT-01,AST-00031,2024-01-01 00:00:00+00:00,2024-02-01 00:00:00+00:00,ENDPOINT_PROCESS,38830,1.3212,HEALTHY,True
TLM-000158,ENT-01,AST-00031,2024-02-01 00:00:00+00:00,2024-03-01 00:00:00+00:00,ENDPOINT_PROCESS,38646,1.1793,HEALTHY,True
TLM-000159,ENT-01,AST-00031,2024-03-01 00:00:00+00:00,2024-04-01 00:00:00+00:00,ENDPOINT_PROCESS,48524,0.8355,HEALTHY,True
TLM-000160,ENT-01,AST-00031,2024-04-01 00:00:00+00:00,2024-05-01 00:00:00+00:00,ENDPOINT_PROCESS,50486,0.9554,HEALTHY,True
TLM-000161,ENT-01,AST-00031,2024-05-01 00:00:00+00:00,2024-06-01 00:00:00+00:00,ENDPOINT_PROCESS,55551,0.9061,HEALTHY,True
TLM-000162,ENT-01,AST-00031,2024-06-01 00:00:00+00:00,2024-07-01 00:00:00+00:00,ENDPOINT_PROCESS,44539,0.823,HEALTHY,True
TLM-000163,ENT-01,AST-00032,2024-01-01 00:00:00+00:00,2024-02-01 00:00:00+00:00,ENDPOINT_PROCESS,41785,1.1116,HEALTHY,True
TLM-000164,ENT-01,AST-00032,2024-02-01 00:00:00+00:00,2024-03-01 00:00:00+00:00,ENDPOINT_PROCESS,56727,0.9381,HEALTHY,True
TLM-000165,ENT-01,AST-00032,2024-03-01 00:00:00+00:00,2024-04-01 00:00:00+00:00,ENDPOINT_PROCESS,57095,0.6419,HEALTHY,True
TLM-000166,ENT-01,AST-00032,2024-04-01 00:00:00+00:00,2024-05-01 00:00:00+00:00,ENDPOINT_PROCESS,61245,0.8333,DEGRADED,True
TLM-000167,ENT-01,AST-00032,2024-05-01 00:00:00+00:00,2024-06-01 00:00:00+00:00,ENDPOINT_PROCESS,55828,1.1281,HEALTHY,True
TLM-000168,ENT-01,AST-00032,2024-06-01 00:00:00+00:00,2024-07-01 00:00:00+00:00,ENDPOINT_PROCESS,55086,0.8873,HEALTHY,True
TLM-000169,ENT-01,AST-00033,2024-01-01 00:00:00+00:00,2024-02-01 00:00:00+00:00,ENDPOINT_PROCESS,32752,1.1868,HEALTHY,True
TLM-000170,ENT-01,AST-00033,2024-02-01 00:00:00+00:00,2024-03-01 00:00:00+00:00,ENDPOINT_PROCESS,28744,1.2677,HEALTHY,True
TLM-000171,ENT-01,AST-00033,2024-03-01 00:00:00+00:00,2024-04-01 00:00:00+00:00,ENDPOINT_PROCESS,41409,1.2262,HEALTHY,True
TLM-000172,ENT-01,AST-00033,2024-04-01 00:00:00+00:00,2024-05-01 00:00:00+00:00,ENDPOINT_PROCESS,35733,1.1114,HEALTHY,True
TLM-000173,ENT-01,AST-00033,2024-05-01 00:00:00+00:00,2024-06-01 00:00:00+00:00,ENDPOINT_PROCESS,28154,0.8051,HEALTHY,True
TLM-000174,ENT-01,AST-00033,2024-06-01 00:00:00+00:00,2024-07-01 00:00:00+00:00,ENDPOINT_PROCESS,27960,0.8766,HEALTHY,True
TLM-000175,ENT-01,AST-00034,2024-01-01 00:00:00+00:00,2024-02-01 00:00:00+00:00,CLOUD_AUDIT,26284,0.7443,HEALTHY,True
TLM-000176,ENT-01,AST-00034,2024-02-01 00:00:00+00:00,2024-03-01 00:00:00+00:00,CLOUD_AUDIT,28360,1.2263,HEALTHY,True
TLM-000177,ENT-01,AST-00034,2024-03-01 00:00:00+00:00,2024-04-01 00:00:00+00:00,CLOUD_AUDIT,33579,0.9033,HEALTHY,True
TLM-000178,ENT-01,AST-00034,2024-04-01 00:00:00+00:00,2024-05-01 00:00:00+00:00,CLOUD_AUDIT,29181,0.9542,HEALTHY,True
TLM-000179,ENT-01,AST-00034,2024-05-01 00:00:00+00:00,2024-06-01 00:00:00+00:00,CLOUD_AUDIT,30321,1.1951,DEGRADED,True
TLM-000180,ENT-01,AST-00034,2024-06-01 00:00:00+00:00,2024-07-01 00:00:00+00:00,CLOUD_AUDIT,35276,0.9328,HEALTHY,True
TLM-000181,ENT-01,AST-00035,2024-01-01 00:00:00+00:00,2024-02-01 00:00:00+00:00,CLOUD_AUDIT,15691,0.86,HEALTHY,True
TLM-000182,ENT-01,AST-00035,2024-02-01 00:00:00+00:00,2024-03-01 00:00:00+00:00,CLOUD_AUDIT,17336,0.9351,HEALTHY,True
TLM-000183,ENT-01,AST-00035,2024-03-01 00:00:00+00:00,2024-04-01 00:00:00+00:00,CLOUD_AUDIT,19928,1.0652,HEALTHY,True
TLM-000184,ENT-01,AST-00035,2024-04-01 00:00:00+00:00,2024-05-01 00:00:00+00:00,CLOUD_AUDIT,16128,0.9195,HEALTHY,True
TLM-000185,ENT-01,AST-00035,2024-05-01 00:00:00+00:00,2024-06-01 00:00:00+00:00,CLOUD_AUDIT,19129,1.129,DEGRADED,True
TLM-000186,ENT-01,AST-00035,2024-06-01 00:00:00+00:00,2024-07-01 00:00:00+00:00,CLOUD_AUDIT,23621,0.9936,HEALTHY,True
TLM-000187,ENT-01,AST-00036,2024-01-01 00:00:00+00:00,2024-02-01 00:00:00+00:00,AUTHENTICATION,13950,1.1178,HEALTHY,True
TLM-000188,ENT-01,AST-00036,2024-02-01 00:00:00+00:00,2024-03-01 00:00:00+00:00,AUTHENTICATION,13090,1.0267,HEALTHY,True
TLM-000189,ENT-01,AST-00036,2024-03-01 00:00:00+00:00,2024-04-01 00:00:00+00:00,AUTHENTICATION,12985,0.7721,HEALTHY,True
TLM-000190,ENT-01,AST-00036,2024-04-01 00:00:00+00:00,2024-05-01 00:00:00+00:00,AUTHENTICATION,10432,0.781,HEALTHY,True
TLM-000191,ENT-01,AST-00036,2024-05-01 00:00:00+00:00,2024-06-01 00:00:00+00:00,AUTHENTICATION,14967,1.1457,HEALTHY,True
TLM-000192,ENT-01,AST-00036,2024-06-01 00:00:00+00:00,2024-07-01 00:00:00+00:00,AUTHENTICATION,11864,0.7527,HEALTHY,True
TLM-000193,ENT-01,AST-00040,2024-01-01 00:00:00+00:00,2024-02-01 00:00:00+00:00,CLOUD_AUDIT,25453,1.1596,HEALTHY,True
TLM-000194,ENT-01,AST-00040,2024-02-01 00:00:00+00:00,2024-03-01 00:00:00+00:00,CLOUD_AUDIT,15380,1.2182,HEALTHY,True
TLM-000195,ENT-01,AST-00040,2024-03-01 00:00:00+00:00,2024-04-01 00:00:00+00:00,CLOUD_AUDIT,18748,0.9699,HEALTHY,True
TLM-000196,ENT-01,AST-00040,2024-04-01 00:00:00+00:00,2024-05-01 00:00:00+00:00,CLOUD_AUDIT,19182,1.249,HEALTHY,True
TLM-000197,ENT-01,AST-00040,2024-05-01 00:00:00+00:00,2024-06-01 00:00:00+00:00,CLOUD_AUDIT,18125,1.1308,HEALTHY,True
TLM-000198,ENT-01,AST-00040,2024-06-01 00:00:00+00:00,2024-07-01 00:00:00+00:00,CLOUD_AUDIT,17687,0.8435,HEALTHY,True
TLM-000199,ENT-01,AST-00043,2024-01-01 00:00:00+00:00,2024-02-01 00:00:00+00:00,ENDPOINT_PROCESS,22853,0.9803,HEALTHY,True
TLM-000200,ENT-01,AST-00043,2024-02-01 00:00:00+00:00,2024-03-01 00:00:00+00:00,ENDPOINT_PROCESS,29914,1.036,HEALTHY,True
TLM-000201,ENT-01,AST-00043,2024-03-01 00:00:00+00:00,2024-04-01 00:00:00+00:00,ENDPOINT_PROCESS,30495,0.9694,HEALTHY,True
TLM-000202,ENT-01,AST-00043,2024-04-01 00:00:00+00:00,2024-05-01 00:00:00+00:00,ENDPOINT_PROCESS,37581,0.9344,HEALTHY,True
TLM-000203,ENT-01,AST-00043,2024-05-01 00:00:00+00:00,2024-06-01 00:00:00+00:00,ENDPOINT_PROCESS,29922,0.7862,HEALTHY,True
TLM-000204,ENT-01,AST-00043,2024-06-01 00:00:00+00:00,2024-07-01 00:00:00+00:00,ENDPOINT_PROCESS,32707,1.1193,HEALTHY,True
TLM-000205,ENT-01,AST-00044,2024-01-01 00:00:00+00:00,2024-02-01 00:00:00+00:00,ENDPOINT_PROCESS,19042,0.9922,HEALTHY,True
TLM-000206,ENT-01,AST-00044,2024-02-01 00:00:00+00:00,2024-03-01 00:00:00+00:00,ENDPOINT_PROCESS,16273,0.8164,HEALTHY,True
TLM-000207,ENT-01,AST-00044,2024-03-01 00:00:00+00:00,2024-04-01 00:00:00+00:00,ENDPOINT_PROCESS,20619,1.2197,DEGRADED,True
TLM-000208,ENT-01,AST-00044,2024-04-01 00:00:00+00:00,2024-05-01 00:00:00+00:00,ENDPOINT_PROCESS,16497,0.8857,HEALTHY,True
TLM-000209,ENT-01,AST-00044,2024-05-01 00:00:00+00:00,2024-06-01 00:00:00+00:00,ENDPOINT_PROCESS,20775,0.8584,HEALTHY,True
TLM-000210,ENT-01,AST-00044,2024-06-01 00:00:00+00:00,2024-07-01 00:00:00+00:00,ENDPOINT_PROCESS,19724,1.592,HEALTHY,True
TLM-000211,ENT-01,AST-00045,2024-01-01 00:00:00+00:00,2024-02-01 00:00:00+00:00,ENDPOINT_PROCESS,24640,0.7713,DEGRADED,True
TLM-000212,ENT-01,AST-00045,2024-02-01 00:00:00+00:00,2024-03-01 00:00:00+00:00,ENDPOINT_PROCESS,29470,0.9609,HEALTHY,True
TLM-000213,ENT-01,AST-00045,2024-03-01 00:00:00+00:00,2024-04-01 00:00:00+00:00,ENDPOINT_PROCESS,27713,1.0336,HEALTHY,True
TLM-000214,ENT-01,AST-00045,2024-04-01 00:00:00+00:00,2024-05-01 00:00:00+00:00,ENDPOINT_PROCESS,34273,1.0257,HEALTHY,True
TLM-000215,ENT-01,AST-00045,2024-05-01 00:00:00+00:00,2024-06-01 00:00:00+00:00,ENDPOINT_PROCESS,31770,1.1895,HEALTHY,True
TLM-000216,ENT-01,AST-00045,2024-06-01 00:00:00+00:00,2024-07-01 00:00:00+00:00,ENDPOINT_PROCESS,34757,1.0515,DEGRADED,True
TLM-000217,ENT-01,AST-00046,2024-01-01 00:00:00+00:00,2024-02-01 00:00:00+00:00,ENDPOINT_PROCESS,29971,0.9193,HEALTHY,True
TLM-000218,ENT-01,AST-00046,2024-02-01 00:00:00+00:00,2024-03-01 00:00:00+00:00,ENDPOINT_PROCESS,30612,0.6166,DEGRADED,True
TLM-000219,ENT-01,AST-00046,2024-03-01 00:00:00+00:00,2024-04-01 00:00:00+00:00,ENDPOINT_PROCESS,24767,1.0367,HEALTHY,True
TLM-000220,ENT-01,AST-00046,2024-04-01 00:00:00+00:00,2024-05-01 00:00:00+00:00,ENDPOINT_PROCESS,35200,0.8661,HEALTHY,True
TLM-000221,ENT-01,AST-00046,2024-05-01 00:00:00+00:00,2024-06-01 00:00:00+00:00,ENDPOINT_PROCESS,28339,1.0309,HEALTHY,True
TLM-000222,ENT-01,AST-00046,2024-06-01 00:00:00+00:00,2024-07-01 00:00:00+00:00,ENDPOINT_PROCESS,37002,0.887,HEALTHY,True
TLM-000223,ENT-01,AST-00047,2024-01-01 00:00:00+00:00,2024-02-01 00:00:00+00:00,CLOUD_AUDIT,11597,0.65,DEGRADED,True
TLM-000224,ENT-01,AST-00047,2024-02-01 00:00:00+00:00,2024-03-01 00:00:00+00:00,CLOUD_AUDIT,10276,1.0163,HEALTHY,True
TLM-000225,ENT-01,AST-00047,2024-03-01 00:00:00+00:00,2024-04-01 00:00:00+00:00,CLOUD_AUDIT,13748,1.0669,HEALTHY,True
TLM-000226,ENT-01,AST-00047,2024-04-01 00:00:00+00:00,2024-05-01 00:00:00+00:00,CLOUD_AUDIT,12734,0.7548,HEALTHY,True
TLM-000227,ENT-01,AST-00047,2024-05-01 00:00:00+00:00,2024-06-01 00:00:00+00:00,CLOUD_AUDIT,8318,1.046,HEALTHY,True
TLM-000228,ENT-01,AST-00047,2024-06-01 00:00:00+00:00,2024-07-01 00:00:00+00:00,CLOUD_AUDIT,10960,1.1088,HEALTHY,True
TLM-000229,ENT-01,AST-00049,2024-01-01 00:00:00+00:00,2024-02-01 00:00:00+00:00,CLOUD_AUDIT,43614,1.1607,HEALTHY,True
TLM-000230,ENT-01,AST-00049,2024-02-01 00:00:00+00:00,2024-03-01 00:00:00+00:00,CLOUD_AUDIT,35747,1.2373,HEALTHY,True
TLM-000231,ENT-01,AST-00049,2024-03-01 00:00:00+00:00,2024-04-01 00:00:00+00:00,CLOUD_AUDIT,56758,0.9068,HEALTHY,True
TLM-000232,ENT-01,AST-00049,2024-04-01 00:00:00+00:00,2024-05-01 00:00:00+00:00,CLOUD_AUDIT,65585,1.0604,HEALTHY,True
TLM-000233,ENT-01,AST-00049,2024-05-01 00:00:00+00:00,2024-06-01 00:00:00+00:00,CLOUD_AUDIT,38030,0.964,HEALTHY,True
TLM-000234,ENT-01,AST-00049,2024-06-01 00:00:00+00:00,2024-07-01 00:00:00+00:00,CLOUD_AUDIT,45790,0.974,HEALTHY,True
TLM-000235,ENT-01,AST-00051,2024-01-01 00:00:00+00:00,2024-02-01 00:00:00+00:00,NETWORK_FLOW,19967,1.2165,HEALTHY,True
TLM-000236,ENT-01,AST-00051,2024-02-01 00:00:00+00:00,2024-03-01 00:00:00+00:00,NETWORK_FLOW,21876,1.0186,HEALTHY,True
TLM-000237,ENT-01,AST-00051,2024-03-01 00:00:00+00:00,2024-04-01 00:00:00+00:00,NETWORK_FLOW,25528,0.652,HEALTHY,True
TLM-000238,ENT-01,AST-00051,2024-04-01 00:00:00+00:00,2024-05-01 00:00:00+00:00,NETWORK_FLOW,20938,0.6665,HEALTHY,True
TLM-000239,ENT-01,AST-00051,2024-05-01 00:00:00+00:00,2024-06-01 00:00:00+00:00,NETWORK_FLOW,20277,1.0581,HEALTHY,True
TLM-000240,ENT-01,AST-00051,2024-06-01 00:00:00+00:00,2024-07-01 00:00:00+00:00,NETWORK_FLOW,35361,0.7855,HEALTHY,True
TLM-000241,ENT-01,AST-00053,2024-01-01 00:00:00+00:00,2024-02-01 00:00:00+00:00,ENDPOINT_PROCESS,37749,0.8442,DEGRADED,True
TLM-000242,ENT-01,AST-00053,2024-02-01 00:00:00+00:00,2024-03-01 00:00:00+00:00,ENDPOINT_PROCESS,31152,1.1251,HEALTHY,True
TLM-000243,ENT-01,AST-00053,2024-03-01 00:00:00+00:00,2024-04-01 00:00:00+00:00,ENDPOINT_PROCESS,30341,0.9117,HEALTHY,True
TLM-000244,ENT-01,AST-00053,2024-04-01 00:00:00+00:00,2024-05-01 00:00:00+00:00,ENDPOINT_PROCESS,30835,1.1035,HEALTHY,True
TLM-000245,ENT-01,AST-00053,2024-05-01 00:00:00+00:00,2024-06-01 00:00:00+00:00,ENDPOINT_PROCESS,27025,0.888,HEALTHY,True
TLM-000246,ENT-01,AST-00053,2024-06-01 00:00:00+00:00,2024-07-01 00:00:00+00:00,ENDPOINT_PROCESS,39954,1.0835,HEALTHY,True
TLM-000247,ENT-01,AST-00054,2024-01-01 00:00:00+00:00,2024-02-01 00:00:00+00:00,ENDPOINT_PROCESS,53821,1.1709,HEALTHY,True
TLM-000248,ENT-01,AST-00054,2024-02-01 00:00:00+00:00,2024-03-01 00:00:00+00:00,ENDPOINT_PROCESS,88871,0.9971,HEALTHY,True
TLM-000249,ENT-01,AST-00054,2024-03-01 00:00:00+00:00,2024-04-01 00:00:00+00:00,ENDPOINT_PROCESS,93409,0.998,DEGRADED,True
TLM-000250,ENT-01,AST-00054,2024-04-01 00:00:00+00:00,2024-05-01 00:00:00+00:00,ENDPOINT_PROCESS,96152,0.9095,HEALTHY,True
TLM-000251,ENT-01,AST-00054,2024-05-01 00:00:00+00:00,2024-06-01 00:00:00+00:00,ENDPOINT_PROCESS,75841,1.0277,HEALTHY,True
TLM-000252,ENT-01,AST-00054,2024-06-01 00:00:00+00:00,2024-07-01 00:00:00+00:00,ENDPOINT_PROCESS,101272,1.0757,HEALTHY,True
TLM-000253,ENT-01,AST-00055,2024-01-01 00:00:00+00:00,2024-02-01 00:00:00+00:00,ENDPOINT_PROCESS,12307,1.1349,HEALTHY,True
TLM-000254,ENT-01,AST-00055,2024-02-01 00:00:00+00:00,2024-03-01 00:00:00+00:00,ENDPOINT_PROCESS,22074,0.9944,HEALTHY,True
TLM-000255,ENT-01,AST-00055,2024-03-01 00:00:00+00:00,2024-04-01 00:00:00+00:00,ENDPOINT_PROCESS,17140,0.6408,DEGRADED,True
TLM-000256,ENT-01,AST-00055,2024-04-01 00:00:00+00:00,2024-05-01 00:00:00+00:00,ENDPOINT_PROCESS,23182,1.1942,HEALTHY,True
TLM-000257,ENT-01,AST-00055,2024-05-01 00:00:00+00:00,2024-06-01 00:00:00+00:00,ENDPOINT_PROCESS,18905,1.0835,HEALTHY,True
TLM-000258,ENT-01,AST-00055,2024-06-01 00:00:00+00:00,2024-07-01 00:00:00+00:00,ENDPOINT_PROCESS,26654,0.9897,HEALTHY,True
TLM-000259,ENT-01,AST-00056,2024-01-01 00:00:00+00:00,2024-02-01 00:00:00+00:00,ENDPOINT_PROCESS,25624,0.8543,DEGRADED,True
TLM-000260,ENT-01,AST-00056,2024-02-01 00:00:00+00:00,2024-03-01 00:00:00+00:00,ENDPOINT_PROCESS,34581,0.9551,HEALTHY,True
TLM-000261,ENT-01,AST-00056,2024-03-01 00:00:00+00:00,2024-04-01 00:00:00+00:00,ENDPOINT_PROCESS,34495,1.3478,HEALTHY,True
TLM-000262,ENT-01,AST-00056,2024-04-01 00:00:00+00:00,2024-05-01 00:00:00+00:00,ENDPOINT_PROCESS,34564,0.9642,HEALTHY,True
TLM-000263,ENT-01,AST-00056,2024-05-01 00:00:00+00:00,2024-06-01 00:00:00+00:00,ENDPOINT_PROCESS,23351,0.8163,HEALTHY,True
TLM-000264,ENT-01,AST-00056,2024-06-01 00:00:00+00:00,2024-07-01 00:00:00+00:00,ENDPOINT_PROCESS,36010,0.7984,HEALTHY,True
TLM-000265,ENT-01,AST-00057,2024-01-01 00:00:00+00:00,2024-02-01 00:00:00+00:00,NETWORK_FLOW,26328,0.7902,HEALTHY,True
TLM-000266,ENT-01,AST-00057,2024-02-01 00:00:00+00:00,2024-03-01 00:00:00+00:00,NETWORK_FLOW,32912,0.8237,HEALTHY,True
TLM-000267,ENT-01,AST-00057,2024-03-01 00:00:00+00:00,2024-04-01 00:00:00+00:00,NETWORK_FLOW,28189,1.025,HEALTHY,True
TLM-000268,ENT-01,AST-00057,2024-04-01 00:00:00+00:00,2024-05-01 00:00:00+00:00,NETWORK_FLOW,32846,1.0497,HEALTHY,True
TLM-000269,ENT-01,AST-00057,2024-05-01 00:00:00+00:00,2024-06-01 00:00:00+00:00,NETWORK_FLOW,29444,0.9083,HEALTHY,True
TLM-000270,ENT-01,AST-00057,2024-06-01 00:00:00+00:00,2024-07-01 00:00:00+00:00,NETWORK_FLOW,26647,1.2297,HEALTHY,True
TLM-000271,ENT-01,AST-00058,2024-01-01 00:00:00+00:00,2024-02-01 00:00:00+00:00,ENDPOINT_PROCESS,16750,0.8472,HEALTHY,True
TLM-000272,ENT-01,AST-00058,2024-02-01 00:00:00+00:00,2024-03-01 00:00:00+00:00,ENDPOINT_PROCESS,20712,1.2096,DEGRADED,True
TLM-000273,ENT-01,AST-00058,2024-03-01 00:00:00+00:00,2024-04-01 00:00:00+00:00,ENDPOINT_PROCESS,22760,1.0893,HEALTHY,True
TLM-000274,ENT-01,AST-00058,2024-04-01 00:00:00+00:00,2024-05-01 00:00:00+00:00,ENDPOINT_PROCESS,18996,1.0784,HEALTHY,True
TLM-000275,ENT-01,AST-00058,2024-05-01 00:00:00+00:00,2024-06-01 00:00:00+00:00,ENDPOINT_PROCESS,17487,0.9956,HEALTHY,True
TLM-000276,ENT-01,AST-00058,2024-06-01 00:00:00+00:00,2024-07-01 00:00:00+00:00,ENDPOINT_PROCESS,25948,1.0266,DEGRADED,True
TLM-000277,ENT-02,AST-00059,2024-01-01 00:00:00+00:00,2024-02-01 00:00:00+00:00,ENDPOINT_PROCESS,31685,0.9567,HEALTHY,True
TLM-000278,ENT-02,AST-00059,2024-02-01 00:00:00+00:00,2024-03-01 00:00:00+00:00,ENDPOINT_PROCESS,31938,1.0456,HEALTHY,True
TLM-000279,ENT-02,AST-00059,2024-03-01 00:00:00+00:00,2024-04-01 00:00:00+00:00,ENDPOINT_PROCESS,30693,0.9569,HEALTHY,True
TLM-000280,ENT-02,AST-00059,2024-04-01 00:00:00+00:00,2024-05-01 00:00:00+00:00,ENDPOINT_PROCESS,35405,1.4754,HEALTHY,True
TLM-000281,ENT-02,AST-00059,2024-05-01 00:00:00+00:00,2024-06-01 00:00:00+00:00,ENDPOINT_PROCESS,29546,0.8343,HEALTHY,True
TLM-000282,ENT-02,AST-00059,2024-06-01 00:00:00+00:00,2024-07-01 00:00:00+00:00,ENDPOINT_PROCESS,30900,1.0921,HEALTHY,True
TLM-000283,ENT-02,AST-00060,2024-01-01 00:00:00+00:00,2024-02-01 00:00:00+00:00,ENDPOINT_PROCESS,22242,0.9878,HEALTHY,True
TLM-000284,ENT-02,AST-00060,2024-02-01 00:00:00+00:00,2024-03-01 00:00:00+00:00,ENDPOINT_PROCESS,30480,0.9609,HEALTHY,True
TLM-000285,ENT-02,AST-00060,2024-03-01 00:00:00+00:00,2024-04-01 00:00:00+00:00,ENDPOINT_PROCESS,32592,0.949,HEALTHY,True
TLM-000286,ENT-02,AST-00060,2024-04-01 00:00:00+00:00,2024-05-01 00:00:00+00:00,ENDPOINT_PROCESS,41779,1.0644,HEALTHY,True
TLM-000287,ENT-02,AST-00060,2024-05-01 00:00:00+00:00,2024-06-01 00:00:00+00:00,ENDPOINT_PROCESS,33051,1.1815,HEALTHY,True
TLM-000288,ENT-02,AST-00060,2024-06-01 00:00:00+00:00,2024-07-01 00:00:00+00:00,ENDPOINT_PROCESS,37782,1.0841,HEALTHY,True
TLM-000289,ENT-02,AST-00061,2024-01-01 00:00:00+00:00,2024-02-01 00:00:00+00:00,CLOUD_AUDIT,15083,0.9481,HEALTHY,True
TLM-000290,ENT-02,AST-00061,2024-02-01 00:00:00+00:00,2024-03-01 00:00:00+00:00,CLOUD_AUDIT,19931,0.9759,HEALTHY,True
TLM-000291,ENT-02,AST-00061,2024-03-01 00:00:00+00:00,2024-04-01 00:00:00+00:00,CLOUD_AUDIT,18824,1.0574,HEALTHY,True
TLM-000292,ENT-02,AST-00061,2024-04-01 00:00:00+00:00,2024-05-01 00:00:00+00:00,CLOUD_AUDIT,17196,1.0027,HEALTHY,True
TLM-000293,ENT-02,AST-00061,2024-05-01 00:00:00+00:00,2024-06-01 00:00:00+00:00,CLOUD_AUDIT,15699,1.0288,HEALTHY,True
TLM-000294,ENT-02,AST-00061,2024-06-01 00:00:00+00:00,2024-07-01 00:00:00+00:00,CLOUD_AUDIT,21382,0.9715,HEALTHY,True
TLM-000295,ENT-02,AST-00062,2024-01-01 00:00:00+00:00,2024-02-01 00:00:00+00:00,ENDPOINT_PROCESS,14757,0.997,DEGRADED,True
TLM-000296,ENT-02,AST-00062,2024-02-01 00:00:00+00:00,2024-03-01 00:00:00+00:00,ENDPOINT_PROCESS,15629,0.8747,HEALTHY,True
TLM-000297,ENT-02,AST-00062,2024-03-01 00:00:00+00:00,2024-04-01 00:00:00+00:00,ENDPOINT_PROCESS,16600,0.9905,HEALTHY,True
TLM-000298,ENT-02,AST-00062,2024-04-01 00:00:00+00:00,2024-05-01 00:00:00+00:00,ENDPOINT_PROCESS,16037,0.7895,HEALTHY,True
TLM-000299,ENT-02,AST-00062,2024-05-01 00:00:00+00:00,2024-06-01 00:00:00+00:00,ENDPOINT_PROCESS,19528,0.7693,HEALTHY,True
TLM-000300,ENT-02,AST-00062,2024-06-01 00:00:00+00:00,2024-07-01 00:00:00+00:00,ENDPOINT_PROCESS,23187,0.954,HEALTHY,True
TLM-000301,ENT-02,AST-00063,2024-01-01 00:00:00+00:00,2024-02-01 00:00:00+00:00,ENDPOINT_PROCESS,53119,1.3563,HEALTHY,True
TLM-000302,ENT-02,AST-00063,2024-02-01 00:00:00+00:00,2024-03-01 00:00:00+00:00,ENDPOINT_PROCESS,47109,1.0554,HEALTHY,True
TLM-000303,ENT-02,AST-00063,2024-03-01 00:00:00+00:00,2024-04-01 00:00:00+00:00,ENDPOINT_PROCESS,50358,1.2431,DEGRADED,True
TLM-000304,ENT-02,AST-00063,2024-04-01 00:00:00+00:00,2024-05-01 00:00:00+00:00,ENDPOINT_PROCESS,40375,1.291,HEALTHY,True
TLM-000305,ENT-02,AST-00063,2024-05-01 00:00:00+00:00,2024-06-01 00:00:00+00:00,ENDPOINT_PROCESS,42522,1.153,HEALTHY,True
TLM-000306,ENT-02,AST-00063,2024-06-01 00:00:00+00:00,2024-07-01 00:00:00+00:00,ENDPOINT_PROCESS,56265,0.8594,HEALTHY,True
TLM-000307,ENT-02,AST-00064,2024-01-01 00:00:00+00:00,2024-02-01 00:00:00+00:00,FILE_INTEGRITY,2865,1.0454,HEALTHY,True
TLM-000308,ENT-02,AST-00064,2024-02-01 00:00:00+00:00,2024-03-01 00:00:00+00:00,FILE_INTEGRITY,2906,0.9278,HEALTHY,True
TLM-000309,ENT-02,AST-00064,2024-03-01 00:00:00+00:00,2024-04-01 00:00:00+00:00,FILE_INTEGRITY,2596,0.9434,HEALTHY,True
TLM-000310,ENT-02,AST-00064,2024-04-01 00:00:00+00:00,2024-05-01 00:00:00+00:00,FILE_INTEGRITY,3913,0.9633,HEALTHY,True
TLM-000311,ENT-02,AST-00064,2024-05-01 00:00:00+00:00,2024-06-01 00:00:00+00:00,FILE_INTEGRITY,3108,1.1308,HEALTHY,True
TLM-000312,ENT-02,AST-00064,2024-06-01 00:00:00+00:00,2024-07-01 00:00:00+00:00,FILE_INTEGRITY,3589,1.0933,HEALTHY,True
TLM-000313,ENT-02,AST-00065,2024-01-01 00:00:00+00:00,2024-02-01 00:00:00+00:00,CLOUD_AUDIT,15126,1.1504,HEALTHY,True
TLM-000314,ENT-02,AST-00065,2024-02-01 00:00:00+00:00,2024-03-01 00:00:00+00:00,CLOUD_AUDIT,15777,0.9823,HEALTHY,True
TLM-000315,ENT-02,AST-00065,2024-03-01 00:00:00+00:00,2024-04-01 00:00:00+00:00,CLOUD_AUDIT,18719,1.2298,HEALTHY,True
TLM-000316,ENT-02,AST-00065,2024-04-01 00:00:00+00:00,2024-05-01 00:00:00+00:00,CLOUD_AUDIT,18070,1.2241,HEALTHY,True
TLM-000317,ENT-02,AST-00065,2024-05-01 00:00:00+00:00,2024-06-01 00:00:00+00:00,CLOUD_AUDIT,12896,1.1941,HEALTHY,True
TLM-000318,ENT-02,AST-00065,2024-06-01 00:00:00+00:00,2024-07-01 00:00:00+00:00,CLOUD_AUDIT,23848,0.9179,HEALTHY,True
TLM-000319,ENT-02,AST-00066,2024-01-01 00:00:00+00:00,2024-02-01 00:00:00+00:00,CLOUD_AUDIT,13050,0.8208,HEALTHY,True
TLM-000320,ENT-02,AST-00066,2024-02-01 00:00:00+00:00,2024-03-01 00:00:00+00:00,CLOUD_AUDIT,20553,1.2005,HEALTHY,True
TLM-000321,ENT-02,AST-00066,2024-03-01 00:00:00+00:00,2024-04-01 00:00:00+00:00,CLOUD_AUDIT,18100,1.2875,HEALTHY,True
TLM-000322,ENT-02,AST-00066,2024-04-01 00:00:00+00:00,2024-05-01 00:00:00+00:00,CLOUD_AUDIT,22119,0.8614,HEALTHY,True
TLM-000323,ENT-02,AST-00066,2024-05-01 00:00:00+00:00,2024-06-01 00:00:00+00:00,CLOUD_AUDIT,12774,1.0056,HEALTHY,True
TLM-000324,ENT-02,AST-00066,2024-06-01 00:00:00+00:00,2024-07-01 00:00:00+00:00,CLOUD_AUDIT,21810,0.6962,HEALTHY,True
TLM-000325,ENT-02,AST-00067,2024-01-01 00:00:00+00:00,2024-02-01 00:00:00+00:00,ENDPOINT_PROCESS,40625,1.3145,HEALTHY,True
TLM-000326,ENT-02,AST-00067,2024-02-01 00:00:00+00:00,2024-03-01 00:00:00+00:00,ENDPOINT_PROCESS,49496,1.148,HEALTHY,True
TLM-000327,ENT-02,AST-00067,2024-03-01 00:00:00+00:00,2024-04-01 00:00:00+00:00,ENDPOINT_PROCESS,42372,1.2131,HEALTHY,True
TLM-000328,ENT-02,AST-00067,2024-04-01 00:00:00+00:00,2024-05-01 00:00:00+00:00,ENDPOINT_PROCESS,45857,1.1481,HEALTHY,True
TLM-000329,ENT-02,AST-00067,2024-05-01 00:00:00+00:00,2024-06-01 00:00:00+00:00,ENDPOINT_PROCESS,58042,0.8872,HEALTHY,True
TLM-000330,ENT-02,AST-00067,2024-06-01 00:00:00+00:00,2024-07-01 00:00:00+00:00,ENDPOINT_PROCESS,67315,0.9175,HEALTHY,True
TLM-000331,ENT-02,AST-00068,2024-01-01 00:00:00+00:00,2024-02-01 00:00:00+00:00,ENDPOINT_PROCESS,35237,1.228,HEALTHY,True
TLM-000332,ENT-02,AST-00068,2024-02-01 00:00:00+00:00,2024-03-01 00:00:00+00:00,ENDPOINT_PROCESS,64772,1.0163,HEALTHY,True
TLM-000333,ENT-02,AST-00068,2024-03-01 00:00:00+00:00,2024-04-01 00:00:00+00:00,ENDPOINT_PROCESS,54375,0.7707,DEGRADED,True
TLM-000334,ENT-02,AST-00068,2024-04-01 00:00:00+00:00,2024-05-01 00:00:00+00:00,ENDPOINT_PROCESS,37055,1.066,HEALTHY,True
TLM-000335,ENT-02,AST-00068,2024-05-01 00:00:00+00:00,2024-06-01 00:00:00+00:00,ENDPOINT_PROCESS,46184,0.9289,HEALTHY,True
TLM-000336,ENT-02,AST-00068,2024-06-01 00:00:00+00:00,2024-07-01 00:00:00+00:00,ENDPOINT_PROCESS,62357,1.0921,HEALTHY,True
TLM-000337,ENT-02,AST-00069,2024-01-01 00:00:00+00:00,2024-02-01 00:00:00+00:00,ENDPOINT_PROCESS,12245,0.8775,HEALTHY,True
TLM-000338,ENT-02,AST-00069,2024-02-01 00:00:00+00:00,2024-03-01 00:00:00+00:00,ENDPOINT_PROCESS,16570,1.0548,HEALTHY,True
TLM-000339,ENT-02,AST-00069,2024-03-01 00:00:00+00:00,2024-04-01 00:00:00+00:00,ENDPOINT_PROCESS,20382,0.8964,HEALTHY,True
TLM-000340,ENT-02,AST-00069,2024-04-01 00:00:00+00:00,2024-05-01 00:00:00+00:00,ENDPOINT_PROCESS,23803,0.8885,HEALTHY,True
TLM-000341,ENT-02,AST-00069,2024-05-01 00:00:00+00:00,2024-06-01 00:00:00+00:00,ENDPOINT_PROCESS,19891,1.0716,HEALTHY,True
TLM-000342,ENT-02,AST-00069,2024-06-01 00:00:00+00:00,2024-07-01 00:00:00+00:00,ENDPOINT_PROCESS,27337,1.1515,HEALTHY,True
TLM-000343,ENT-02,AST-00070,2024-01-01 00:00:00+00:00,2024-02-01 00:00:00+00:00,ENDPOINT_PROCESS,15764,1.0464,HEALTHY,True
TLM-000344,ENT-02,AST-00070,2024-02-01 00:00:00+00:00,2024-03-01 00:00:00+00:00,ENDPOINT_PROCESS,16735,0.9441,HEALTHY,True
TLM-000345,ENT-02,AST-00070,2024-03-01 00:00:00+00:00,2024-04-01 00:00:00+00:00,ENDPOINT_PROCESS,16683,0.874,HEALTHY,True
TLM-000346,ENT-02,AST-00070,2024-04-01 00:00:00+00:00,2024-05-01 00:00:00+00:00,ENDPOINT_PROCESS,22287,0.8362,HEALTHY,True
TLM-000347,ENT-02,AST-00070,2024-05-01 00:00:00+00:00,2024-06-01 00:00:00+00:00,ENDPOINT_PROCESS,18719,0.8282,HEALTHY,True
TLM-000348,ENT-02,AST-00070,2024-06-01 00:00:00+00:00,2024-07-01 00:00:00+00:00,ENDPOINT_PROCESS,23913,0.9901,HEALTHY,True
TLM-000349,ENT-02,AST-00071,2024-01-01 00:00:00+00:00,2024-02-01 00:00:00+00:00,CLOUD_AUDIT,16116,0.7234,HEALTHY,True
TLM-000350,ENT-02,AST-00071,2024-02-01 00:00:00+00:00,2024-03-01 00:00:00+00:00,CLOUD_AUDIT,19167,1.0894,HEALTHY,True
TLM-000351,ENT-02,AST-00071,2024-03-01 00:00:00+00:00,2024-04-01 00:00:00+00:00,CLOUD_AUDIT,20480,0.6952,DEGRADED,True
TLM-000352,ENT-02,AST-00071,2024-04-01 00:00:00+00:00,2024-05-01 00:00:00+00:00,CLOUD_AUDIT,19330,0.9803,HEALTHY,True
TLM-000353,ENT-02,AST-00071,2024-05-01 00:00:00+00:00,2024-06-01 00:00:00+00:00,CLOUD_AUDIT,14733,0.82,HEALTHY,True
TLM-000354,ENT-02,AST-00071,2024-06-01 00:00:00+00:00,2024-07-01 00:00:00+00:00,CLOUD_AUDIT,20108,0.8649,HEALTHY,True
TLM-000355,ENT-02,AST-00072,2024-01-01 00:00:00+00:00,2024-02-01 00:00:00+00:00,CLOUD_AUDIT,8586,1.2267,HEALTHY,True
TLM-000356,ENT-02,AST-00072,2024-02-01 00:00:00+00:00,2024-03-01 00:00:00+00:00,CLOUD_AUDIT,9023,1.0306,HEALTHY,True
TLM-000357,ENT-02,AST-00072,2024-03-01 00:00:00+00:00,2024-04-01 00:00:00+00:00,CLOUD_AUDIT,9911,1.1169,HEALTHY,True
TLM-000358,ENT-02,AST-00072,2024-04-01 00:00:00+00:00,2024-05-01 00:00:00+00:00,CLOUD_AUDIT,10953,1.0403,HEALTHY,True
TLM-000359,ENT-02,AST-00072,2024-05-01 00:00:00+00:00,2024-06-01 00:00:00+00:00,CLOUD_AUDIT,10728,0.9421,HEALTHY,True
TLM-000360,ENT-02,AST-00072,2024-06-01 00:00:00+00:00,2024-07-01 00:00:00+00:00,CLOUD_AUDIT,13173,1.1596,HEALTHY,True
TLM-000361,ENT-02,AST-00073,2024-01-01 00:00:00+00:00,2024-02-01 00:00:00+00:00,ENDPOINT_PROCESS,20022,0.9274,HEALTHY,True
TLM-000362,ENT-02,AST-00073,2024-02-01 00:00:00+00:00,2024-03-01 00:00:00+00:00,ENDPOINT_PROCESS,19561,1.1418,HEALTHY,True
TLM-000363,ENT-02,AST-00073,2024-03-01 00:00:00+00:00,2024-04-01 00:00:00+00:00,ENDPOINT_PROCESS,20553,0.8412,HEALTHY,True
TLM-000364,ENT-02,AST-00073,2024-04-01 00:00:00+00:00,2024-05-01 00:00:00+00:00,ENDPOINT_PROCESS,17348,0.7949,HEALTHY,True
TLM-000365,ENT-02,AST-00073,2024-05-01 00:00:00+00:00,2024-06-01 00:00:00+00:00,ENDPOINT_PROCESS,14299,0.8677,DEGRADED,True
TLM-000366,ENT-02,AST-00073,2024-06-01 00:00:00+00:00,2024-07-01 00:00:00+00:00,ENDPOINT_PROCESS,20172,1.1597,HEALTHY,True
TLM-000367,ENT-02,AST-00075,2024-01-01 00:00:00+00:00,2024-02-01 00:00:00+00:00,ENDPOINT_PROCESS,18756,0.8578,HEALTHY,True
TLM-000368,ENT-02,AST-00075,2024-02-01 00:00:00+00:00,2024-03-01 00:00:00+00:00,ENDPOINT_PROCESS,15978,1.1343,HEALTHY,True
TLM-000369,ENT-02,AST-00075,2024-03-01 00:00:00+00:00,2024-04-01 00:00:00+00:00,ENDPOINT_PROCESS,21133,1.0383,HEALTHY,True
TLM-000370,ENT-02,AST-00075,2024-04-01 00:00:00+00:00,2024-05-01 00:00:00+00:00,ENDPOINT_PROCESS,14993,0.823,HEALTHY,True
TLM-000371,ENT-02,AST-00075,2024-05-01 00:00:00+00:00,2024-06-01 00:00:00+00:00,ENDPOINT_PROCESS,21541,0.9863,HEALTHY,True
TLM-000372,ENT-02,AST-00075,2024-06-01 00:00:00+00:00,2024-07-01 00:00:00+00:00,ENDPOINT_PROCESS,21325,0.8817,HEALTHY,True
TLM-000373,ENT-02,AST-00076,2024-01-01 00:00:00+00:00,2024-02-01 00:00:00+00:00,NETWORK_FLOW,83280,1.2332,HEALTHY,True
TLM-000374,ENT-02,AST-00076,2024-02-01 00:00:00+00:00,2024-03-01 00:00:00+00:00,NETWORK_FLOW,111845,0.9228,HEALTHY,True
TLM-000375,ENT-02,AST-00076,2024-03-01 00:00:00+00:00,2024-04-01 00:00:00+00:00,NETWORK_FLOW,132065,1.1887,HEALTHY,True
TLM-000376,ENT-02,AST-00076,2024-04-01 00:00:00+00:00,2024-05-01 00:00:00+00:00,NETWORK_FLOW,100784,1.1718,HEALTHY,True
TLM-000377,ENT-02,AST-00076,2024-05-01 00:00:00+00:00,2024-06-01 00:00:00+00:00,NETWORK_FLOW,89058,0.8994,HEALTHY,True
TLM-000378,ENT-02,AST-00076,2024-06-01 00:00:00+00:00,2024-07-01 00:00:00+00:00,NETWORK_FLOW,141613,0.8203,HEALTHY,True
TLM-000379,ENT-02,AST-00077,2024-01-01 00:00:00+00:00,2024-02-01 00:00:00+00:00,FILE_INTEGRITY,7760,0.9432,HEALTHY,True
TLM-000380,ENT-02,AST-00077,2024-02-01 00:00:00+00:00,2024-03-01 00:00:00+00:00,FILE_INTEGRITY,7303,1.1349,HEALTHY,True
TLM-000381,ENT-02,AST-00077,2024-03-01 00:00:00+00:00,2024-04-01 00:00:00+00:00,FILE_INTEGRITY,9195,1.3395,HEALTHY,True
TLM-000382,ENT-02,AST-00077,2024-04-01 00:00:00+00:00,2024-05-01 00:00:00+00:00,FILE_INTEGRITY,8076,0.8932,HEALTHY,True
TLM-000383,ENT-02,AST-00077,2024-05-01 00:00:00+00:00,2024-06-01 00:00:00+00:00,FILE_INTEGRITY,9614,1.0878,HEALTHY,True
TLM-000384,ENT-02,AST-00077,2024-06-01 00:00:00+00:00,2024-07-01 00:00:00+00:00,FILE_INTEGRITY,8219,1.2199,HEALTHY,True
TLM-000385,ENT-02,AST-00079,2024-01-01 00:00:00+00:00,2024-02-01 00:00:00+00:00,FILE_INTEGRITY,10441,1.1107,HEALTHY,True
TLM-000386,ENT-02,AST-00079,2024-02-01 00:00:00+00:00,2024-03-01 00:00:00+00:00,FILE_INTEGRITY,11692,0.9817,HEALTHY,True
TLM-000387,ENT-02,AST-00079,2024-03-01 00:00:00+00:00,2024-04-01 00:00:00+00:00,FILE_INTEGRITY,9497,0.8887,DEGRADED,True
TLM-000388,ENT-02,AST-00079,2024-04-01 00:00:00+00:00,2024-05-01 00:00:00+00:00,FILE_INTEGRITY,15111,1.1699,HEALTHY,True
TLM-000389,ENT-02,AST-00079,2024-05-01 00:00:00+00:00,2024-06-01 00:00:00+00:00,FILE_INTEGRITY,10095,1.0957,HEALTHY,True
TLM-000390,ENT-02,AST-00079,2024-06-01 00:00:00+00:00,2024-07-01 00:00:00+00:00,FILE_INTEGRITY,10964,1.0741,HEALTHY,True
TLM-000391,ENT-02,AST-00080,2024-01-01 00:00:00+00:00,2024-02-01 00:00:00+00:00,ENDPOINT_PROCESS,15693,0.732,HEALTHY,True
TLM-000392,ENT-02,AST-00080,2024-02-01 00:00:00+00:00,2024-03-01 00:00:00+00:00,ENDPOINT_PROCESS,16691,1.2145,HEALTHY,True
TLM-000393,ENT-02,AST-00080,2024-03-01 00:00:00+00:00,2024-04-01 00:00:00+00:00,ENDPOINT_PROCESS,20375,1.1446,HEALTHY,True
TLM-000394,ENT-02,AST-00080,2024-04-01 00:00:00+00:00,2024-05-01 00:00:00+00:00,ENDPOINT_PROCESS,28199,0.9331,HEALTHY,True
TLM-000395,ENT-02,AST-00080,2024-05-01 00:00:00+00:00,2024-06-01 00:00:00+00:00,ENDPOINT_PROCESS,20143,1.1353,HEALTHY,True
TLM-000396,ENT-02,AST-00080,2024-06-01 00:00:00+00:00,2024-07-01 00:00:00+00:00,ENDPOINT_PROCESS,23179,0.9086,HEALTHY,True
TLM-000397,ENT-02,AST-00081,2024-01-01 00:00:00+00:00,2024-02-01 00:00:00+00:00,AUTHENTICATION,5334,0.8175,HEALTHY,True
TLM-000398,ENT-02,AST-00081,2024-02-01 00:00:00+00:00,2024-03-01 00:00:00+00:00,AUTHENTICATION,6621,1.3096,HEALTHY,True
TLM-000399,ENT-02,AST-00081,2024-03-01 00:00:00+00:00,2024-04-01 00:00:00+00:00,AUTHENTICATION,6610,0.9762,HEALTHY,True
TLM-000400,ENT-02,AST-00081,2024-04-01 00:00:00+00:00,2024-05-01 00:00:00+00:00,AUTHENTICATION,6461,0.734,HEALTHY,True
TLM-000401,ENT-02,AST-00081,2024-05-01 00:00:00+00:00,2024-06-01 00:00:00+00:00,AUTHENTICATION,6890,0.8749,HEALTHY,True
TLM-000402,ENT-02,AST-00081,2024-06-01 00:00:00+00:00,2024-07-01 00:00:00+00:00,AUTHENTICATION,6836,0.7745,HEALTHY,True
TLM-000403,ENT-02,AST-00082,2024-01-01 00:00:00+00:00,2024-02-01 00:00:00+00:00,ENDPOINT_PROCESS,32331,1.0987,HEALTHY,True
TLM-000404,ENT-02,AST-00082,2024-02-01 00:00:00+00:00,2024-03-01 00:00:00+00:00,ENDPOINT_PROCESS,30129,0.8117,HEALTHY,True
TLM-000405,ENT-02,AST-00082,2024-03-01 00:00:00+00:00,2024-04-01 00:00:00+00:00,ENDPOINT_PROCESS,22347,1.2805,HEALTHY,True
TLM-000406,ENT-02,AST-00082,2024-04-01 00:00:00+00:00,2024-05-01 00:00:00+00:00,ENDPOINT_PROCESS,27570,0.7899,DEGRADED,True
TLM-000407,ENT-02,AST-00082,2024-05-01 00:00:00+00:00,2024-06-01 00:00:00+00:00,ENDPOINT_PROCESS,25707,1.3426,HEALTHY,True
TLM-000408,ENT-02,AST-00082,2024-06-01 00:00:00+00:00,2024-07-01 00:00:00+00:00,ENDPOINT_PROCESS,35657,0.819,HEALTHY,True
TLM-000409,ENT-02,AST-00084,2024-01-01 00:00:00+00:00,2024-02-01 00:00:00+00:00,AUTHENTICATION,7994,1.0751,HEALTHY,True
TLM-000410,ENT-02,AST-00084,2024-02-01 00:00:00+00:00,2024-03-01 00:00:00+00:00,AUTHENTICATION,12286,0.9828,HEALTHY,True
TLM-000411,ENT-02,AST-00084,2024-03-01 00:00:00+00:00,2024-04-01 00:00:00+00:00,AUTHENTICATION,9791,1.1098,HEALTHY,True
TLM-000412,ENT-02,AST-00084,2024-04-01 00:00:00+00:00,2024-05-01 00:00:00+00:00,AUTHENTICATION,11267,1.3769,HEALTHY,True
TLM-000413,ENT-02,AST-00084,2024-05-01 00:00:00+00:00,2024-06-01 00:00:00+00:00,AUTHENTICATION,9085,0.8667,HEALTHY,True
TLM-000414,ENT-02,AST-00084,2024-06-01 00:00:00+00:00,2024-07-01 00:00:00+00:00,AUTHENTICATION,14512,0.7825,HEALTHY,True
TLM-000415,ENT-02,AST-00085,2024-01-01 00:00:00+00:00,2024-02-01 00:00:00+00:00,ENDPOINT_PROCESS,55423,1.2081,HEALTHY,True
TLM-000416,ENT-02,AST-00085,2024-02-01 00:00:00+00:00,2024-03-01 00:00:00+00:00,ENDPOINT_PROCESS,37241,0.9719,HEALTHY,True
TLM-000417,ENT-02,AST-00085,2024-03-01 00:00:00+00:00,2024-04-01 00:00:00+00:00,ENDPOINT_PROCESS,47445,1.0101,HEALTHY,True
TLM-000418,ENT-02,AST-00085,2024-04-01 00:00:00+00:00,2024-05-01 00:00:00+00:00,ENDPOINT_PROCESS,41902,1.0766,HEALTHY,True
TLM-000419,ENT-02,AST-00085,2024-05-01 00:00:00+00:00,2024-06-01 00:00:00+00:00,ENDPOINT_PROCESS,39750,0.8959,HEALTHY,True
TLM-000420,ENT-02,AST-00085,2024-06-01 00:00:00+00:00,2024-07-01 00:00:00+00:00,ENDPOINT_PROCESS,60143,1.1293,HEALTHY,True
TLM-000421,ENT-02,AST-00086,2024-01-01 00:00:00+00:00,2024-02-01 00:00:00+00:00,ENDPOINT_PROCESS,48179,1.0028,HEALTHY,True
TLM-000422,ENT-02,AST-00086,2024-02-01 00:00:00+00:00,2024-03-01 00:00:00+00:00,ENDPOINT_PROCESS,44335,0.899,HEALTHY,True
TLM-000423,ENT-02,AST-00086,2024-03-01 00:00:00+00:00,2024-04-01 00:00:00+00:00,ENDPOINT_PROCESS,49417,0.8303,HEALTHY,True
TLM-000424,ENT-02,AST-00086,2024-04-01 00:00:00+00:00,2024-05-01 00:00:00+00:00,ENDPOINT_PROCESS,72604,0.9586,HEALTHY,True
TLM-000425,ENT-02,AST-00086,2024-05-01 00:00:00+00:00,2024-06-01 00:00:00+00:00,ENDPOINT_PROCESS,38028,0.9464,HEALTHY,True
TLM-000426,ENT-02,AST-00086,2024-06-01 00:00:00+00:00,2024-07-01 00:00:00+00:00,ENDPOINT_PROCESS,53422,0.8321,HEALTHY,True
TLM-000427,ENT-03,AST-00088,2024-01-01 00:00:00+00:00,2024-02-01 00:00:00+00:00,NETWORK_FLOW,71255,0.9225,HEALTHY,True
TLM-000428,ENT-03,AST-00088,2024-02-01 00:00:00+00:00,2024-03-01 00:00:00+00:00,NETWORK_FLOW,94361,1.0579,HEALTHY,True
TLM-000429,ENT-03,AST-00088,2024-03-01 00:00:00+00:00,2024-04-01 00:00:00+00:00,NETWORK_FLOW,114492,1.0844,HEALTHY,True
TLM-000430,ENT-03,AST-00088,2024-04-01 00:00:00+00:00,2024-05-01 00:00:00+00:00,NETWORK_FLOW,120254,1.0969,HEALTHY,True
TLM-000431,ENT-03,AST-00088,2024-05-01 00:00:00+00:00,2024-06-01 00:00:00+00:00,NETWORK_FLOW,148262,1.1236,HEALTHY,True
TLM-000432,ENT-03,AST-00088,2024-06-01 00:00:00+00:00,2024-07-01 00:00:00+00:00,NETWORK_FLOW,118582,0.9336,HEALTHY,True
TLM-000433,ENT-03,AST-00089,2024-01-01 00:00:00+00:00,2024-02-01 00:00:00+00:00,ENDPOINT_PROCESS,18774,1.1241,HEALTHY,True
TLM-000434,ENT-03,AST-00089,2024-02-01 00:00:00+00:00,2024-03-01 00:00:00+00:00,ENDPOINT_PROCESS,27982,0.9994,HEALTHY,True
TLM-000435,ENT-03,AST-00089,2024-03-01 00:00:00+00:00,2024-04-01 00:00:00+00:00,ENDPOINT_PROCESS,33064,1.0252,HEALTHY,True
TLM-000436,ENT-03,AST-00089,2024-04-01 00:00:00+00:00,2024-05-01 00:00:00+00:00,ENDPOINT_PROCESS,30965,0.7878,HEALTHY,True
TLM-000437,ENT-03,AST-00089,2024-05-01 00:00:00+00:00,2024-06-01 00:00:00+00:00,ENDPOINT_PROCESS,22685,0.9837,HEALTHY,True
TLM-000438,ENT-03,AST-00089,2024-06-01 00:00:00+00:00,2024-07-01 00:00:00+00:00,ENDPOINT_PROCESS,32627,0.6386,HEALTHY,True
TLM-000439,ENT-03,AST-00090,2024-01-01 00:00:00+00:00,2024-02-01 00:00:00+00:00,ENDPOINT_PROCESS,48429,0.8624,HEALTHY,True
TLM-000440,ENT-03,AST-00090,2024-02-01 00:00:00+00:00,2024-03-01 00:00:00+00:00,ENDPOINT_PROCESS,52385,1.225,HEALTHY,True
TLM-000441,ENT-03,AST-00090,2024-03-01 00:00:00+00:00,2024-04-01 00:00:00+00:00,ENDPOINT_PROCESS,43978,0.766,HEALTHY,True
TLM-000442,ENT-03,AST-00090,2024-04-01 00:00:00+00:00,2024-05-01 00:00:00+00:00,ENDPOINT_PROCESS,54290,0.6029,HEALTHY,True
TLM-000443,ENT-03,AST-00090,2024-05-01 00:00:00+00:00,2024-06-01 00:00:00+00:00,ENDPOINT_PROCESS,41316,1.0094,HEALTHY,True
TLM-000444,ENT-03,AST-00090,2024-06-01 00:00:00+00:00,2024-07-01 00:00:00+00:00,ENDPOINT_PROCESS,43517,0.9539,HEALTHY,True
TLM-000445,ENT-03,AST-00092,2024-01-01 00:00:00+00:00,2024-02-01 00:00:00+00:00,ENDPOINT_PROCESS,30979,1.1628,HEALTHY,True
TLM-000446,ENT-03,AST-00092,2024-02-01 00:00:00+00:00,2024-03-01 00:00:00+00:00,ENDPOINT_PROCESS,39484,0.8267,HEALTHY,True
TLM-000447,ENT-03,AST-00092,2024-03-01 00:00:00+00:00,2024-04-01 00:00:00+00:00,ENDPOINT_PROCESS,22966,1.1781,HEALTHY,True
TLM-000448,ENT-03,AST-00092,2024-04-01 00:00:00+00:00,2024-05-01 00:00:00+00:00,ENDPOINT_PROCESS,49061,0.9876,HEALTHY,True
TLM-000449,ENT-03,AST-00092,2024-05-01 00:00:00+00:00,2024-06-01 00:00:00+00:00,ENDPOINT_PROCESS,33184,1.1017,HEALTHY,True
TLM-000450,ENT-03,AST-00092,2024-06-01 00:00:00+00:00,2024-07-01 00:00:00+00:00,ENDPOINT_PROCESS,29494,1.0891,HEALTHY,True
TLM-000451,ENT-03,AST-00093,2024-01-01 00:00:00+00:00,2024-02-01 00:00:00+00:00,CLOUD_AUDIT,17765,1.0554,HEALTHY,True
TLM-000452,ENT-03,AST-00093,2024-02-01 00:00:00+00:00,2024-03-01 00:00:00+00:00,CLOUD_AUDIT,16102,1.0102,HEALTHY,True
TLM-000453,ENT-03,AST-00093,2024-03-01 00:00:00+00:00,2024-04-01 00:00:00+00:00,CLOUD_AUDIT,19237,1.0865,HEALTHY,True
TLM-000454,ENT-03,AST-00093,2024-04-01 00:00:00+00:00,2024-05-01 00:00:00+00:00,CLOUD_AUDIT,21439,0.9592,HEALTHY,True
TLM-000455,ENT-03,AST-00093,2024-05-01 00:00:00+00:00,2024-06-01 00:00:00+00:00,CLOUD_AUDIT,18457,1.109,HEALTHY,True
TLM-000456,ENT-03,AST-00093,2024-06-01 00:00:00+00:00,2024-07-01 00:00:00+00:00,CLOUD_AUDIT,20156,1.0364,HEALTHY,True
TLM-000457,ENT-03,AST-00095,2024-01-01 00:00:00+00:00,2024-02-01 00:00:00+00:00,ENDPOINT_PROCESS,33351,1.0168,HEALTHY,True
TLM-000458,ENT-03,AST-00095,2024-02-01 00:00:00+00:00,2024-03-01 00:00:00+00:00,ENDPOINT_PROCESS,58483,0.7463,HEALTHY,True
TLM-000459,ENT-03,AST-00095,2024-03-01 00:00:00+00:00,2024-04-01 00:00:00+00:00,ENDPOINT_PROCESS,37394,0.9928,HEALTHY,True
TLM-000460,ENT-03,AST-00095,2024-04-01 00:00:00+00:00,2024-05-01 00:00:00+00:00,ENDPOINT_PROCESS,60749,1.1803,HEALTHY,True
TLM-000461,ENT-03,AST-00095,2024-05-01 00:00:00+00:00,2024-06-01 00:00:00+00:00,ENDPOINT_PROCESS,54386,0.9451,HEALTHY,True
TLM-000462,ENT-03,AST-00095,2024-06-01 00:00:00+00:00,2024-07-01 00:00:00+00:00,ENDPOINT_PROCESS,59418,1.0302,HEALTHY,True
TLM-000463,ENT-03,AST-00096,2024-01-01 00:00:00+00:00,2024-02-01 00:00:00+00:00,ENDPOINT_PROCESS,21439,0.8127,HEALTHY,True
TLM-000464,ENT-03,AST-00096,2024-02-01 00:00:00+00:00,2024-03-01 00:00:00+00:00,ENDPOINT_PROCESS,17236,0.8557,HEALTHY,True
TLM-000465,ENT-03,AST-00096,2024-03-01 00:00:00+00:00,2024-04-01 00:00:00+00:00,ENDPOINT_PROCESS,23126,0.9965,HEALTHY,True
TLM-000466,ENT-03,AST-00096,2024-04-01 00:00:00+00:00,2024-05-01 00:00:00+00:00,ENDPOINT_PROCESS,19942,0.9563,HEALTHY,True
TLM-000467,ENT-03,AST-00096,2024-05-01 00:00:00+00:00,2024-06-01 00:00:00+00:00,ENDPOINT_PROCESS,14280,0.9691,HEALTHY,True
TLM-000468,ENT-03,AST-00096,2024-06-01 00:00:00+00:00,2024-07-01 00:00:00+00:00,ENDPOINT_PROCESS,21757,0.9514,HEALTHY,True
TLM-000469,ENT-03,AST-00098,2024-01-01 00:00:00+00:00,2024-02-01 00:00:00+00:00,CLOUD_AUDIT,32393,1.1284,HEALTHY,True
TLM-000470,ENT-03,AST-00098,2024-02-01 00:00:00+00:00,2024-03-01 00:00:00+00:00,CLOUD_AUDIT,31856,0.9004,HEALTHY,True
TLM-000471,ENT-03,AST-00098,2024-03-01 00:00:00+00:00,2024-04-01 00:00:00+00:00,CLOUD_AUDIT,29808,0.8495,HEALTHY,True
TLM-000472,ENT-03,AST-00098,2024-04-01 00:00:00+00:00,2024-05-01 00:00:00+00:00,CLOUD_AUDIT,45466,1.0994,HEALTHY,True
TLM-000473,ENT-03,AST-00098,2024-05-01 00:00:00+00:00,2024-06-01 00:00:00+00:00,CLOUD_AUDIT,48609,0.8942,HEALTHY,True
TLM-000474,ENT-03,AST-00098,2024-06-01 00:00:00+00:00,2024-07-01 00:00:00+00:00,CLOUD_AUDIT,42799,1.0824,HEALTHY,True
TLM-000475,ENT-03,AST-00099,2024-01-01 00:00:00+00:00,2024-02-01 00:00:00+00:00,ENDPOINT_PROCESS,13509,0.8493,HEALTHY,True
TLM-000476,ENT-03,AST-00099,2024-02-01 00:00:00+00:00,2024-03-01 00:00:00+00:00,ENDPOINT_PROCESS,18172,1.184,HEALTHY,True
TLM-000477,ENT-03,AST-00099,2024-03-01 00:00:00+00:00,2024-04-01 00:00:00+00:00,ENDPOINT_PROCESS,14447,1.3099,HEALTHY,True
TLM-000478,ENT-03,AST-00099,2024-04-01 00:00:00+00:00,2024-05-01 00:00:00+00:00,ENDPOINT_PROCESS,14810,0.8914,HEALTHY,True
TLM-000479,ENT-03,AST-00099,2024-05-01 00:00:00+00:00,2024-06-01 00:00:00+00:00,ENDPOINT_PROCESS,17409,0.8865,HEALTHY,True
TLM-000480,ENT-03,AST-00099,2024-06-01 00:00:00+00:00,2024-07-01 00:00:00+00:00,ENDPOINT_PROCESS,20495,0.967,HEALTHY,True
TLM-000481,ENT-03,AST-00100,2024-01-01 00:00:00+00:00,2024-02-01 00:00:00+00:00,ENDPOINT_PROCESS,15635,1.2225,HEALTHY,True
TLM-000482,ENT-03,AST-00100,2024-02-01 00:00:00+00:00,2024-03-01 00:00:00+00:00,ENDPOINT_PROCESS,19885,1.0588,DEGRADED,True
TLM-000483,ENT-03,AST-00100,2024-03-01 00:00:00+00:00,2024-04-01 00:00:00+00:00,ENDPOINT_PROCESS,23411,1.0259,DEGRADED,True
TLM-000484,ENT-03,AST-00100,2024-04-01 00:00:00+00:00,2024-05-01 00:00:00+00:00,ENDPOINT_PROCESS,21711,0.8489,HEALTHY,True
TLM-000485,ENT-03,AST-00100,2024-05-01 00:00:00+00:00,2024-06-01 00:00:00+00:00,ENDPOINT_PROCESS,13903,0.8552,HEALTHY,True
TLM-000486,ENT-03,AST-00100,2024-06-01 00:00:00+00:00,2024-07-01 00:00:00+00:00,ENDPOINT_PROCESS,22006,1.1916,HEALTHY,True
TLM-000487,ENT-03,AST-00102,2024-01-01 00:00:00+00:00,2024-02-01 00:00:00+00:00,CLOUD_AUDIT,12352,1.039,HEALTHY,True
TLM-000488,ENT-03,AST-00102,2024-02-01 00:00:00+00:00,2024-03-01 00:00:00+00:00,CLOUD_AUDIT,10883,0.9255,HEALTHY,True
TLM-000489,ENT-03,AST-00102,2024-03-01 00:00:00+00:00,2024-04-01 00:00:00+00:00,CLOUD_AUDIT,12106,1.1152,HEALTHY,True
TLM-000490,ENT-03,AST-00102,2024-04-01 00:00:00+00:00,2024-05-01 00:00:00+00:00,CLOUD_AUDIT,11090,0.9643,HEALTHY,True
TLM-000491,ENT-03,AST-00102,2024-05-01 00:00:00+00:00,2024-06-01 00:00:00+00:00,CLOUD_AUDIT,11309,0.8496,HEALTHY,True
TLM-000492,ENT-03,AST-00102,2024-06-01 00:00:00+00:00,2024-07-01 00:00:00+00:00,CLOUD_AUDIT,17992,0.8989,HEALTHY,True
TLM-000493,ENT-03,AST-00103,2024-01-01 00:00:00+00:00,2024-02-01 00:00:00+00:00,CLOUD_AUDIT,16939,0.8223,HEALTHY,True
TLM-000494,ENT-03,AST-00103,2024-02-01 00:00:00+00:00,2024-03-01 00:00:00+00:00,CLOUD_AUDIT,16681,0.9018,HEALTHY,True
TLM-000495,ENT-03,AST-00103,2024-03-01 00:00:00+00:00,2024-04-01 00:00:00+00:00,CLOUD_AUDIT,20896,1.0134,HEALTHY,True
TLM-000496,ENT-03,AST-00103,2024-04-01 00:00:00+00:00,2024-05-01 00:00:00+00:00,CLOUD_AUDIT,21655,1.1941,HEALTHY,True
TLM-000497,ENT-03,AST-00103,2024-05-01 00:00:00+00:00,2024-06-01 00:00:00+00:00,CLOUD_AUDIT,18067,0.9357,HEALTHY,True
TLM-000498,ENT-03,AST-00103,2024-06-01 00:00:00+00:00,2024-07-01 00:00:00+00:00,CLOUD_AUDIT,21156,1.1033,HEALTHY,True
TLM-000499,ENT-03,AST-00104,2024-01-01 00:00:00+00:00,2024-02-01 00:00:00+00:00,CLOUD_AUDIT,24731,1.0891,HEALTHY,True
TLM-000500,ENT-03,AST-00104,2024-02-01 00:00:00+00:00,2024-03-01 00:00:00+00:00,CLOUD_AUDIT,29234,1.1811,HEALTHY,True
TLM-000501,ENT-03,AST-00104,2024-03-01 00:00:00+00:00,2024-04-01 00:00:00+00:00,CLOUD_AUDIT,34412,0.8445,HEALTHY,True
TLM-000502,ENT-03,AST-00104,2024-04-01 00:00:00+00:00,2024-05-01 00:00:00+00:00,CLOUD_AUDIT,27186,1.1211,HEALTHY,True
TLM-000503,ENT-03,AST-00104,2024-05-01 00:00:00+00:00,2024-06-01 00:00:00+00:00,CLOUD_AUDIT,31369,1.0361,HEALTHY,True
TLM-000504,ENT-03,AST-00104,2024-06-01 00:00:00+00:00,2024-07-01 00:00:00+00:00,CLOUD_AUDIT,30560,1.1261,HEALTHY,True
TLM-000505,ENT-03,AST-00107,2024-01-01 00:00:00+00:00,2024-02-01 00:00:00+00:00,CLOUD_AUDIT,26156,1.0625,HEALTHY,True
TLM-000506,ENT-03,AST-00107,2024-02-01 00:00:00+00:00,2024-03-01 00:00:00+00:00,CLOUD_AUDIT,29530,0.885,HEALTHY,True
TLM-000507,ENT-03,AST-00107,2024-03-01 00:00:00+00:00,2024-04-01 00:00:00+00:00,CLOUD_AUDIT,31436,1.0759,HEALTHY,True
TLM-000508,ENT-03,AST-00107,2024-04-01 00:00:00+00:00,2024-05-01 00:00:00+00:00,CLOUD_AUDIT,32617,1.2908,HEALTHY,True
TLM-000509,ENT-03,AST-00107,2024-05-01 00:00:00+00:00,2024-06-01 00:00:00+00:00,CLOUD_AUDIT,36783,1.1458,HEALTHY,True
TLM-000510,ENT-03,AST-00107,2024-06-01 00:00:00+00:00,2024-07-01 00:00:00+00:00,CLOUD_AUDIT,30156,1.2026,DEGRADED,True
TLM-000511,ENT-03,AST-00108,2024-01-01 00:00:00+00:00,2024-02-01 00:00:00+00:00,ENDPOINT_PROCESS,29667,1.0292,HEALTHY,True
TLM-000512,ENT-03,AST-00108,2024-02-01 00:00:00+00:00,2024-03-01 00:00:00+00:00,ENDPOINT_PROCESS,33832,1.0255,HEALTHY,True
TLM-000513,ENT-03,AST-00108,2024-03-01 00:00:00+00:00,2024-04-01 00:00:00+00:00,ENDPOINT_PROCESS,42583,1.221,HEALTHY,True
TLM-000514,ENT-03,AST-00108,2024-04-01 00:00:00+00:00,2024-05-01 00:00:00+00:00,ENDPOINT_PROCESS,29611,0.9579,HEALTHY,True
TLM-000515,ENT-03,AST-00108,2024-05-01 00:00:00+00:00,2024-06-01 00:00:00+00:00,ENDPOINT_PROCESS,28032,1.0444,HEALTHY,True
TLM-000516,ENT-03,AST-00108,2024-06-01 00:00:00+00:00,2024-07-01 00:00:00+00:00,ENDPOINT_PROCESS,46152,1.0665,HEALTHY,True
TLM-000517,ENT-03,AST-00109,2024-01-01 00:00:00+00:00,2024-02-01 00:00:00+00:00,CLOUD_AUDIT,31045,0.7821,DEGRADED,True
TLM-000518,ENT-03,AST-00109,2024-02-01 00:00:00+00:00,2024-03-01 00:00:00+00:00,CLOUD_AUDIT,23042,1.1316,HEALTHY,True
TLM-000519,ENT-03,AST-00109,2024-03-01 00:00:00+00:00,2024-04-01 00:00:00+00:00,CLOUD_AUDIT,24970,0.8259,HEALTHY,True
TLM-000520,ENT-03,AST-00109,2024-04-01 00:00:00+00:00,2024-05-01 00:00:00+00:00,CLOUD_AUDIT,31010,0.9599,HEALTHY,True
TLM-000521,ENT-03,AST-00109,2024-05-01 00:00:00+00:00,2024-06-01 00:00:00+00:00,CLOUD_AUDIT,28201,1.0577,HEALTHY,True
TLM-000522,ENT-03,AST-00109,2024-06-01 00:00:00+00:00,2024-07-01 00:00:00+00:00,CLOUD_AUDIT,33783,0.7786,HEALTHY,True
TLM-000523,ENT-03,AST-00111,2024-01-01 00:00:00+00:00,2024-02-01 00:00:00+00:00,ENDPOINT_PROCESS,21445,1.1938,HEALTHY,True
TLM-000524,ENT-03,AST-00111,2024-02-01 00:00:00+00:00,2024-03-01 00:00:00+00:00,ENDPOINT_PROCESS,35332,0.9762,HEALTHY,True
TLM-000525,ENT-03,AST-00111,2024-03-01 00:00:00+00:00,2024-04-01 00:00:00+00:00,ENDPOINT_PROCESS,29037,1.0647,HEALTHY,True
TLM-000526,ENT-03,AST-00111,2024-04-01 00:00:00+00:00,2024-05-01 00:00:00+00:00,ENDPOINT_PROCESS,32569,1.04,HEALTHY,True
TLM-000527,ENT-03,AST-00111,2024-05-01 00:00:00+00:00,2024-06-01 00:00:00+00:00,ENDPOINT_PROCESS,22867,1.1351,HEALTHY,True
TLM-000528,ENT-03,AST-00111,2024-06-01 00:00:00+00:00,2024-07-01 00:00:00+00:00,ENDPOINT_PROCESS,41165,0.9977,HEALTHY,True
TLM-000529,ENT-03,AST-00113,2024-01-01 00:00:00+00:00,2024-02-01 00:00:00+00:00,NETWORK_FLOW,43881,0.9838,HEALTHY,True
TLM-000530,ENT-03,AST-00113,2024-02-01 00:00:00+00:00,2024-03-01 00:00:00+00:00,NETWORK_FLOW,39629,1.061,HEALTHY,True
TLM-000531,ENT-03,AST-00113,2024-03-01 00:00:00+00:00,2024-04-01 00:00:00+00:00,NETWORK_FLOW,42566,1.1369,DEGRADED,True
TLM-000532,ENT-03,AST-00113,2024-04-01 00:00:00+00:00,2024-05-01 00:00:00+00:00,NETWORK_FLOW,49156,0.9099,HEALTHY,True
TLM-000533,ENT-03,AST-00113,2024-05-01 00:00:00+00:00,2024-06-01 00:00:00+00:00,NETWORK_FLOW,38988,0.8765,HEALTHY,True
TLM-000534,ENT-03,AST-00113,2024-06-01 00:00:00+00:00,2024-07-01 00:00:00+00:00,NETWORK_FLOW,53879,1.1314,HEALTHY,True
TLM-000535,ENT-03,AST-00114,2024-01-01 00:00:00+00:00,2024-02-01 00:00:00+00:00,CLOUD_AUDIT,11266,1.1196,HEALTHY,True
TLM-000536,ENT-03,AST-00114,2024-02-01 00:00:00+00:00,2024-03-01 00:00:00+00:00,CLOUD_AUDIT,13240,0.965,DEGRADED,True
TLM-000537,ENT-03,AST-00114,2024-03-01 00:00:00+00:00,2024-04-01 00:00:00+00:00,CLOUD_AUDIT,10457,0.7315,HEALTHY,True
TLM-000538,ENT-03,AST-00114,2024-04-01 00:00:00+00:00,2024-05-01 00:00:00+00:00,CLOUD_AUDIT,12184,1.1405,HEALTHY,True
TLM-000539,ENT-03,AST-00114,2024-05-01 00:00:00+00:00,2024-06-01 00:00:00+00:00,CLOUD_AUDIT,11175,0.8605,HEALTHY,True
TLM-000540,ENT-03,AST-00114,2024-06-01 00:00:00+00:00,2024-07-01 00:00:00+00:00,CLOUD_AUDIT,15049,1.2858,HEALTHY,True
TLM-000541,ENT-03,AST-00115,2024-01-01 00:00:00+00:00,2024-02-01 00:00:00+00:00,ENDPOINT_PROCESS,17889,1.1361,DEGRADED,True
TLM-000542,ENT-03,AST-00115,2024-02-01 00:00:00+00:00,2024-03-01 00:00:00+00:00,ENDPOINT_PROCESS,21034,0.8999,HEALTHY,True
TLM-000543,ENT-03,AST-00115,2024-03-01 00:00:00+00:00,2024-04-01 00:00:00+00:00,ENDPOINT_PROCESS,20182,1.0551,HEALTHY,True
TLM-000544,ENT-03,AST-00115,2024-04-01 00:00:00+00:00,2024-05-01 00:00:00+00:00,ENDPOINT_PROCESS,19745,1.1993,HEALTHY,True
TLM-000545,ENT-03,AST-00115,2024-05-01 00:00:00+00:00,2024-06-01 00:00:00+00:00,ENDPOINT_PROCESS,15364,0.7966,HEALTHY,True
TLM-000546,ENT-03,AST-00115,2024-06-01 00:00:00+00:00,2024-07-01 00:00:00+00:00,ENDPOINT_PROCESS,24136,0.7881,HEALTHY,True
TLM-000547,ENT-03,AST-00116,2024-01-01 00:00:00+00:00,2024-02-01 00:00:00+00:00,ENDPOINT_PROCESS,42497,1.0495,HEALTHY,True
TLM-000548,ENT-03,AST-00116,2024-02-01 00:00:00+00:00,2024-03-01 00:00:00+00:00,ENDPOINT_PROCESS,54028,0.9489,HEALTHY,True
TLM-000549,ENT-03,AST-00116,2024-03-01 00:00:00+00:00,2024-04-01 00:00:00+00:00,ENDPOINT_PROCESS,42458,0.8536,DEGRADED,True
TLM-000550,ENT-03,AST-00116,2024-04-01 00:00:00+00:00,2024-05-01 00:00:00+00:00,ENDPOINT_PROCESS,67218,0.5362,HEALTHY,True
TLM-000551,ENT-03,AST-00116,2024-05-01 00:00:00+00:00,2024-06-01 00:00:00+00:00,ENDPOINT_PROCESS,42668,0.9841,HEALTHY,True
TLM-000552,ENT-03,AST-00116,2024-06-01 00:00:00+00:00,2024-07-01 00:00:00+00:00,ENDPOINT_PROCESS,39099,0.9094,HEALTHY,True
TLM-000553,ENT-03,AST-00117,2024-01-01 00:00:00+00:00,2024-02-01 00:00:00+00:00,CLOUD_AUDIT,8689,0.8949,HEALTHY,True
TLM-000554,ENT-03,AST-00117,2024-02-01 00:00:00+00:00,2024-03-01 00:00:00+00:00,CLOUD_AUDIT,12000,1.0417,HEALTHY,True
TLM-000555,ENT-03,AST-00117,2024-03-01 00:00:00+00:00,2024-04-01 00:00:00+00:00,CLOUD_AUDIT,10089,1.2397,HEALTHY,True
TLM-000556,ENT-03,AST-00117,2024-04-01 00:00:00+00:00,2024-05-01 00:00:00+00:00,CLOUD_AUDIT,12060,1.1181,HEALTHY,True
TLM-000557,ENT-03,AST-00117,2024-05-01 00:00:00+00:00,2024-06-01 00:00:00+00:00,CLOUD_AUDIT,9462,0.8745,HEALTHY,True
TLM-000558,ENT-03,AST-00117,2024-06-01 00:00:00+00:00,2024-07-01 00:00:00+00:00,CLOUD_AUDIT,18807,0.6476,HEALTHY,True
TLM-000559,ENT-03,AST-00118,2024-01-01 00:00:00+00:00,2024-02-01 00:00:00+00:00,NETWORK_FLOW,85899,0.8904,HEALTHY,True
TLM-000560,ENT-03,AST-00118,2024-02-01 00:00:00+00:00,2024-03-01 00:00:00+00:00,NETWORK_FLOW,101274,0.8471,HEALTHY,True
TLM-000561,ENT-03,AST-00118,2024-03-01 00:00:00+00:00,2024-04-01 00:00:00+00:00,NETWORK_FLOW,128025,0.973,HEALTHY,True
TLM-000562,ENT-03,AST-00118,2024-04-01 00:00:00+00:00,2024-05-01 00:00:00+00:00,NETWORK_FLOW,148686,1.1935,HEALTHY,True
TLM-000563,ENT-03,AST-00118,2024-05-01 00:00:00+00:00,2024-06-01 00:00:00+00:00,NETWORK_FLOW,109091,0.7219,DEGRADED,True
TLM-000564,ENT-03,AST-00118,2024-06-01 00:00:00+00:00,2024-07-01 00:00:00+00:00,NETWORK_FLOW,114039,0.9215,HEALTHY,True
TLM-000565,ENT-03,AST-00119,2024-01-01 00:00:00+00:00,2024-02-01 00:00:00+00:00,CLOUD_AUDIT,18774,0.9139,HEALTHY,True
TLM-000566,ENT-03,AST-00119,2024-02-01 00:00:00+00:00,2024-03-01 00:00:00+00:00,CLOUD_AUDIT,13893,1.1006,HEALTHY,True
TLM-000567,ENT-03,AST-00119,2024-03-01 00:00:00+00:00,2024-04-01 00:00:00+00:00,CLOUD_AUDIT,15298,1.1237,HEALTHY,True
TLM-000568,ENT-03,AST-00119,2024-04-01 00:00:00+00:00,2024-05-01 00:00:00+00:00,CLOUD_AUDIT,22516,0.61,HEALTHY,True
TLM-000569,ENT-03,AST-00119,2024-05-01 00:00:00+00:00,2024-06-01 00:00:00+00:00,CLOUD_AUDIT,13959,1.0342,HEALTHY,True
TLM-000570,ENT-03,AST-00119,2024-06-01 00:00:00+00:00,2024-07-01 00:00:00+00:00,CLOUD_AUDIT,24600,1.1238,DEGRADED,True
TLM-000571,ENT-03,AST-00120,2024-01-01 00:00:00+00:00,2024-02-01 00:00:00+00:00,AUTHENTICATION,17753,0.8217,HEALTHY,True
TLM-000572,ENT-03,AST-00120,2024-02-01 00:00:00+00:00,2024-03-01 00:00:00+00:00,AUTHENTICATION,14783,1.125,HEALTHY,True
TLM-000573,ENT-03,AST-00120,2024-03-01 00:00:00+00:00,2024-04-01 00:00:00+00:00,AUTHENTICATION,17593,0.8414,HEALTHY,True
TLM-000574,ENT-03,AST-00120,2024-04-01 00:00:00+00:00,2024-05-01 00:00:00+00:00,AUTHENTICATION,26318,0.9857,HEALTHY,True
TLM-000575,ENT-03,AST-00120,2024-05-01 00:00:00+00:00,2024-06-01 00:00:00+00:00,AUTHENTICATION,22064,1.1232,HEALTHY,True
TLM-000576,ENT-03,AST-00120,2024-06-01 00:00:00+00:00,2024-07-01 00:00:00+00:00,AUTHENTICATION,21573,1.2204,DEGRADED,True
TLM-000577,ENT-03,AST-00121,2024-01-01 00:00:00+00:00,2024-02-01 00:00:00+00:00,CLOUD_AUDIT,14190,1.0071,HEALTHY,True
TLM-000578,ENT-03,AST-00121,2024-02-01 00:00:00+00:00,2024-03-01 00:00:00+00:00,CLOUD_AUDIT,19684,0.9095,HEALTHY,True
TLM-000579,ENT-03,AST-00121,2024-03-01 00:00:00+00:00,2024-04-01 00:00:00+00:00,CLOUD_AUDIT,19221,0.7166,HEALTHY,True
TLM-000580,ENT-03,AST-00121,2024-04-01 00:00:00+00:00,2024-05-01 00:00:00+00:00,CLOUD_AUDIT,21886,0.9713,HEALTHY,True
TLM-000581,ENT-03,AST-00121,2024-05-01 00:00:00+00:00,2024-06-01 00:00:00+00:00,CLOUD_AUDIT,14067,1.0919,HEALTHY,True
TLM-000582,ENT-03,AST-00121,2024-06-01 00:00:00+00:00,2024-07-01 00:00:00+00:00,CLOUD_AUDIT,18794,1.1536,HEALTHY,True
TLM-000583,ENT-03,AST-00122,2024-01-01 00:00:00+00:00,2024-02-01 00:00:00+00:00,ENDPOINT_PROCESS,39495,1.1836,HEALTHY,True
TLM-000584,ENT-03,AST-00122,2024-02-01 00:00:00+00:00,2024-03-01 00:00:00+00:00,ENDPOINT_PROCESS,41818,0.7114,HEALTHY,True
TLM-000585,ENT-03,AST-00122,2024-03-01 00:00:00+00:00,2024-04-01 00:00:00+00:00,ENDPOINT_PROCESS,51865,1.0134,HEALTHY,True
TLM-000586,ENT-03,AST-00122,2024-04-01 00:00:00+00:00,2024-05-01 00:00:00+00:00,ENDPOINT_PROCESS,59373,0.9069,HEALTHY,True
TLM-000587,ENT-03,AST-00122,2024-05-01 00:00:00+00:00,2024-06-01 00:00:00+00:00,ENDPOINT_PROCESS,45840,1.256,HEALTHY,True
TLM-000588,ENT-03,AST-00122,2024-06-01 00:00:00+00:00,2024-07-01 00:00:00+00:00,ENDPOINT_PROCESS,48472,1.0438,HEALTHY,True
TLM-000589,ENT-03,AST-00124,2024-01-01 00:00:00+00:00,2024-02-01 00:00:00+00:00,ENDPOINT_PROCESS,67006,1.4406,HEALTHY,True
TLM-000590,ENT-03,AST-00124,2024-02-01 00:00:00+00:00,2024-03-01 00:00:00+00:00,ENDPOINT_PROCESS,65757,0.9199,HEALTHY,True
TLM-000591,ENT-03,AST-00124,2024-03-01 00:00:00+00:00,2024-04-01 00:00:00+00:00,ENDPOINT_PROCESS,83870,0.9516,HEALTHY,True
TLM-000592,ENT-03,AST-00124,2024-04-01 00:00:00+00:00,2024-05-01 00:00:00+00:00,ENDPOINT_PROCESS,61295,0.7974,HEALTHY,True
TLM-000593,ENT-03,AST-00124,2024-05-01 00:00:00+00:00,2024-06-01 00:00:00+00:00,ENDPOINT_PROCESS,66507,0.9252,HEALTHY,True
TLM-000594,ENT-03,AST-00124,2024-06-01 00:00:00+00:00,2024-07-01 00:00:00+00:00,ENDPOINT_PROCESS,97149,1.0426,HEALTHY,True
TLM-000595,ENT-03,AST-00125,2024-01-01 00:00:00+00:00,2024-02-01 00:00:00+00:00,CLOUD_AUDIT,18178,0.8979,HEALTHY,True
TLM-000596,ENT-03,AST-00125,2024-02-01 00:00:00+00:00,2024-03-01 00:00:00+00:00,CLOUD_AUDIT,16483,0.8921,HEALTHY,True
TLM-000597,ENT-03,AST-00125,2024-03-01 00:00:00+00:00,2024-04-01 00:00:00+00:00,CLOUD_AUDIT,17611,1.1399,HEALTHY,True
TLM-000598,ENT-03,AST-00125,2024-04-01 00:00:00+00:00,2024-05-01 00:00:00+00:00,CLOUD_AUDIT,22784,1.1326,HEALTHY,True
TLM-000599,ENT-03,AST-00125,2024-05-01 00:00:00+00:00,2024-06-01 00:00:00+00:00,CLOUD_AUDIT,16274,1.0032,HEALTHY,True
TLM-000600,ENT-03,AST-00125,2024-06-01 00:00:00+00:00,2024-07-01 00:00:00+00:00,CLOUD_AUDIT,18328,1.2141,HEALTHY,True
TLM-000601,ENT-03,AST-00126,2024-01-01 00:00:00+00:00,2024-02-01 00:00:00+00:00,NETWORK_FLOW,25350,1.1134,HEALTHY,True
TLM-000602,ENT-03,AST-00126,2024-02-01 00:00:00+00:00,2024-03-01 00:00:00+00:00,NETWORK_FLOW,26687,1.0213,HEALTHY,True
TLM-000603,ENT-03,AST-00126,2024-03-01 00:00:00+00:00,2024-04-01 00:00:00+00:00,NETWORK_FLOW,25332,0.8818,HEALTHY,True
TLM-000604,ENT-03,AST-00126,2024-04-01 00:00:00+00:00,2024-05-01 00:00:00+00:00,NETWORK_FLOW,27798,1.0842,HEALTHY,True
TLM-000605,ENT-03,AST-00126,2024-05-01 00:00:00+00:00,2024-06-01 00:00:00+00:00,NETWORK_FLOW,27565,1.1206,HEALTHY,True
TLM-000606,ENT-03,AST-00126,2024-06-01 00:00:00+00:00,2024-07-01 00:00:00+00:00,NETWORK_FLOW,34038,0.9809,HEALTHY,True
TLM-000607,ENT-03,AST-00129,2024-01-01 00:00:00+00:00,2024-02-01 00:00:00+00:00,ENDPOINT_PROCESS,33273,1.1863,HEALTHY,True
TLM-000608,ENT-03,AST-00129,2024-02-01 00:00:00+00:00,2024-03-01 00:00:00+00:00,ENDPOINT_PROCESS,23814,1.2475,HEALTHY,True
TLM-000609,ENT-03,AST-00129,2024-03-01 00:00:00+00:00,2024-04-01 00:00:00+00:00,ENDPOINT_PROCESS,45370,1.1432,HEALTHY,True
TLM-000610,ENT-03,AST-00129,2024-04-01 00:00:00+00:00,2024-05-01 00:00:00+00:00,ENDPOINT_PROCESS,31298,0.9543,HEALTHY,True
TLM-000611,ENT-03,AST-00129,2024-05-01 00:00:00+00:00,2024-06-01 00:00:00+00:00,ENDPOINT_PROCESS,27159,0.7236,DEGRADED,True
TLM-000612,ENT-03,AST-00129,2024-06-01 00:00:00+00:00,2024-07-01 00:00:00+00:00,ENDPOINT_PROCESS,24647,1.0735,HEALTHY,True
TLM-000613,ENT-03,AST-00130,2024-01-01 00:00:00+00:00,2024-02-01 00:00:00+00:00,ENDPOINT_PROCESS,51673,1.0402,HEALTHY,True
TLM-000614,ENT-03,AST-00130,2024-02-01 00:00:00+00:00,2024-03-01 00:00:00+00:00,ENDPOINT_PROCESS,89731,1.0632,HEALTHY,True
TLM-000615,ENT-03,AST-00130,2024-03-01 00:00:00+00:00,2024-04-01 00:00:00+00:00,ENDPOINT_PROCESS,77092,1.2734,HEALTHY,True
TLM-000616,ENT-03,AST-00130,2024-04-01 00:00:00+00:00,2024-05-01 00:00:00+00:00,ENDPOINT_PROCESS,107332,0.6771,HEALTHY,True
TLM-000617,ENT-03,AST-00130,2024-05-01 00:00:00+00:00,2024-06-01 00:00:00+00:00,ENDPOINT_PROCESS,62728,0.8739,HEALTHY,True
TLM-000618,ENT-03,AST-00130,2024-06-01 00:00:00+00:00,2024-07-01 00:00:00+00:00,ENDPOINT_PROCESS,81610,1.0983,HEALTHY,True
TLM-000619,ENT-03,AST-00131,2024-01-01 00:00:00+00:00,2024-02-01 00:00:00+00:00,NETWORK_FLOW,26518,0.9484,HEALTHY,True
TLM-000620,ENT-03,AST-00131,2024-02-01 00:00:00+00:00,2024-03-01 00:00:00+00:00,NETWORK_FLOW,28177,0.9963,HEALTHY,True
TLM-000621,ENT-03,AST-00131,2024-03-01 00:00:00+00:00,2024-04-01 00:00:00+00:00,NETWORK_FLOW,31844,1.0693,HEALTHY,True
TLM-000622,ENT-03,AST-00131,2024-04-01 00:00:00+00:00,2024-05-01 00:00:00+00:00,NETWORK_FLOW,35165,1.1839,HEALTHY,True
TLM-000623,ENT-03,AST-00131,2024-05-01 00:00:00+00:00,2024-06-01 00:00:00+00:00,NETWORK_FLOW,33519,0.725,HEALTHY,True
TLM-000624,ENT-03,AST-00131,2024-06-01 00:00:00+00:00,2024-07-01 00:00:00+00:00,NETWORK_FLOW,32343,1.1306,HEALTHY,True
TLM-000625,ENT-03,AST-00132,2024-01-01 00:00:00+00:00,2024-02-01 00:00:00+00:00,CLOUD_AUDIT,9568,0.8624,HEALTHY,True
TLM-000626,ENT-03,AST-00132,2024-02-01 00:00:00+00:00,2024-03-01 00:00:00+00:00,CLOUD_AUDIT,11457,1.1581,HEALTHY,True
TLM-000627,ENT-03,AST-00132,2024-03-01 00:00:00+00:00,2024-04-01 00:00:00+00:00,CLOUD_AUDIT,10667,0.753,HEALTHY,True
TLM-000628,ENT-03,AST-00132,2024-04-01 00:00:00+00:00,2024-05-01 00:00:00+00:00,CLOUD_AUDIT,12947,0.9427,HEALTHY,True
TLM-000629,ENT-03,AST-00132,2024-05-01 00:00:00+00:00,2024-06-01 00:00:00+00:00,CLOUD_AUDIT,8825,1.1695,HEALTHY,True
TLM-000630,ENT-03,AST-00132,2024-06-01 00:00:00+00:00,2024-07-01 00:00:00+00:00,CLOUD_AUDIT,13815,1.1071,HEALTHY,True
TLM-000631,ENT-03,AST-00133,2024-01-01 00:00:00+00:00,2024-02-01 00:00:00+00:00,ENDPOINT_PROCESS,16903,0.8046,HEALTHY,True
TLM-000632,ENT-03,AST-00133,2024-02-01 00:00:00+00:00,2024-03-01 00:00:00+00:00,ENDPOINT_PROCESS,22999,0.9453,HEALTHY,True
TLM-000633,ENT-03,AST-00133,2024-03-01 00:00:00+00:00,2024-04-01 00:00:00+00:00,ENDPOINT_PROCESS,19693,0.9458,HEALTHY,True
TLM-000634,ENT-03,AST-00133,2024-04-01 00:00:00+00:00,2024-05-01 00:00:00+00:00,ENDPOINT_PROCESS,21601,1.1687,HEALTHY,True
TLM-000635,ENT-03,AST-00133,2024-05-01 00:00:00+00:00,2024-06-01 00:00:00+00:00,ENDPOINT_PROCESS,18421,0.9882,HEALTHY,True
TLM-000636,ENT-03,AST-00133,2024-06-01 00:00:00+00:00,2024-07-01 00:00:00+00:00,ENDPOINT_PROCESS,20106,0.9466,DEGRADED,True
TLM-000637,ENT-03,AST-00135,2024-01-01 00:00:00+00:00,2024-02-01 00:00:00+00:00,ENDPOINT_PROCESS,34500,0.9726,HEALTHY,True
TLM-000638,ENT-03,AST-00135,2024-02-01 00:00:00+00:00,2024-03-01 00:00:00+00:00,ENDPOINT_PROCESS,38202,0.8953,HEALTHY,True
TLM-000639,ENT-03,AST-00135,2024-03-01 00:00:00+00:00,2024-04-01 00:00:00+00:00,ENDPOINT_PROCESS,25660,1.1059,HEALTHY,True
TLM-000640,ENT-03,AST-00135,2024-04-01 00:00:00+00:00,2024-05-01 00:00:00+00:00,ENDPOINT_PROCESS,34523,0.976,HEALTHY,True
TLM-000641,ENT-03,AST-00135,2024-05-01 00:00:00+00:00,2024-06-01 00:00:00+00:00,ENDPOINT_PROCESS,32338,0.8643,HEALTHY,True
TLM-000642,ENT-03,AST-00135,2024-06-01 00:00:00+00:00,2024-07-01 00:00:00+00:00,ENDPOINT_PROCESS,41184,1.1741,HEALTHY,True
TLM-000643,ENT-03,AST-00136,2024-01-01 00:00:00+00:00,2024-02-01 00:00:00+00:00,ENDPOINT_PROCESS,20337,1.1995,HEALTHY,True
TLM-000644,ENT-03,AST-00136,2024-02-01 00:00:00+00:00,2024-03-01 00:00:00+00:00,ENDPOINT_PROCESS,15690,1.1161,HEALTHY,True
TLM-000645,ENT-03,AST-00136,2024-03-01 00:00:00+00:00,2024-04-01 00:00:00+00:00,ENDPOINT_PROCESS,15846,0.993,HEALTHY,True
TLM-000646,ENT-03,AST-00136,2024-04-01 00:00:00+00:00,2024-05-01 00:00:00+00:00,ENDPOINT_PROCESS,22408,0.8331,HEALTHY,True
TLM-000647,ENT-03,AST-00136,2024-05-01 00:00:00+00:00,2024-06-01 00:00:00+00:00,ENDPOINT_PROCESS,18573,0.9814,HEALTHY,True
TLM-000648,ENT-03,AST-00136,2024-06-01 00:00:00+00:00,2024-07-01 00:00:00+00:00,ENDPOINT_PROCESS,24673,1.0346,HEALTHY,True
TLM-000649,ENT-04,AST-00137,2024-01-01 00:00:00+00:00,2024-02-01 00:00:00+00:00,ENDPOINT_PROCESS,25070,1.1127,HEALTHY,True
TLM-000650,ENT-04,AST-00137,2024-02-01 00:00:00+00:00,2024-03-01 00:00:00+00:00,ENDPOINT_PROCESS,36340,0.9568,DEGRADED,True
TLM-000651,ENT-04,AST-00137,2024-03-01 00:00:00+00:00,2024-04-01 00:00:00+00:00,ENDPOINT_PROCESS,24592,0.8639,HEALTHY,True
TLM-000652,ENT-04,AST-00137,2024-04-01 00:00:00+00:00,2024-05-01 00:00:00+00:00,ENDPOINT_PROCESS,37623,1.0525,HEALTHY,True
TLM-000653,ENT-04,AST-00137,2024-05-01 00:00:00+00:00,2024-06-01 00:00:00+00:00,ENDPOINT_PROCESS,22328,1.0209,HEALTHY,True
TLM-000654,ENT-04,AST-00137,2024-06-01 00:00:00+00:00,2024-07-01 00:00:00+00:00,ENDPOINT_PROCESS,44185,0.8734,HEALTHY,True
TLM-000655,ENT-04,AST-00138,2024-01-01 00:00:00+00:00,2024-02-01 00:00:00+00:00,NETWORK_FLOW,23400,1.2601,HEALTHY,True
TLM-000656,ENT-04,AST-00138,2024-02-01 00:00:00+00:00,2024-03-01 00:00:00+00:00,NETWORK_FLOW,26851,1.0693,HEALTHY,True
TLM-000657,ENT-04,AST-00138,2024-03-01 00:00:00+00:00,2024-04-01 00:00:00+00:00,NETWORK_FLOW,29551,1.054,HEALTHY,True
TLM-000658,ENT-04,AST-00138,2024-04-01 00:00:00+00:00,2024-05-01 00:00:00+00:00,NETWORK_FLOW,27968,1.1442,HEALTHY,True
TLM-000659,ENT-04,AST-00138,2024-05-01 00:00:00+00:00,2024-06-01 00:00:00+00:00,NETWORK_FLOW,30315,1.23,HEALTHY,True
TLM-000660,ENT-04,AST-00138,2024-06-01 00:00:00+00:00,2024-07-01 00:00:00+00:00,NETWORK_FLOW,26243,0.9117,HEALTHY,True
TLM-000661,ENT-04,AST-00139,2024-01-01 00:00:00+00:00,2024-02-01 00:00:00+00:00,CLOUD_AUDIT,38935,0.7644,DEGRADED,True
TLM-000662,ENT-04,AST-00139,2024-02-01 00:00:00+00:00,2024-03-01 00:00:00+00:00,CLOUD_AUDIT,53069,0.7959,HEALTHY,True
TLM-000663,ENT-04,AST-00139,2024-03-01 00:00:00+00:00,2024-04-01 00:00:00+00:00,CLOUD_AUDIT,44565,0.8551,HEALTHY,True
TLM-000664,ENT-04,AST-00139,2024-04-01 00:00:00+00:00,2024-05-01 00:00:00+00:00,CLOUD_AUDIT,38126,1.0772,HEALTHY,True
TLM-000665,ENT-04,AST-00139,2024-05-01 00:00:00+00:00,2024-06-01 00:00:00+00:00,CLOUD_AUDIT,33798,1.1444,HEALTHY,True
TLM-000666,ENT-04,AST-00139,2024-06-01 00:00:00+00:00,2024-07-01 00:00:00+00:00,CLOUD_AUDIT,60708,1.0284,HEALTHY,True
TLM-000667,ENT-04,AST-00140,2024-01-01 00:00:00+00:00,2024-02-01 00:00:00+00:00,AUTHENTICATION,4780,1.0611,HEALTHY,True
TLM-000668,ENT-04,AST-00140,2024-02-01 00:00:00+00:00,2024-03-01 00:00:00+00:00,AUTHENTICATION,7160,1.0777,DEGRADED,True
TLM-000669,ENT-04,AST-00140,2024-03-01 00:00:00+00:00,2024-04-01 00:00:00+00:00,AUTHENTICATION,6683,1.0301,HEALTHY,True
TLM-000670,ENT-04,AST-00140,2024-04-01 00:00:00+00:00,2024-05-01 00:00:00+00:00,AUTHENTICATION,9386,1.1732,HEALTHY,True
TLM-000671,ENT-04,AST-00140,2024-05-01 00:00:00+00:00,2024-06-01 00:00:00+00:00,AUTHENTICATION,7543,1.3107,HEALTHY,True
TLM-000672,ENT-04,AST-00140,2024-06-01 00:00:00+00:00,2024-07-01 00:00:00+00:00,AUTHENTICATION,8776,0.7882,HEALTHY,True
TLM-000673,ENT-04,AST-00141,2024-01-01 00:00:00+00:00,2024-02-01 00:00:00+00:00,ENDPOINT_PROCESS,27765,1.1057,HEALTHY,True
TLM-000674,ENT-04,AST-00141,2024-02-01 00:00:00+00:00,2024-03-01 00:00:00+00:00,ENDPOINT_PROCESS,30913,1.386,HEALTHY,True
TLM-000675,ENT-04,AST-00141,2024-03-01 00:00:00+00:00,2024-04-01 00:00:00+00:00,ENDPOINT_PROCESS,30563,0.8637,HEALTHY,True
TLM-000676,ENT-04,AST-00141,2024-04-01 00:00:00+00:00,2024-05-01 00:00:00+00:00,ENDPOINT_PROCESS,25322,1.1438,HEALTHY,True
TLM-000677,ENT-04,AST-00141,2024-05-01 00:00:00+00:00,2024-06-01 00:00:00+00:00,ENDPOINT_PROCESS,29658,0.9297,HEALTHY,True
TLM-000678,ENT-04,AST-00141,2024-06-01 00:00:00+00:00,2024-07-01 00:00:00+00:00,ENDPOINT_PROCESS,36610,0.8577,HEALTHY,True
TLM-000679,ENT-04,AST-00142,2024-01-01 00:00:00+00:00,2024-02-01 00:00:00+00:00,ENDPOINT_PROCESS,94244,1.0775,HEALTHY,True
TLM-000680,ENT-04,AST-00142,2024-02-01 00:00:00+00:00,2024-03-01 00:00:00+00:00,ENDPOINT_PROCESS,93378,0.9711,HEALTHY,True
TLM-000681,ENT-04,AST-00142,2024-03-01 00:00:00+00:00,2024-04-01 00:00:00+00:00,ENDPOINT_PROCESS,76909,1.0079,HEALTHY,True
TLM-000682,ENT-04,AST-00142,2024-04-01 00:00:00+00:00,2024-05-01 00:00:00+00:00,ENDPOINT_PROCESS,107754,0.9375,HEALTHY,True
TLM-000683,ENT-04,AST-00142,2024-05-01 00:00:00+00:00,2024-06-01 00:00:00+00:00,ENDPOINT_PROCESS,51554,0.9477,HEALTHY,True
TLM-000684,ENT-04,AST-00142,2024-06-01 00:00:00+00:00,2024-07-01 00:00:00+00:00,ENDPOINT_PROCESS,68843,1.1132,HEALTHY,True
TLM-000685,ENT-04,AST-00143,2024-01-01 00:00:00+00:00,2024-02-01 00:00:00+00:00,FILE_INTEGRITY,4572,1.0901,HEALTHY,True
TLM-000686,ENT-04,AST-00143,2024-02-01 00:00:00+00:00,2024-03-01 00:00:00+00:00,FILE_INTEGRITY,6478,1.1874,HEALTHY,True
TLM-000687,ENT-04,AST-00143,2024-03-01 00:00:00+00:00,2024-04-01 00:00:00+00:00,FILE_INTEGRITY,4529,1.095,HEALTHY,True
TLM-000688,ENT-04,AST-00143,2024-04-01 00:00:00+00:00,2024-05-01 00:00:00+00:00,FILE_INTEGRITY,4951,0.9658,HEALTHY,True
TLM-000689,ENT-04,AST-00143,2024-05-01 00:00:00+00:00,2024-06-01 00:00:00+00:00,FILE_INTEGRITY,4736,1.2125,HEALTHY,True
TLM-000690,ENT-04,AST-00143,2024-06-01 00:00:00+00:00,2024-07-01 00:00:00+00:00,FILE_INTEGRITY,5715,1.3338,HEALTHY,True
TLM-000691,ENT-04,AST-00144,2024-01-01 00:00:00+00:00,2024-02-01 00:00:00+00:00,ENDPOINT_PROCESS,16115,1.3313,HEALTHY,True
TLM-000692,ENT-04,AST-00144,2024-02-01 00:00:00+00:00,2024-03-01 00:00:00+00:00,ENDPOINT_PROCESS,13623,1.0058,HEALTHY,True
TLM-000693,ENT-04,AST-00144,2024-03-01 00:00:00+00:00,2024-04-01 00:00:00+00:00,ENDPOINT_PROCESS,19353,1.1942,HEALTHY,True
TLM-000694,ENT-04,AST-00144,2024-04-01 00:00:00+00:00,2024-05-01 00:00:00+00:00,ENDPOINT_PROCESS,16502,1.1045,HEALTHY,True
TLM-000695,ENT-04,AST-00144,2024-05-01 00:00:00+00:00,2024-06-01 00:00:00+00:00,ENDPOINT_PROCESS,18944,0.8796,HEALTHY,True
TLM-000696,ENT-04,AST-00144,2024-06-01 00:00:00+00:00,2024-07-01 00:00:00+00:00,ENDPOINT_PROCESS,22370,1.0929,HEALTHY,True
TLM-000697,ENT-04,AST-00145,2024-01-01 00:00:00+00:00,2024-02-01 00:00:00+00:00,FILE_INTEGRITY,5933,0.8836,DEGRADED,True
TLM-000698,ENT-04,AST-00145,2024-02-01 00:00:00+00:00,2024-03-01 00:00:00+00:00,FILE_INTEGRITY,5692,1.1088,HEALTHY,True
TLM-000699,ENT-04,AST-00145,2024-03-01 00:00:00+00:00,2024-04-01 00:00:00+00:00,FILE_INTEGRITY,4988,0.9319,HEALTHY,True
TLM-000700,ENT-04,AST-00145,2024-04-01 00:00:00+00:00,2024-05-01 00:00:00+00:00,FILE_INTEGRITY,6214,0.979,HEALTHY,True
TLM-000701,ENT-04,AST-00145,2024-05-01 00:00:00+00:00,2024-06-01 00:00:00+00:00,FILE_INTEGRITY,5276,0.9982,HEALTHY,True
TLM-000702,ENT-04,AST-00145,2024-06-01 00:00:00+00:00,2024-07-01 00:00:00+00:00,FILE_INTEGRITY,5468,1.1733,HEALTHY,True
TLM-000703,ENT-04,AST-00147,2024-01-01 00:00:00+00:00,2024-02-01 00:00:00+00:00,ENDPOINT_PROCESS,38756,0.99,HEALTHY,True
TLM-000704,ENT-04,AST-00147,2024-02-01 00:00:00+00:00,2024-03-01 00:00:00+00:00,ENDPOINT_PROCESS,49092,1.0746,HEALTHY,True
TLM-000705,ENT-04,AST-00147,2024-03-01 00:00:00+00:00,2024-04-01 00:00:00+00:00,ENDPOINT_PROCESS,59499,1.0136,HEALTHY,True
TLM-000706,ENT-04,AST-00147,2024-04-01 00:00:00+00:00,2024-05-01 00:00:00+00:00,ENDPOINT_PROCESS,64817,1.0865,HEALTHY,True
TLM-000707,ENT-04,AST-00147,2024-05-01 00:00:00+00:00,2024-06-01 00:00:00+00:00,ENDPOINT_PROCESS,37495,0.9681,HEALTHY,True
TLM-000708,ENT-04,AST-00147,2024-06-01 00:00:00+00:00,2024-07-01 00:00:00+00:00,ENDPOINT_PROCESS,49406,1.0893,HEALTHY,True
TLM-000709,ENT-04,AST-00148,2024-01-01 00:00:00+00:00,2024-02-01 00:00:00+00:00,ENDPOINT_PROCESS,27838,0.9487,HEALTHY,True
TLM-000710,ENT-04,AST-00148,2024-02-01 00:00:00+00:00,2024-03-01 00:00:00+00:00,ENDPOINT_PROCESS,28298,0.8506,DEGRADED,True
TLM-000711,ENT-04,AST-00148,2024-03-01 00:00:00+00:00,2024-04-01 00:00:00+00:00,ENDPOINT_PROCESS,32299,0.8251,HEALTHY,True
TLM-000712,ENT-04,AST-00148,2024-04-01 00:00:00+00:00,2024-05-01 00:00:00+00:00,ENDPOINT_PROCESS,36387,0.9271,HEALTHY,True
TLM-000713,ENT-04,AST-00148,2024-05-01 00:00:00+00:00,2024-06-01 00:00:00+00:00,ENDPOINT_PROCESS,28333,1.1477,HEALTHY,True
TLM-000714,ENT-04,AST-00148,2024-06-01 00:00:00+00:00,2024-07-01 00:00:00+00:00,ENDPOINT_PROCESS,39237,0.9537,DEGRADED,True
TLM-000715,ENT-04,AST-00149,2024-01-01 00:00:00+00:00,2024-02-01 00:00:00+00:00,CLOUD_AUDIT,17278,1.315,DEGRADED,True
TLM-000716,ENT-04,AST-00149,2024-02-01 00:00:00+00:00,2024-03-01 00:00:00+00:00,CLOUD_AUDIT,19619,0.9694,HEALTHY,True
TLM-000717,ENT-04,AST-00149,2024-03-01 00:00:00+00:00,2024-04-01 00:00:00+00:00,CLOUD_AUDIT,17189,0.9093,HEALTHY,True
TLM-000718,ENT-04,AST-00149,2024-04-01 00:00:00+00:00,2024-05-01 00:00:00+00:00,CLOUD_AUDIT,28036,1.0867,HEALTHY,True
TLM-000719,ENT-04,AST-00149,2024-05-01 00:00:00+00:00,2024-06-01 00:00:00+00:00,CLOUD_AUDIT,15967,0.9629,HEALTHY,True
TLM-000720,ENT-04,AST-00149,2024-06-01 00:00:00+00:00,2024-07-01 00:00:00+00:00,CLOUD_AUDIT,19282,0.9043,DEGRADED,True
TLM-000721,ENT-04,AST-00150,2024-01-01 00:00:00+00:00,2024-02-01 00:00:00+00:00,ENDPOINT_PROCESS,50191,1.074,HEALTHY,True
TLM-000722,ENT-04,AST-00150,2024-02-01 00:00:00+00:00,2024-03-01 00:00:00+00:00,ENDPOINT_PROCESS,69313,0.9471,HEALTHY,True
TLM-000723,ENT-04,AST-00150,2024-03-01 00:00:00+00:00,2024-04-01 00:00:00+00:00,ENDPOINT_PROCESS,78388,0.9769,HEALTHY,True
TLM-000724,ENT-04,AST-00150,2024-04-01 00:00:00+00:00,2024-05-01 00:00:00+00:00,ENDPOINT_PROCESS,77211,1.0582,HEALTHY,True
TLM-000725,ENT-04,AST-00150,2024-05-01 00:00:00+00:00,2024-06-01 00:00:00+00:00,ENDPOINT_PROCESS,67116,0.6979,HEALTHY,True
TLM-000726,ENT-04,AST-00150,2024-06-01 00:00:00+00:00,2024-07-01 00:00:00+00:00,ENDPOINT_PROCESS,77260,1.1716,HEALTHY,True
TLM-000727,ENT-04,AST-00151,2024-01-01 00:00:00+00:00,2024-02-01 00:00:00+00:00,CLOUD_AUDIT,9748,0.743,HEALTHY,True
TLM-000728,ENT-04,AST-00151,2024-02-01 00:00:00+00:00,2024-03-01 00:00:00+00:00,CLOUD_AUDIT,10783,1.0981,DEGRADED,True
TLM-000729,ENT-04,AST-00151,2024-03-01 00:00:00+00:00,2024-04-01 00:00:00+00:00,CLOUD_AUDIT,13038,0.6053,HEALTHY,True
TLM-000730,ENT-04,AST-00151,2024-04-01 00:00:00+00:00,2024-05-01 00:00:00+00:00,CLOUD_AUDIT,9707,0.9316,HEALTHY,True
TLM-000731,ENT-04,AST-00151,2024-05-01 00:00:00+00:00,2024-06-01 00:00:00+00:00,CLOUD_AUDIT,13153,1.118,HEALTHY,True
TLM-000732,ENT-04,AST-00151,2024-06-01 00:00:00+00:00,2024-07-01 00:00:00+00:00,CLOUD_AUDIT,13649,1.1676,HEALTHY,True
TLM-000733,ENT-04,AST-00153,2024-01-01 00:00:00+00:00,2024-02-01 00:00:00+00:00,CLOUD_AUDIT,14420,1.1402,HEALTHY,True
TLM-000734,ENT-04,AST-00153,2024-02-01 00:00:00+00:00,2024-03-01 00:00:00+00:00,CLOUD_AUDIT,24154,0.9002,HEALTHY,True
TLM-000735,ENT-04,AST-00153,2024-03-01 00:00:00+00:00,2024-04-01 00:00:00+00:00,CLOUD_AUDIT,18881,0.8199,DEGRADED,True
TLM-000736,ENT-04,AST-00153,2024-04-01 00:00:00+00:00,2024-05-01 00:00:00+00:00,CLOUD_AUDIT,24864,0.8586,HEALTHY,True
TLM-000737,ENT-04,AST-00153,2024-05-01 00:00:00+00:00,2024-06-01 00:00:00+00:00,CLOUD_AUDIT,18631,0.9617,HEALTHY,True
TLM-000738,ENT-04,AST-00153,2024-06-01 00:00:00+00:00,2024-07-01 00:00:00+00:00,CLOUD_AUDIT,16795,1.1329,HEALTHY,True
TLM-000739,ENT-04,AST-00154,2024-01-01 00:00:00+00:00,2024-02-01 00:00:00+00:00,ENDPOINT_PROCESS,15089,0.9018,HEALTHY,True
TLM-000740,ENT-04,AST-00154,2024-02-01 00:00:00+00:00,2024-03-01 00:00:00+00:00,ENDPOINT_PROCESS,19525,1.0586,HEALTHY,True
TLM-000741,ENT-04,AST-00154,2024-03-01 00:00:00+00:00,2024-04-01 00:00:00+00:00,ENDPOINT_PROCESS,15448,1.1172,HEALTHY,True
TLM-000742,ENT-04,AST-00154,2024-04-01 00:00:00+00:00,2024-05-01 00:00:00+00:00,ENDPOINT_PROCESS,15235,0.767,HEALTHY,True
TLM-000743,ENT-04,AST-00154,2024-05-01 00:00:00+00:00,2024-06-01 00:00:00+00:00,ENDPOINT_PROCESS,15999,1.1981,HEALTHY,True
TLM-000744,ENT-04,AST-00154,2024-06-01 00:00:00+00:00,2024-07-01 00:00:00+00:00,ENDPOINT_PROCESS,22129,1.0783,HEALTHY,True
TLM-000745,ENT-04,AST-00155,2024-01-01 00:00:00+00:00,2024-02-01 00:00:00+00:00,ENDPOINT_PROCESS,27593,0.8654,HEALTHY,True
TLM-000746,ENT-04,AST-00155,2024-02-01 00:00:00+00:00,2024-03-01 00:00:00+00:00,ENDPOINT_PROCESS,35462,1.0848,HEALTHY,True
TLM-000747,ENT-04,AST-00155,2024-03-01 00:00:00+00:00,2024-04-01 00:00:00+00:00,ENDPOINT_PROCESS,26099,1.0172,HEALTHY,True
TLM-000748,ENT-04,AST-00155,2024-04-01 00:00:00+00:00,2024-05-01 00:00:00+00:00,ENDPOINT_PROCESS,39112,0.7704,DEGRADED,True
TLM-000749,ENT-04,AST-00155,2024-05-01 00:00:00+00:00,2024-06-01 00:00:00+00:00,ENDPOINT_PROCESS,25063,0.7343,HEALTHY,True
TLM-000750,ENT-04,AST-00155,2024-06-01 00:00:00+00:00,2024-07-01 00:00:00+00:00,ENDPOINT_PROCESS,35436,0.8445,DEGRADED,True
TLM-000751,ENT-04,AST-00157,2024-01-01 00:00:00+00:00,2024-02-01 00:00:00+00:00,ENDPOINT_PROCESS,69138,1.0657,HEALTHY,True
TLM-000752,ENT-04,AST-00157,2024-02-01 00:00:00+00:00,2024-03-01 00:00:00+00:00,ENDPOINT_PROCESS,79853,0.9037,HEALTHY,True
TLM-000753,ENT-04,AST-00157,2024-03-01 00:00:00+00:00,2024-04-01 00:00:00+00:00,ENDPOINT_PROCESS,67385,1.0804,HEALTHY,True
TLM-000754,ENT-04,AST-00157,2024-04-01 00:00:00+00:00,2024-05-01 00:00:00+00:00,ENDPOINT_PROCESS,74769,0.9514,HEALTHY,True
TLM-000755,ENT-04,AST-00157,2024-05-01 00:00:00+00:00,2024-06-01 00:00:00+00:00,ENDPOINT_PROCESS,68025,0.7201,DEGRADED,True
TLM-000756,ENT-04,AST-00157,2024-06-01 00:00:00+00:00,2024-07-01 00:00:00+00:00,ENDPOINT_PROCESS,85999,1.1493,HEALTHY,True
TLM-000757,ENT-04,AST-00158,2024-01-01 00:00:00+00:00,2024-02-01 00:00:00+00:00,FILE_INTEGRITY,7858,1.2187,HEALTHY,True
TLM-000758,ENT-04,AST-00158,2024-02-01 00:00:00+00:00,2024-03-01 00:00:00+00:00,FILE_INTEGRITY,11434,1.1619,DEGRADED,True
TLM-000759,ENT-04,AST-00158,2024-03-01 00:00:00+00:00,2024-04-01 00:00:00+00:00,FILE_INTEGRITY,13878,0.9143,DEGRADED,True
TLM-000760,ENT-04,AST-00158,2024-04-01 00:00:00+00:00,2024-05-01 00:00:00+00:00,FILE_INTEGRITY,15871,0.9978,HEALTHY,True
TLM-000761,ENT-04,AST-00158,2024-05-01 00:00:00+00:00,2024-06-01 00:00:00+00:00,FILE_INTEGRITY,11151,0.9677,DEGRADED,True
TLM-000762,ENT-04,AST-00158,2024-06-01 00:00:00+00:00,2024-07-01 00:00:00+00:00,FILE_INTEGRITY,10863,1.0304,HEALTHY,True
TLM-000763,ENT-04,AST-00160,2024-01-01 00:00:00+00:00,2024-02-01 00:00:00+00:00,AUTHENTICATION,12376,0.9937,HEALTHY,True
TLM-000764,ENT-04,AST-00160,2024-02-01 00:00:00+00:00,2024-03-01 00:00:00+00:00,AUTHENTICATION,10507,1.0581,HEALTHY,True
TLM-000765,ENT-04,AST-00160,2024-03-01 00:00:00+00:00,2024-04-01 00:00:00+00:00,AUTHENTICATION,11459,0.9345,HEALTHY,True
TLM-000766,ENT-04,AST-00160,2024-04-01 00:00:00+00:00,2024-05-01 00:00:00+00:00,AUTHENTICATION,12146,0.7817,HEALTHY,True
TLM-000767,ENT-04,AST-00160,2024-05-01 00:00:00+00:00,2024-06-01 00:00:00+00:00,AUTHENTICATION,10026,1.0694,HEALTHY,True
TLM-000768,ENT-04,AST-00160,2024-06-01 00:00:00+00:00,2024-07-01 00:00:00+00:00,AUTHENTICATION,15579,1.1435,HEALTHY,True
TLM-000769,ENT-05,AST-00162,2024-01-01 00:00:00+00:00,2024-02-01 00:00:00+00:00,ENDPOINT_PROCESS,30265,1.2043,HEALTHY,True
TLM-000770,ENT-05,AST-00162,2024-02-01 00:00:00+00:00,2024-03-01 00:00:00+00:00,ENDPOINT_PROCESS,28703,0.9079,HEALTHY,True
TLM-000771,ENT-05,AST-00162,2024-03-01 00:00:00+00:00,2024-04-01 00:00:00+00:00,ENDPOINT_PROCESS,40177,0.9005,HEALTHY,True
TLM-000772,ENT-05,AST-00162,2024-04-01 00:00:00+00:00,2024-05-01 00:00:00+00:00,ENDPOINT_PROCESS,31848,1.024,HEALTHY,True
TLM-000773,ENT-05,AST-00162,2024-05-01 00:00:00+00:00,2024-06-01 00:00:00+00:00,ENDPOINT_PROCESS,25596,0.9112,DEGRADED,True
TLM-000774,ENT-05,AST-00162,2024-06-01 00:00:00+00:00,2024-07-01 00:00:00+00:00,ENDPOINT_PROCESS,39730,0.8897,HEALTHY,True
TLM-000775,ENT-05,AST-00163,2024-01-01 00:00:00+00:00,2024-02-01 00:00:00+00:00,ENDPOINT_PROCESS,47479,1.0186,HEALTHY,True
TLM-000776,ENT-05,AST-00163,2024-02-01 00:00:00+00:00,2024-03-01 00:00:00+00:00,ENDPOINT_PROCESS,64569,0.8739,HEALTHY,True
TLM-000777,ENT-05,AST-00163,2024-03-01 00:00:00+00:00,2024-04-01 00:00:00+00:00,ENDPOINT_PROCESS,74291,1.2445,HEALTHY,True
TLM-000778,ENT-05,AST-00163,2024-04-01 00:00:00+00:00,2024-05-01 00:00:00+00:00,ENDPOINT_PROCESS,70189,1.0112,HEALTHY,True
TLM-000779,ENT-05,AST-00163,2024-05-01 00:00:00+00:00,2024-06-01 00:00:00+00:00,ENDPOINT_PROCESS,82952,1.0575,HEALTHY,True
TLM-000780,ENT-05,AST-00163,2024-06-01 00:00:00+00:00,2024-07-01 00:00:00+00:00,ENDPOINT_PROCESS,76948,1.1543,HEALTHY,True
TLM-000781,ENT-05,AST-00164,2024-01-01 00:00:00+00:00,2024-02-01 00:00:00+00:00,ENDPOINT_PROCESS,10513,1.3174,HEALTHY,True
TLM-000782,ENT-05,AST-00164,2024-02-01 00:00:00+00:00,2024-03-01 00:00:00+00:00,ENDPOINT_PROCESS,16726,0.9888,HEALTHY,True
TLM-000783,ENT-05,AST-00164,2024-03-01 00:00:00+00:00,2024-04-01 00:00:00+00:00,ENDPOINT_PROCESS,14126,0.9562,HEALTHY,True
TLM-000784,ENT-05,AST-00164,2024-04-01 00:00:00+00:00,2024-05-01 00:00:00+00:00,ENDPOINT_PROCESS,21173,0.9788,HEALTHY,True
TLM-000785,ENT-05,AST-00164,2024-05-01 00:00:00+00:00,2024-06-01 00:00:00+00:00,ENDPOINT_PROCESS,18079,0.928,HEALTHY,True
TLM-000786,ENT-05,AST-00164,2024-06-01 00:00:00+00:00,2024-07-01 00:00:00+00:00,ENDPOINT_PROCESS,21469,1.0888,HEALTHY,True
TLM-000787,ENT-05,AST-00165,2024-01-01 00:00:00+00:00,2024-02-01 00:00:00+00:00,ENDPOINT_PROCESS,73899,1.0713,HEALTHY,True
TLM-000788,ENT-05,AST-00165,2024-02-01 00:00:00+00:00,2024-03-01 00:00:00+00:00,ENDPOINT_PROCESS,81395,1.0309,HEALTHY,True
TLM-000789,ENT-05,AST-00165,2024-03-01 00:00:00+00:00,2024-04-01 00:00:00+00:00,ENDPOINT_PROCESS,71421,0.8166,HEALTHY,True
TLM-000790,ENT-05,AST-00165,2024-04-01 00:00:00+00:00,2024-05-01 00:00:00+00:00,ENDPOINT_PROCESS,68643,0.9575,HEALTHY,True
TLM-000791,ENT-05,AST-00165,2024-05-01 00:00:00+00:00,2024-06-01 00:00:00+00:00,ENDPOINT_PROCESS,63661,1.0358,HEALTHY,True
TLM-000792,ENT-05,AST-00165,2024-06-01 00:00:00+00:00,2024-07-01 00:00:00+00:00,ENDPOINT_PROCESS,94088,0.8075,HEALTHY,True
TLM-000793,ENT-05,AST-00167,2024-01-01 00:00:00+00:00,2024-02-01 00:00:00+00:00,ENDPOINT_PROCESS,17609,0.9103,HEALTHY,True
TLM-000794,ENT-05,AST-00167,2024-02-01 00:00:00+00:00,2024-03-01 00:00:00+00:00,ENDPOINT_PROCESS,24874,0.8905,HEALTHY,True
TLM-000795,ENT-05,AST-00167,2024-03-01 00:00:00+00:00,2024-04-01 00:00:00+00:00,ENDPOINT_PROCESS,35207,1.0338,HEALTHY,True
TLM-000796,ENT-05,AST-00167,2024-04-01 00:00:00+00:00,2024-05-01 00:00:00+00:00,ENDPOINT_PROCESS,25425,0.999,HEALTHY,True
TLM-000797,ENT-05,AST-00167,2024-05-01 00:00:00+00:00,2024-06-01 00:00:00+00:00,ENDPOINT_PROCESS,26576,0.9309,HEALTHY,True
TLM-000798,ENT-05,AST-00167,2024-06-01 00:00:00+00:00,2024-07-01 00:00:00+00:00,ENDPOINT_PROCESS,28249,0.899,HEALTHY,True
TLM-000799,ENT-05,AST-00170,2024-01-01 00:00:00+00:00,2024-02-01 00:00:00+00:00,ENDPOINT_PROCESS,16399,0.9163,HEALTHY,True
TLM-000800,ENT-05,AST-00170,2024-02-01 00:00:00+00:00,2024-03-01 00:00:00+00:00,ENDPOINT_PROCESS,13293,0.8299,HEALTHY,True
TLM-000801,ENT-05,AST-00170,2024-03-01 00:00:00+00:00,2024-04-01 00:00:00+00:00,ENDPOINT_PROCESS,19207,1.2498,HEALTHY,True
TLM-000802,ENT-05,AST-00170,2024-04-01 00:00:00+00:00,2024-05-01 00:00:00+00:00,ENDPOINT_PROCESS,18932,1.0114,HEALTHY,True
TLM-000803,ENT-05,AST-00170,2024-05-01 00:00:00+00:00,2024-06-01 00:00:00+00:00,ENDPOINT_PROCESS,16306,1.0707,HEALTHY,True
TLM-000804,ENT-05,AST-00170,2024-06-01 00:00:00+00:00,2024-07-01 00:00:00+00:00,ENDPOINT_PROCESS,20772,0.8777,HEALTHY,True
TLM-000805,ENT-05,AST-00171,2024-01-01 00:00:00+00:00,2024-02-01 00:00:00+00:00,CLOUD_AUDIT,8850,0.8534,HEALTHY,True
TLM-000806,ENT-05,AST-00171,2024-02-01 00:00:00+00:00,2024-03-01 00:00:00+00:00,CLOUD_AUDIT,13589,0.8138,HEALTHY,True
TLM-000807,ENT-05,AST-00171,2024-03-01 00:00:00+00:00,2024-04-01 00:00:00+00:00,CLOUD_AUDIT,11127,0.9218,HEALTHY,True
TLM-000808,ENT-05,AST-00171,2024-04-01 00:00:00+00:00,2024-05-01 00:00:00+00:00,CLOUD_AUDIT,14895,1.0489,HEALTHY,True
TLM-000809,ENT-05,AST-00171,2024-05-01 00:00:00+00:00,2024-06-01 00:00:00+00:00,CLOUD_AUDIT,9945,0.8672,HEALTHY,True
TLM-000810,ENT-05,AST-00171,2024-06-01 00:00:00+00:00,2024-07-01 00:00:00+00:00,CLOUD_AUDIT,14394,1.044,HEALTHY,True
TLM-000811,ENT-05,AST-00172,2024-01-01 00:00:00+00:00,2024-02-01 00:00:00+00:00,ENDPOINT_PROCESS,25700,1.394,HEALTHY,True
TLM-000812,ENT-05,AST-00172,2024-02-01 00:00:00+00:00,2024-03-01 00:00:00+00:00,ENDPOINT_PROCESS,26032,0.9552,HEALTHY,True
TLM-000813,ENT-05,AST-00172,2024-03-01 00:00:00+00:00,2024-04-01 00:00:00+00:00,ENDPOINT_PROCESS,37692,1.1675,DEGRADED,True
TLM-000814,ENT-05,AST-00172,2024-04-01 00:00:00+00:00,2024-05-01 00:00:00+00:00,ENDPOINT_PROCESS,30672,1.173,HEALTHY,True
TLM-000815,ENT-05,AST-00172,2024-05-01 00:00:00+00:00,2024-06-01 00:00:00+00:00,ENDPOINT_PROCESS,28720,0.976,HEALTHY,True
TLM-000816,ENT-05,AST-00172,2024-06-01 00:00:00+00:00,2024-07-01 00:00:00+00:00,ENDPOINT_PROCESS,30167,0.646,HEALTHY,True
TLM-000817,ENT-05,AST-00173,2024-01-01 00:00:00+00:00,2024-02-01 00:00:00+00:00,ENDPOINT_PROCESS,66623,0.8584,HEALTHY,True
TLM-000818,ENT-05,AST-00173,2024-02-01 00:00:00+00:00,2024-03-01 00:00:00+00:00,ENDPOINT_PROCESS,79249,0.7884,HEALTHY,True
TLM-000819,ENT-05,AST-00173,2024-03-01 00:00:00+00:00,2024-04-01 00:00:00+00:00,ENDPOINT_PROCESS,71527,1.033,HEALTHY,True
TLM-000820,ENT-05,AST-00173,2024-04-01 00:00:00+00:00,2024-05-01 00:00:00+00:00,ENDPOINT_PROCESS,88309,0.9268,HEALTHY,True
TLM-000821,ENT-05,AST-00173,2024-05-01 00:00:00+00:00,2024-06-01 00:00:00+00:00,ENDPOINT_PROCESS,65846,0.9578,HEALTHY,True
TLM-000822,ENT-05,AST-00173,2024-06-01 00:00:00+00:00,2024-07-01 00:00:00+00:00,ENDPOINT_PROCESS,88777,1.0133,HEALTHY,True
TLM-000823,ENT-05,AST-00174,2024-01-01 00:00:00+00:00,2024-02-01 00:00:00+00:00,CLOUD_AUDIT,15157,1.1848,HEALTHY,True
TLM-000824,ENT-05,AST-00174,2024-02-01 00:00:00+00:00,2024-03-01 00:00:00+00:00,CLOUD_AUDIT,11855,1.0793,HEALTHY,True
TLM-000825,ENT-05,AST-00174,2024-03-01 00:00:00+00:00,2024-04-01 00:00:00+00:00,CLOUD_AUDIT,18946,0.8655,HEALTHY,True
TLM-000826,ENT-05,AST-00174,2024-04-01 00:00:00+00:00,2024-05-01 00:00:00+00:00,CLOUD_AUDIT,19312,1.1517,HEALTHY,True
TLM-000827,ENT-05,AST-00174,2024-05-01 00:00:00+00:00,2024-06-01 00:00:00+00:00,CLOUD_AUDIT,18866,0.7388,HEALTHY,True
TLM-000828,ENT-05,AST-00174,2024-06-01 00:00:00+00:00,2024-07-01 00:00:00+00:00,CLOUD_AUDIT,19590,1.0201,HEALTHY,True
TLM-000829,ENT-05,AST-00175,2024-01-01 00:00:00+00:00,2024-02-01 00:00:00+00:00,ENDPOINT_PROCESS,26421,1.0034,HEALTHY,True
TLM-000830,ENT-05,AST-00175,2024-02-01 00:00:00+00:00,2024-03-01 00:00:00+00:00,ENDPOINT_PROCESS,21973,1.1969,HEALTHY,True
TLM-000831,ENT-05,AST-00175,2024-03-01 00:00:00+00:00,2024-04-01 00:00:00+00:00,ENDPOINT_PROCESS,34289,0.8921,HEALTHY,True
TLM-000832,ENT-05,AST-00175,2024-04-01 00:00:00+00:00,2024-05-01 00:00:00+00:00,ENDPOINT_PROCESS,30387,1.1436,HEALTHY,True
TLM-000833,ENT-05,AST-00175,2024-05-01 00:00:00+00:00,2024-06-01 00:00:00+00:00,ENDPOINT_PROCESS,30680,0.8887,DEGRADED,True
TLM-000834,ENT-05,AST-00175,2024-06-01 00:00:00+00:00,2024-07-01 00:00:00+00:00,ENDPOINT_PROCESS,27620,1.1173,HEALTHY,True
TLM-000835,ENT-05,AST-00176,2024-01-01 00:00:00+00:00,2024-02-01 00:00:00+00:00,ENDPOINT_PROCESS,17132,0.9842,HEALTHY,True
TLM-000836,ENT-05,AST-00176,2024-02-01 00:00:00+00:00,2024-03-01 00:00:00+00:00,ENDPOINT_PROCESS,16213,0.9234,HEALTHY,True
TLM-000837,ENT-05,AST-00176,2024-03-01 00:00:00+00:00,2024-04-01 00:00:00+00:00,ENDPOINT_PROCESS,23352,1.1405,HEALTHY,True
TLM-000838,ENT-05,AST-00176,2024-04-01 00:00:00+00:00,2024-05-01 00:00:00+00:00,ENDPOINT_PROCESS,19139,0.7689,HEALTHY,True
TLM-000839,ENT-05,AST-00176,2024-05-01 00:00:00+00:00,2024-06-01 00:00:00+00:00,ENDPOINT_PROCESS,17198,1.0091,HEALTHY,True
TLM-000840,ENT-05,AST-00176,2024-06-01 00:00:00+00:00,2024-07-01 00:00:00+00:00,ENDPOINT_PROCESS,21910,0.9275,HEALTHY,True
TLM-000841,ENT-05,AST-00177,2024-01-01 00:00:00+00:00,2024-02-01 00:00:00+00:00,ENDPOINT_PROCESS,24826,0.8645,HEALTHY,True
TLM-000842,ENT-05,AST-00177,2024-02-01 00:00:00+00:00,2024-03-01 00:00:00+00:00,ENDPOINT_PROCESS,39138,0.9333,HEALTHY,True
TLM-000843,ENT-05,AST-00177,2024-03-01 00:00:00+00:00,2024-04-01 00:00:00+00:00,ENDPOINT_PROCESS,33680,1.1547,HEALTHY,True
TLM-000844,ENT-05,AST-00177,2024-04-01 00:00:00+00:00,2024-05-01 00:00:00+00:00,ENDPOINT_PROCESS,27920,1.0408,HEALTHY,True
TLM-000845,ENT-05,AST-00177,2024-05-01 00:00:00+00:00,2024-06-01 00:00:00+00:00,ENDPOINT_PROCESS,27432,0.8879,HEALTHY,True
TLM-000846,ENT-05,AST-00177,2024-06-01 00:00:00+00:00,2024-07-01 00:00:00+00:00,ENDPOINT_PROCESS,45516,1.1556,HEALTHY,True
TLM-000847,ENT-05,AST-00179,2024-01-01 00:00:00+00:00,2024-02-01 00:00:00+00:00,ENDPOINT_PROCESS,18247,0.8593,HEALTHY,True
TLM-000848,ENT-05,AST-00179,2024-02-01 00:00:00+00:00,2024-03-01 00:00:00+00:00,ENDPOINT_PROCESS,16535,0.7792,HEALTHY,True
TLM-000849,ENT-05,AST-00179,2024-03-01 00:00:00+00:00,2024-04-01 00:00:00+00:00,ENDPOINT_PROCESS,20927,1.0164,HEALTHY,True
TLM-000850,ENT-05,AST-00179,2024-04-01 00:00:00+00:00,2024-05-01 00:00:00+00:00,ENDPOINT_PROCESS,23647,0.9869,HEALTHY,True
TLM-000851,ENT-05,AST-00179,2024-05-01 00:00:00+00:00,2024-06-01 00:00:00+00:00,ENDPOINT_PROCESS,17635,0.9517,HEALTHY,True
TLM-000852,ENT-05,AST-00179,2024-06-01 00:00:00+00:00,2024-07-01 00:00:00+00:00,ENDPOINT_PROCESS,17818,0.865,HEALTHY,True
TLM-000853,ENT-05,AST-00180,2024-01-01 00:00:00+00:00,2024-02-01 00:00:00+00:00,CLOUD_AUDIT,14516,1.0612,HEALTHY,True
TLM-000854,ENT-05,AST-00180,2024-02-01 00:00:00+00:00,2024-03-01 00:00:00+00:00,CLOUD_AUDIT,20525,1.0861,HEALTHY,True
TLM-000855,ENT-05,AST-00180,2024-03-01 00:00:00+00:00,2024-04-01 00:00:00+00:00,CLOUD_AUDIT,20952,1.052,HEALTHY,True
TLM-000856,ENT-05,AST-00180,2024-04-01 00:00:00+00:00,2024-05-01 00:00:00+00:00,CLOUD_AUDIT,22685,0.944,HEALTHY,True
TLM-000857,ENT-05,AST-00180,2024-05-01 00:00:00+00:00,2024-06-01 00:00:00+00:00,CLOUD_AUDIT,18616,0.9783,HEALTHY,True
TLM-000858,ENT-05,AST-00180,2024-06-01 00:00:00+00:00,2024-07-01 00:00:00+00:00,CLOUD_AUDIT,20978,1.2054,HEALTHY,True
TLM-000859,ENT-05,AST-00181,2024-01-01 00:00:00+00:00,2024-02-01 00:00:00+00:00,AUTHENTICATION,13664,1.1294,HEALTHY,True
TLM-000860,ENT-05,AST-00181,2024-02-01 00:00:00+00:00,2024-03-01 00:00:00+00:00,AUTHENTICATION,12771,1.1435,HEALTHY,True
TLM-000861,ENT-05,AST-00181,2024-03-01 00:00:00+00:00,2024-04-01 00:00:00+00:00,AUTHENTICATION,7416,0.9913,HEALTHY,True
TLM-000862,ENT-05,AST-00181,2024-04-01 00:00:00+00:00,2024-05-01 00:00:00+00:00,AUTHENTICATION,12650,0.8777,HEALTHY,True
TLM-000863,ENT-05,AST-00181,2024-05-01 00:00:00+00:00,2024-06-01 00:00:00+00:00,AUTHENTICATION,14704,1.0966,HEALTHY,True
TLM-000864,ENT-05,AST-00181,2024-06-01 00:00:00+00:00,2024-07-01 00:00:00+00:00,AUTHENTICATION,15261,0.9075,HEALTHY,True
TLM-000865,ENT-05,AST-00182,2024-01-01 00:00:00+00:00,2024-02-01 00:00:00+00:00,AUTHENTICATION,30835,1.1434,HEALTHY,True
TLM-000866,ENT-05,AST-00182,2024-02-01 00:00:00+00:00,2024-03-01 00:00:00+00:00,AUTHENTICATION,27688,1.2005,HEALTHY,True
TLM-000867,ENT-05,AST-00182,2024-03-01 00:00:00+00:00,2024-04-01 00:00:00+00:00,AUTHENTICATION,25127,1.0635,HEALTHY,True
TLM-000868,ENT-05,AST-00182,2024-04-01 00:00:00+00:00,2024-05-01 00:00:00+00:00,AUTHENTICATION,37767,0.7669,HEALTHY,True
TLM-000869,ENT-05,AST-00182,2024-05-01 00:00:00+00:00,2024-06-01 00:00:00+00:00,AUTHENTICATION,24560,1.1445,HEALTHY,True
TLM-000870,ENT-05,AST-00182,2024-06-01 00:00:00+00:00,2024-07-01 00:00:00+00:00,AUTHENTICATION,26276,0.9139,HEALTHY,True
TLM-000871,ENT-05,AST-00183,2024-01-01 00:00:00+00:00,2024-02-01 00:00:00+00:00,ENDPOINT_PROCESS,12279,1.07,HEALTHY,True
TLM-000872,ENT-05,AST-00183,2024-02-01 00:00:00+00:00,2024-03-01 00:00:00+00:00,ENDPOINT_PROCESS,16015,0.8486,HEALTHY,True
TLM-000873,ENT-05,AST-00183,2024-03-01 00:00:00+00:00,2024-04-01 00:00:00+00:00,ENDPOINT_PROCESS,23728,0.9017,HEALTHY,True
TLM-000874,ENT-05,AST-00183,2024-04-01 00:00:00+00:00,2024-05-01 00:00:00+00:00,ENDPOINT_PROCESS,19800,0.9272,HEALTHY,True
TLM-000875,ENT-05,AST-00183,2024-05-01 00:00:00+00:00,2024-06-01 00:00:00+00:00,ENDPOINT_PROCESS,14877,1.04,HEALTHY,True
TLM-000876,ENT-05,AST-00183,2024-06-01 00:00:00+00:00,2024-07-01 00:00:00+00:00,ENDPOINT_PROCESS,21957,1.3076,HEALTHY,True
TLM-000877,ENT-05,AST-00184,2024-01-01 00:00:00+00:00,2024-02-01 00:00:00+00:00,ENDPOINT_PROCESS,47942,0.7304,HEALTHY,True
TLM-000878,ENT-05,AST-00184,2024-02-01 00:00:00+00:00,2024-03-01 00:00:00+00:00,ENDPOINT_PROCESS,54587,0.8032,HEALTHY,True
TLM-000879,ENT-05,AST-00184,2024-03-01 00:00:00+00:00,2024-04-01 00:00:00+00:00,ENDPOINT_PROCESS,70299,0.833,HEALTHY,True
TLM-000880,ENT-05,AST-00184,2024-04-01 00:00:00+00:00,2024-05-01 00:00:00+00:00,ENDPOINT_PROCESS,73077,0.9503,HEALTHY,True
TLM-000881,ENT-05,AST-00184,2024-05-01 00:00:00+00:00,2024-06-01 00:00:00+00:00,ENDPOINT_PROCESS,64685,0.9723,HEALTHY,True
TLM-000882,ENT-05,AST-00184,2024-06-01 00:00:00+00:00,2024-07-01 00:00:00+00:00,ENDPOINT_PROCESS,73945,0.8876,DEGRADED,True
TLM-000883,ENT-05,AST-00185,2024-01-01 00:00:00+00:00,2024-02-01 00:00:00+00:00,ENDPOINT_PROCESS,30245,0.8628,HEALTHY,True
TLM-000884,ENT-05,AST-00185,2024-02-01 00:00:00+00:00,2024-03-01 00:00:00+00:00,ENDPOINT_PROCESS,30475,1.0241,HEALTHY,True
TLM-000885,ENT-05,AST-00185,2024-03-01 00:00:00+00:00,2024-04-01 00:00:00+00:00,ENDPOINT_PROCESS,22358,1.0183,HEALTHY,True
TLM-000886,ENT-05,AST-00185,2024-04-01 00:00:00+00:00,2024-05-01 00:00:00+00:00,ENDPOINT_PROCESS,32573,1.1669,HEALTHY,True
TLM-000887,ENT-05,AST-00185,2024-05-01 00:00:00+00:00,2024-06-01 00:00:00+00:00,ENDPOINT_PROCESS,29409,1.1823,HEALTHY,True
TLM-000888,ENT-05,AST-00185,2024-06-01 00:00:00+00:00,2024-07-01 00:00:00+00:00,ENDPOINT_PROCESS,33033,1.1004,HEALTHY,True
TLM-000889,ENT-05,AST-00187,2024-01-01 00:00:00+00:00,2024-02-01 00:00:00+00:00,ENDPOINT_PROCESS,24344,0.9596,HEALTHY,True
TLM-000890,ENT-05,AST-00187,2024-02-01 00:00:00+00:00,2024-03-01 00:00:00+00:00,ENDPOINT_PROCESS,19985,0.9081,HEALTHY,True
TLM-000891,ENT-05,AST-00187,2024-03-01 00:00:00+00:00,2024-04-01 00:00:00+00:00,ENDPOINT_PROCESS,41025,0.7412,HEALTHY,True
TLM-000892,ENT-05,AST-00187,2024-04-01 00:00:00+00:00,2024-05-01 00:00:00+00:00,ENDPOINT_PROCESS,34176,1.0185,HEALTHY,True
TLM-000893,ENT-05,AST-00187,2024-05-01 00:00:00+00:00,2024-06-01 00:00:00+00:00,ENDPOINT_PROCESS,34707,0.7743,HEALTHY,True
TLM-000894,ENT-05,AST-00187,2024-06-01 00:00:00+00:00,2024-07-01 00:00:00+00:00,ENDPOINT_PROCESS,29069,0.9323,HEALTHY,True
TLM-000895,ENT-05,AST-00188,2024-01-01 00:00:00+00:00,2024-02-01 00:00:00+00:00,ENDPOINT_PROCESS,17730,1.0399,HEALTHY,True
TLM-000896,ENT-05,AST-00188,2024-02-01 00:00:00+00:00,2024-03-01 00:00:00+00:00,ENDPOINT_PROCESS,16622,0.9988,HEALTHY,True
TLM-000897,ENT-05,AST-00188,2024-03-01 00:00:00+00:00,2024-04-01 00:00:00+00:00,ENDPOINT_PROCESS,19473,0.7775,HEALTHY,True
TLM-000898,ENT-05,AST-00188,2024-04-01 00:00:00+00:00,2024-05-01 00:00:00+00:00,ENDPOINT_PROCESS,21991,0.8739,HEALTHY,True
TLM-000899,ENT-05,AST-00188,2024-05-01 00:00:00+00:00,2024-06-01 00:00:00+00:00,ENDPOINT_PROCESS,19028,1.0455,HEALTHY,True
TLM-000900,ENT-05,AST-00188,2024-06-01 00:00:00+00:00,2024-07-01 00:00:00+00:00,ENDPOINT_PROCESS,21946,0.8999,HEALTHY,True
TLM-000901,ENT-05,AST-00189,2024-01-01 00:00:00+00:00,2024-02-01 00:00:00+00:00,NETWORK_FLOW,29783,0.9238,HEALTHY,True
TLM-000902,ENT-05,AST-00189,2024-02-01 00:00:00+00:00,2024-03-01 00:00:00+00:00,NETWORK_FLOW,34630,1.16,HEALTHY,True
TLM-000903,ENT-05,AST-00189,2024-03-01 00:00:00+00:00,2024-04-01 00:00:00+00:00,NETWORK_FLOW,26611,1.1661,HEALTHY,True
TLM-000904,ENT-05,AST-00189,2024-04-01 00:00:00+00:00,2024-05-01 00:00:00+00:00,NETWORK_FLOW,29337,1.0621,HEALTHY,True
TLM-000905,ENT-05,AST-00189,2024-05-01 00:00:00+00:00,2024-06-01 00:00:00+00:00,NETWORK_FLOW,30728,0.9824,HEALTHY,True
TLM-000906,ENT-05,AST-00189,2024-06-01 00:00:00+00:00,2024-07-01 00:00:00+00:00,NETWORK_FLOW,36362,0.4189,HEALTHY,True
TLM-000907,ENT-05,AST-00190,2024-01-01 00:00:00+00:00,2024-02-01 00:00:00+00:00,ENDPOINT_PROCESS,29435,1.0769,HEALTHY,True
TLM-000908,ENT-05,AST-00190,2024-02-01 00:00:00+00:00,2024-03-01 00:00:00+00:00,ENDPOINT_PROCESS,26011,0.8301,HEALTHY,True
TLM-000909,ENT-05,AST-00190,2024-03-01 00:00:00+00:00,2024-04-01 00:00:00+00:00,ENDPOINT_PROCESS,35168,1.0959,HEALTHY,True
TLM-000910,ENT-05,AST-00190,2024-04-01 00:00:00+00:00,2024-05-01 00:00:00+00:00,ENDPOINT_PROCESS,35079,1.1172,HEALTHY,True
TLM-000911,ENT-05,AST-00190,2024-05-01 00:00:00+00:00,2024-06-01 00:00:00+00:00,ENDPOINT_PROCESS,30193,0.9768,HEALTHY,True
TLM-000912,ENT-05,AST-00190,2024-06-01 00:00:00+00:00,2024-07-01 00:00:00+00:00,ENDPOINT_PROCESS,39452,1.2523,HEALTHY,True
TLM-000913,ENT-06,AST-00191,2024-01-01 00:00:00+00:00,2024-02-01 00:00:00+00:00,ENDPOINT_PROCESS,39521,1.0287,HEALTHY,True
TLM-000914,ENT-06,AST-00191,2024-02-01 00:00:00+00:00,2024-03-01 00:00:00+00:00,ENDPOINT_PROCESS,43203,1.0362,DEGRADED,True
TLM-000915,ENT-06,AST-00191,2024-03-01 00:00:00+00:00,2024-04-01 00:00:00+00:00,ENDPOINT_PROCESS,48994,0.5374,HEALTHY,True
TLM-000916,ENT-06,AST-00191,2024-04-01 00:00:00+00:00,2024-05-01 00:00:00+00:00,ENDPOINT_PROCESS,53500,1.2065,HEALTHY,True
TLM-000917,ENT-06,AST-00191,2024-05-01 00:00:00+00:00,2024-06-01 00:00:00+00:00,ENDPOINT_PROCESS,32769,1.0925,HEALTHY,True
TLM-000918,ENT-06,AST-00191,2024-06-01 00:00:00+00:00,2024-07-01 00:00:00+00:00,ENDPOINT_PROCESS,55005,1.259,HEALTHY,True
TLM-000919,ENT-06,AST-00192,2024-01-01 00:00:00+00:00,2024-02-01 00:00:00+00:00,CLOUD_AUDIT,10222,1.1905,HEALTHY,True
TLM-000920,ENT-06,AST-00192,2024-02-01 00:00:00+00:00,2024-03-01 00:00:00+00:00,CLOUD_AUDIT,8389,0.9459,HEALTHY,True
TLM-000921,ENT-06,AST-00192,2024-03-01 00:00:00+00:00,2024-04-01 00:00:00+00:00,CLOUD_AUDIT,11005,1.2787,HEALTHY,True
TLM-000922,ENT-06,AST-00192,2024-04-01 00:00:00+00:00,2024-05-01 00:00:00+00:00,CLOUD_AUDIT,14671,1.0668,HEALTHY,True
TLM-000923,ENT-06,AST-00192,2024-05-01 00:00:00+00:00,2024-06-01 00:00:00+00:00,CLOUD_AUDIT,9175,1.061,DEGRADED,True
TLM-000924,ENT-06,AST-00192,2024-06-01 00:00:00+00:00,2024-07-01 00:00:00+00:00,CLOUD_AUDIT,10145,0.7814,HEALTHY,True
TLM-000925,ENT-06,AST-00193,2024-01-01 00:00:00+00:00,2024-02-01 00:00:00+00:00,ENDPOINT_PROCESS,17712,1.2322,HEALTHY,True
TLM-000926,ENT-06,AST-00193,2024-02-01 00:00:00+00:00,2024-03-01 00:00:00+00:00,ENDPOINT_PROCESS,15672,1.3665,HEALTHY,True
TLM-000927,ENT-06,AST-00193,2024-03-01 00:00:00+00:00,2024-04-01 00:00:00+00:00,ENDPOINT_PROCESS,14568,1.1513,HEALTHY,True
TLM-000928,ENT-06,AST-00193,2024-04-01 00:00:00+00:00,2024-05-01 00:00:00+00:00,ENDPOINT_PROCESS,24889,1.1398,HEALTHY,True
TLM-000929,ENT-06,AST-00193,2024-05-01 00:00:00+00:00,2024-06-01 00:00:00+00:00,ENDPOINT_PROCESS,12724,0.9762,HEALTHY,True
TLM-000930,ENT-06,AST-00193,2024-06-01 00:00:00+00:00,2024-07-01 00:00:00+00:00,ENDPOINT_PROCESS,19988,0.9797,HEALTHY,True
TLM-000931,ENT-06,AST-00194,2024-01-01 00:00:00+00:00,2024-02-01 00:00:00+00:00,ENDPOINT_PROCESS,14378,1.0345,HEALTHY,True
TLM-000932,ENT-06,AST-00194,2024-02-01 00:00:00+00:00,2024-03-01 00:00:00+00:00,ENDPOINT_PROCESS,14901,1.1334,HEALTHY,True
TLM-000933,ENT-06,AST-00194,2024-03-01 00:00:00+00:00,2024-04-01 00:00:00+00:00,ENDPOINT_PROCESS,20787,1.2827,HEALTHY,True
TLM-000934,ENT-06,AST-00194,2024-04-01 00:00:00+00:00,2024-05-01 00:00:00+00:00,ENDPOINT_PROCESS,16279,0.8776,HEALTHY,True
TLM-000935,ENT-06,AST-00194,2024-05-01 00:00:00+00:00,2024-06-01 00:00:00+00:00,ENDPOINT_PROCESS,14954,0.8585,HEALTHY,True
TLM-000936,ENT-06,AST-00194,2024-06-01 00:00:00+00:00,2024-07-01 00:00:00+00:00,ENDPOINT_PROCESS,23150,0.9161,HEALTHY,True
TLM-000937,ENT-06,AST-00195,2024-01-01 00:00:00+00:00,2024-02-01 00:00:00+00:00,ENDPOINT_PROCESS,38068,0.8466,HEALTHY,True
TLM-000938,ENT-06,AST-00195,2024-02-01 00:00:00+00:00,2024-03-01 00:00:00+00:00,ENDPOINT_PROCESS,38124,1.0068,HEALTHY,True
TLM-000939,ENT-06,AST-00195,2024-03-01 00:00:00+00:00,2024-04-01 00:00:00+00:00,ENDPOINT_PROCESS,45853,1.0671,HEALTHY,True
TLM-000940,ENT-06,AST-00195,2024-04-01 00:00:00+00:00,2024-05-01 00:00:00+00:00,ENDPOINT_PROCESS,70024,1.0003,HEALTHY,True
TLM-000941,ENT-06,AST-00195,2024-05-01 00:00:00+00:00,2024-06-01 00:00:00+00:00,ENDPOINT_PROCESS,41339,0.9855,HEALTHY,True
TLM-000942,ENT-06,AST-00195,2024-06-01 00:00:00+00:00,2024-07-01 00:00:00+00:00,ENDPOINT_PROCESS,47002,1.1146,HEALTHY,True
TLM-000943,ENT-06,AST-00196,2024-01-01 00:00:00+00:00,2024-02-01 00:00:00+00:00,ENDPOINT_PROCESS,18107,1.0558,HEALTHY,True
TLM-000944,ENT-06,AST-00196,2024-02-01 00:00:00+00:00,2024-03-01 00:00:00+00:00,ENDPOINT_PROCESS,18097,0.9954,HEALTHY,True
TLM-000945,ENT-06,AST-00196,2024-03-01 00:00:00+00:00,2024-04-01 00:00:00+00:00,ENDPOINT_PROCESS,15134,1.0938,HEALTHY,True
TLM-000946,ENT-06,AST-00196,2024-04-01 00:00:00+00:00,2024-05-01 00:00:00+00:00,ENDPOINT_PROCESS,19707,1.3157,DEGRADED,True
TLM-000947,ENT-06,AST-00196,2024-05-01 00:00:00+00:00,2024-06-01 00:00:00+00:00,ENDPOINT_PROCESS,16466,0.9625,HEALTHY,True
TLM-000948,ENT-06,AST-00196,2024-06-01 00:00:00+00:00,2024-07-01 00:00:00+00:00,ENDPOINT_PROCESS,19543,1.2797,HEALTHY,True
TLM-000949,ENT-06,AST-00198,2024-01-01 00:00:00+00:00,2024-02-01 00:00:00+00:00,ENDPOINT_PROCESS,13526,0.7861,HEALTHY,True
TLM-000950,ENT-06,AST-00198,2024-02-01 00:00:00+00:00,2024-03-01 00:00:00+00:00,ENDPOINT_PROCESS,19482,1.0258,HEALTHY,True
TLM-000951,ENT-06,AST-00198,2024-03-01 00:00:00+00:00,2024-04-01 00:00:00+00:00,ENDPOINT_PROCESS,14380,1.0403,HEALTHY,True
TLM-000952,ENT-06,AST-00198,2024-04-01 00:00:00+00:00,2024-05-01 00:00:00+00:00,ENDPOINT_PROCESS,15240,0.8485,HEALTHY,True
TLM-000953,ENT-06,AST-00198,2024-05-01 00:00:00+00:00,2024-06-01 00:00:00+00:00,ENDPOINT_PROCESS,19877,1.0891,HEALTHY,True
TLM-000954,ENT-06,AST-00198,2024-06-01 00:00:00+00:00,2024-07-01 00:00:00+00:00,ENDPOINT_PROCESS,17053,1.0153,HEALTHY,True
TLM-000955,ENT-06,AST-00199,2024-01-01 00:00:00+00:00,2024-02-01 00:00:00+00:00,ENDPOINT_PROCESS,25963,1.0181,HEALTHY,True
TLM-000956,ENT-06,AST-00199,2024-02-01 00:00:00+00:00,2024-03-01 00:00:00+00:00,ENDPOINT_PROCESS,35022,1.2798,HEALTHY,True
TLM-000957,ENT-06,AST-00199,2024-03-01 00:00:00+00:00,2024-04-01 00:00:00+00:00,ENDPOINT_PROCESS,31148,1.0914,HEALTHY,True
TLM-000958,ENT-06,AST-00199,2024-04-01 00:00:00+00:00,2024-05-01 00:00:00+00:00,ENDPOINT_PROCESS,41418,0.8807,HEALTHY,True
TLM-000959,ENT-06,AST-00199,2024-05-01 00:00:00+00:00,2024-06-01 00:00:00+00:00,ENDPOINT_PROCESS,37491,1.0393,HEALTHY,True
TLM-000960,ENT-06,AST-00199,2024-06-01 00:00:00+00:00,2024-07-01 00:00:00+00:00,ENDPOINT_PROCESS,30293,1.1521,HEALTHY,True
TLM-000961,ENT-06,AST-00200,2024-01-01 00:00:00+00:00,2024-02-01 00:00:00+00:00,NETWORK_FLOW,18983,0.9781,HEALTHY,True
TLM-000962,ENT-06,AST-00200,2024-02-01 00:00:00+00:00,2024-03-01 00:00:00+00:00,NETWORK_FLOW,23469,0.857,HEALTHY,True
TLM-000963,ENT-06,AST-00200,2024-03-01 00:00:00+00:00,2024-04-01 00:00:00+00:00,NETWORK_FLOW,24457,0.8099,HEALTHY,True
TLM-000964,ENT-06,AST-00200,2024-04-01 00:00:00+00:00,2024-05-01 00:00:00+00:00,NETWORK_FLOW,32792,0.9961,HEALTHY,True
TLM-000965,ENT-06,AST-00200,2024-05-01 00:00:00+00:00,2024-06-01 00:00:00+00:00,NETWORK_FLOW,32995,1.0155,HEALTHY,True
TLM-000966,ENT-06,AST-00200,2024-06-01 00:00:00+00:00,2024-07-01 00:00:00+00:00,NETWORK_FLOW,35385,0.6053,HEALTHY,True
TLM-000967,ENT-06,AST-00201,2024-01-01 00:00:00+00:00,2024-02-01 00:00:00+00:00,FILE_INTEGRITY,2652,1.109,HEALTHY,True
TLM-000968,ENT-06,AST-00201,2024-02-01 00:00:00+00:00,2024-03-01 00:00:00+00:00,FILE_INTEGRITY,2203,0.7926,HEALTHY,True
TLM-000969,ENT-06,AST-00201,2024-03-01 00:00:00+00:00,2024-04-01 00:00:00+00:00,FILE_INTEGRITY,3491,1.0498,HEALTHY,True
TLM-000970,ENT-06,AST-00201,2024-04-01 00:00:00+00:00,2024-05-01 00:00:00+00:00,FILE_INTEGRITY,3234,1.1446,HEALTHY,True
TLM-000971,ENT-06,AST-00201,2024-05-01 00:00:00+00:00,2024-06-01 00:00:00+00:00,FILE_INTEGRITY,2451,1.1377,HEALTHY,True
TLM-000972,ENT-06,AST-00201,2024-06-01 00:00:00+00:00,2024-07-01 00:00:00+00:00,FILE_INTEGRITY,2824,1.2054,HEALTHY,True
TLM-000973,ENT-04,AST-00207,2024-01-01 00:00:00+00:00,2024-02-01 00:00:00+00:00,AUTHENTICATION,15545,0.9585,HEALTHY,True
TLM-000974,ENT-04,AST-00207,2024-02-01 00:00:00+00:00,2024-03-01 00:00:00+00:00,AUTHENTICATION,22270,1.1447,HEALTHY,True
TLM-000975,ENT-04,AST-00207,2024-03-01 00:00:00+00:00,2024-04-01 00:00:00+00:00,AUTHENTICATION,19003,1.073,DEGRADED,True
TLM-000976,ENT-05,AST-00208,2024-01-01 00:00:00+00:00,2024-02-01 00:00:00+00:00,AUTHENTICATION,15332,1.2532,HEALTHY,True
TLM-000977,ENT-05,AST-00208,2024-02-01 00:00:00+00:00,2024-03-01 00:00:00+00:00,AUTHENTICATION,15592,1.074,HEALTHY,True
TLM-000978,ENT-05,AST-00208,2024-03-01 00:00:00+00:00,2024-04-01 00:00:00+00:00,AUTHENTICATION,20871,1.0514,DEGRADED,True
